100,10.,1.685106529524921e-7
100,12.589254117941673,2.4453035714825724e-7
100,15.848931924611131,3.57390887086478e-7
100,19.952623149688794,5.271109372404486e-7
100,25.118864315095795,7.864774315913389e-7
100,31.622776601683793,1.1908961885219267e-6
100,39.810717055349734,1.837463382918335e-6
100,50.11872336272722,2.903542090295411e-6
100,63.09573444801933,4.728338825610925e-6
100,79.43282347242815,7.99238799439354e-6
100,100.,0.000014120456115250634
100,125.89254117941675,0.000026146807919843094
100,158.48931924611142,0.00005010134491979702
100,199.52623149688787,0.00009417721936112807
100,251.18864315095797,0.00015479615043129168
100,316.227766016838,0.0002014803496440529
100,398.1071705534973,0.00022032170426073308
100,501.18723362727246,0.00023918829922645184
100,630.9573444801931,0.00030371141635228524
100,794.3282347242822,0.00048486440392392756
100,1000.000000000001,0.0008229155749603978
100,1258.9254117941687,0.0011541726234895304
100,1584.893192461114,0.0014656534404483181
100,1995.262314968881,0.0020728384271247553
100,2511.886431509582,0.002939350407219445
100,3162.2776601683827,0.004011740790176959
100,3981.071705534978,0.005590557384324688
100,5011.872336272724,0.00771199018905905
100,6309.573444801936,0.010619533417436117
100,7943.282347242823,0.014561378536288506
100,10000.,0.01991972593298069
100,12589.254117941662,0.027458769996648143
100,15848.931924611112,0.03890138132991236
100,19952.62314968879,0.05723194091931788
100,25118.86431509577,0.08622749525631399
100,31622.776601683792,0.13211241404192225
100,39810.71705534969,0.206208634827487
100,50118.72336272726,0.3246155903671819
100,63095.7344480193,0.49173158756042773
100,79432.82347242822,0.6256160211365774
100,100000.,0.6010313327089953
100,125892.54117941689,0.4903613442629256
100,158489.31924611138,0.36085069578246703
100,199526.23149688792,0.2368109897948789
100,251188.6431509577,0.13507383074504684
100,316227.7660168379,0.0648226465212799
100,398107.1705534969,0.025147730943690303
100,501187.23362727254,0.007512108274232206
100,630957.344480193,0.0016304025186134419
100,794328.2347242822,0.00024032759631254113
100,1.e6,0.000022312223239812547
150,10.,5.208902563988917e-8
150,12.589254117941675,7.53241587470672e-8
150,15.848931924611133,1.0960108484146806e-7
150,19.952623149688797,1.6073621579634287e-7
150,25.118864315095795,2.3809918314676423e-7
150,31.622776601683793,3.5721629837526803e-7
150,39.810717055349734,5.446813279221148e-7
150,50.11872336272722,8.478138360418187e-7
150,63.09573444801932,1.3545024783860715e-6
150,79.43282347242814,2.235733150064767e-6
150,100.,3.83972653187076e-6
150,125.89254117941675,6.89996942299962e-6
150,158.48931924611145,0.000012944842310569211
150,199.52623149688787,0.00002469350614041912
150,251.18864315095794,0.00004425975044901943
150,316.22776601683796,0.00006585332736301099
150,398.1071705534974,0.00007807611820093964
150,501.18723362727246,0.00008300617420079571
150,630.9573444801931,0.00009378153255821994
150,794.3282347242821,0.0001301145950947003
150,1000.0000000000011,0.00022310555959728856
150,1258.9254117941687,0.00037178219385823635
150,1584.8931924611143,0.0004961275522456393
150,1995.2623149688811,0.0006356243100644085
150,2511.886431509582,0.0009144092095919555
150,3162.2776601683827,0.0012676605271232121
150,3981.071705534978,0.0017174365105542936
150,5011.872336272725,0.002364679013360404
150,6309.573444801936,0.003226609513456212
150,7943.282347242824,0.004410412337743459
150,9999.999999999998,0.006022549046854982
150,12589.254117941662,0.008205664775982608
150,15848.931924611108,0.011146192972187526
150,19952.62314968879,0.01508775122552268
150,25118.864315095772,0.020422612102085763
150,31622.776601683796,0.028044683811027777
150,39810.71705534969,0.040055659536662284
150,50118.72336272726,0.05943759833939629
150,63095.734448019306,0.09009071425199697
150,79432.82347242821,0.13916989311169684
150,100000.,0.2194718243429127
150,125892.54117941689,0.3477449809800531
150,158489.31924611138,0.5180144974097675
150,199526.2314968879,0.6102165757894022
150,251188.6431509577,0.5431010220624426
150,316227.7660168379,0.42113338313903653
150,398107.1705534969,0.29331332427898615
150,501187.2336272725,0.17991790912043432
150,630957.344480193,0.09436472477571167
150,794328.2347242823,0.04077921732982861
150,1.e6,0.01386574454549611
200,10.,2.3127941835047777e-8
200,12.589254117941673,3.337464312052802e-8
200,15.848931924611131,4.843319335007439e-8
200,19.952623149688794,7.079022707220126e-8
200,25.118864315095795,1.044107497377503e-7
200,31.622776601683793,1.557859387537973e-7
200,39.810717055349734,2.358768406316247e-7
200,50.11872336272722,3.638683440360657e-7
200,63.09573444801933,5.747354716233057e-7
200,79.43282347242815,9.35158577266665e-7
200,100.,1.5782495204937254e-6
200,125.89254117941675,2.7804110442861857e-6
200,158.48931924611142,5.121860257792911e-6
200,199.52623149688787,9.723548085281197e-6
200,251.18864315095797,0.00001799964529389785
200,316.227766016838,0.0000290166926091526
200,398.1071705534973,0.00003721145299008616
200,501.18723362727246,0.00004039360395093243
200,630.9573444801931,0.00004356053555154644
200,794.3282347242822,0.00005474041234553089
200,1000.000000000001,0.00008744366295381203
200,1258.9254117941687,0.00015537475755016426
200,1584.893192461114,0.00023185680344789834
200,1995.262314968881,0.0002920298908678873
200,2511.886431509582,0.0003981601282619524
200,3162.2776601683827,0.0005757643768434206
200,3981.071705534978,0.0007732506353261186
200,5011.872336272724,0.001061580668455191
200,6309.573444801936,0.0014418581417442711
200,7943.282347242823,0.0019580398375265116
200,10000.,0.002648051838425383
200,12589.254117941662,0.003581811353983469
200,15848.931924611112,0.0048494669932370865
200,19952.62314968879,0.006564903964670023
200,25118.86431509577,0.008876260423573751
200,31622.776601683792,0.011969541187538808
200,39810.71705534969,0.016098233425712035
200,50118.72336272726,0.021722840985965546
200,63095.7344480193,0.030063583235198976
200,79432.82347242822,0.043634258008003746
200,100000.,0.06541833107594662
200,125892.54117941689,0.10003835659394368
200,158489.31924611138,0.15624857763714092
200,199526.23149688792,0.24901430463249685
200,251188.6431509577,0.39386525307184134
200,316227.7660168379,0.5564833431183653
200,398107.1705534969,0.5808700694562857
200,501187.23362727254,0.4795943483795073
200,630957.344480193,0.3524530788008097
200,794328.2347242822,0.23065091607356392
200,1.e6,0.13101278134482547
250,10.,1.241962441796069e-8
250,12.589254117941673,1.789611940801504e-8
250,15.848931924611135,2.5923082462369497e-8
250,19.952623149688794,3.780083999566481e-8
250,25.118864315095795,5.5587915071779535e-8
250,31.622776601683793,8.262558035196747e-8
250,39.810717055349734,1.2449924664838882e-7
250,50.11872336272723,1.9087090583087687e-7
250,63.09573444801933,2.9912090876958984e-7
250,79.43282347242815,4.819005067738602e-7
250,100.,8.03412775643528e-7
250,125.89254117941672,1.3953043532558802e-6
250,158.48931924611142,2.533453291538003e-6
250,199.5262314968879,4.770063475120226e-6
250,251.18864315095794,8.944189877377643e-6
250,316.22776601683796,0.000015150256127989236
250,398.1071705534974,0.00002073600819562735
250,501.18723362727246,0.00002324940873208949
250,630.957344480193,0.00002463570133989119
250,794.3282347242822,0.000029020091704148005
250,1000.0000000000011,0.000042917005469044796
250,1258.9254117941687,0.00007590430695743967
250,1584.893192461114,0.00012304945615890906
250,1995.2623149688807,0.00016072491124830693
250,2511.8864315095825,0.0002100737566390295
250,3162.2776601683827,0.0003073918357758979
250,3981.0717055349774,0.0004236287969860481
250,5011.872336272726,0.0005729279872714356
250,6309.573444801936,0.0007848935730764725
250,7943.282347242822,0.00106156390355937
250,10000.,0.0014329586172014954
250,12589.254117941664,0.001928902243305093
250,15848.93192461111,0.00259081352542792
250,19952.623149688785,0.003480606878573819
250,25118.86431509577,0.004684342696892406
250,31622.77660168379,0.0063102056964586
250,39810.71705534969,0.008497545098623193
250,50118.72336272726,0.011421079626727568
250,63095.7344480193,0.015313187102469145
250,79432.82347242821,0.020586804995665405
250,100000.,0.028369575847256065
250,125892.54117941688,0.041108621968923606
250,158489.31924611138,0.06165507115910973
250,199526.23149688792,0.09439029780159766
250,251188.64315095768,0.14767422131092367
250,316227.7660168379,0.2361903202191872
250,398107.17055349686,0.3764975493003683
250,501187.2336272725,0.540434462760685
250,630957.344480193,0.5702379841001053
250,794328.2347242822,0.46898625785331394
250,1.e6,0.34214618788211204
300,10.,7.514030673962684e-9
300,12.589254117941675,1.081583555217255e-8
300,15.848931924611133,1.5645884842896405e-8
300,19.952623149688797,2.277551871602028e-8
300,25.118864315095795,3.341928392469123e-8
300,31.622776601683793,4.953596138043817e-8
300,39.810717055349734,7.437524149994591e-8
300,50.11872336272722,1.1350926794674428e-7
300,63.09573444801932,1.7686068871055835e-7
300,79.43282347242814,2.8286232224395013e-7
300,100.,4.6733513937935265e-7
300,125.89254117941675,8.029587850449668e-7
300,158.48931924611145,1.441391720879991e-6
300,199.52623149688787,2.6914922563957586e-6
300,251.18864315095794,5.0699906307283686e-6
300,316.22776601683796,8.861897878774606e-6
300,398.1071705534974,0.000012771406621161552
300,501.18723362727246,0.000014821806536733127
300,630.9573444801931,0.000015654266662910137
300,794.3282347242821,0.00001768704728970878
300,1000.0000000000011,0.0000245046925361863
300,1258.9254117941687,0.00004190792624948407
300,1584.8931924611143,0.00007067544373268368
300,1995.2623149688811,0.00009632238528317009
300,2511.886431509582,0.00012363443745157354
300,3162.2776601683827,0.0001801843756052786
300,3981.071705534978,0.0002583180020184558
300,5011.872336272725,0.00034700980610610034
300,6309.573444801936,0.00047881595174129846
300,7943.282347242824,0.0006469051213740688
300,9999.999999999998,0.0008746268035116878
300,12589.254117941662,0.0011758784639186617
300,15848.931924611108,0.001575808956406861
300,19952.62314968879,0.002107056674499616
300,25118.864315095772,0.0028153880226479016
300,31622.776601683796,0.0037680676083621974
300,39810.71705534969,0.005055589546982334
300,50118.72336272726,0.006790649270943744
300,63095.734448019306,0.009117477575496007
300,79432.82347242821,0.012216711855409026
300,100000.,0.01634498685529745
300,125892.54117941689,0.022020728988944444
300,158489.31924611138,0.03079281977536861
300,199526.2314968879,0.045296375465947905
300,251188.6431509577,0.06854757481611053
300,316227.7660168379,0.1058410656448889
300,398107.1705534969,0.1673505374617998
300,501187.2336272725,0.2696896852957207
300,630957.344480193,0.4251618241014249
300,794328.2347242823,0.5639147902640305
300,1.e6,0.5323289373116282
400,10.,3.418776922516388e-9
400,12.589254117941673,4.9135538908420835e-9
400,15.848931924611131,7.094082975693691e-9
400,19.952623149688794,1.0301454307858793e-8
400,25.118864315095795,1.506857274065057e-8
400,31.622776601683793,2.224691433877177e-8
400,39.810717055349734,3.323360837812379e-8
400,50.11872336272722,5.039355779596736e-8
400,63.09573444801933,7.78760381658904e-8
400,79.43282347242815,1.232617509928937e-7
400,100.,2.0102314156340245e-7
400,125.89254117941675,3.4003479057453093e-7
400,158.48931924611142,5.999495352600029e-7
400,199.52623149688787,1.1039806747550275e-6
400,251.18864315095797,2.079335310517244e-6
400,316.227766016838,3.7666487727203282e-6
400,398.1071705534973,5.8539282488304006e-6
400,501.18723362727246,7.25971388645118e-6
400,630.9573444801931,7.76707831032239e-6
400,794.3282347242822,8.37747249261137e-6
400,1000.000000000001,0.000010562714175795554
400,1258.9254117941687,0.000016696222636762762
400,1584.893192461114,0.000028723572636411294
400,1995.262314968881,0.000041848447890614174
400,2511.886431509582,0.00005320756441123586
400,3162.2776601683827,0.0000750461620272775
400,3981.071705534978,0.00011464183828404196
400,5011.872336272724,0.00015789007028765853
400,6309.573444801936,0.00021752460150277744
400,7943.282347242823,0.0002977071025486702
400,10000.,0.0004032711768019175
400,12589.254117941662,0.0005428109785209404
400,15848.931924611112,0.0007277024607600328
400,19952.62314968879,0.0009716039807526609
400,25118.86431509577,0.0012935359320139436
400,31622.776601683792,0.0017186542579937206
400,39810.71705534969,0.0022811252336999064
400,50118.72336272726,0.0030304707237656437
400,63095.7344480193,0.004039645264530937
400,79432.82347242822,0.005401883918923487
400,100000.,0.007234101255229743
400,125892.54117941689,0.009682204462257744
400,158489.31924611138,0.012929151423405253
400,199526.23149688792,0.017258911572177814
400,251188.6431509577,0.023382884522913927
400,316227.7660168379,0.03333265872734607
400,398107.1705534969,0.04966766521391222
400,501187.23362727254,0.07560391753533058
400,630957.344480193,0.11666064280260394
400,794328.2347242822,0.17963427494622536
400,1.e6,0.2499802198475464
500,10.,1.8688093374272498e-9
500,12.589254117941673,2.6830360565846905e-9
500,15.848931924611135,3.868475767128489e-9
500,19.952623149688794,5.607861560832871e-9
500,25.118864315095795,8.185111744020945e-9
500,31.622776601683793,1.2050873877978494e-8
500,39.810717055349734,1.7938792382126605e-8
500,50.11872336272723,2.7079295248766878e-8
500,63.09573444801933,4.160830682168933e-8
500,79.43282347242815,6.53814276371817e-8
500,100.,1.0566384774287945e-7
500,125.89254117941672,1.7676399213565863e-7
500,158.48931924611142,3.079594467009761e-7
500,199.5262314968879,5.599096909746373e-7
500,251.18864315095794,1.0496768100105568e-6
500,316.22776601683796,1.9341966243302845e-6
500,398.1071705534974,3.159512354140331e-6
500,501.18723362727246,4.1493460750043594e-6
500,630.957344480193,4.547438761318686e-6
500,794.3282347242822,4.807386987529601e-6
500,1000.0000000000011,5.706249260875631e-6
500,1258.9254117941687,8.423415238119482e-6
500,1584.893192461114,0.000014365382535655711
500,1995.2623149688807,0.000022037087364968473
500,2511.8864315095825,0.000028373744340886966
500,3162.2776601683827,0.00003845191760515171
500,3981.0717055349774,0.000059883336688587894
500,5011.872336272726,0.00008638887086767149
500,6309.573444801936,0.00011792975945430714
500,7943.282347242822,0.00016381745898400992
500,10000.,0.0002217629043765271
500,12589.254117941664,0.00029964352496395733
500,15848.93192461111,0.00040218402119758295
500,19952.623149688785,0.0005372165453931192
500,25118.86431509577,0.0007148970112916366
500,31622.77660168379,0.0009487025333652144
500,39810.71705534969,0.0012564135614336661
500,50118.72336272726,0.0016616201571917177
500,63095.7344480193,0.0021966821329788755
500,79432.82347242821,0.002908189987403102
500,100000.,0.0038649822204922628
500,125892.54117941688,0.005156960425585427
500,158489.31924611138,0.006894356660116908
500,199526.23149688792,0.00921399605353989
500,251188.64315095768,0.012285152267550873
500,316227.7660168379,0.01636343412330199
500,398107.17055349686,0.022073844614261453
500,501187.2336272725,0.03132860422901805
500,630957.344480193,0.046484943227546344
500,794328.2347242822,0.06990066309539933
500,1.e6,0.10290172355527441
600,10.,1.145177866993211e-9
600,12.589254117941675,1.6428084319463294e-9
600,15.848931924611133,2.366247668707585e-9
600,19.952623149688797,3.425781254648829e-9
600,25.118864315095795,4.9920463322072946e-9
600,31.622776601683793,7.3345266028913516e-9
600,39.810717055349734,1.0889320902345359e-8
600,50.11872336272722,1.638270895813155e-8
600,63.09573444801932,2.5065228237796575e-8
600,79.43282347242814,3.9173467730989615e-8
600,100.,6.28793540146743e-8
600,125.89254117941675,1.0431491688290018e-7
600,158.48931924611145,1.79979468013099e-7
600,199.52623149688787,3.240290262552287e-7
600,251.18864315095794,6.040137017595902e-7
600,316.22776601683796,1.122337280138174e-6
600,398.1071705534974,1.896385850344527e-6
600,501.18723362727246,2.6116638584883127e-6
600,630.9573444801931,2.941618969216614e-6
600,794.3282347242821,3.0887769021218976e-6
600,1000.0000000000011,3.5234068741997517e-6
600,1258.9254117941687,4.91955766907472e-6
600,1584.8931924611143,8.212135904922836e-6
600,1995.2623149688811,0.000013049033839301027
600,2511.886431509582,0.000017188450850392585
600,3162.2776601683827,0.00002259751589013312
600,3981.071705534978,0.0000348840639540455
600,5011.872336272725,0.00005263735223539592
600,6309.573444801936,0.00007190125477400926
600,7943.282347242824,0.00010051186606202834
600,9999.999999999998,0.00013644689717609722
600,12589.254117941662,0.0001849180651875618
600,15848.931924611108,0.00024829712841710315
600,19952.62314968879,0.00033194240901677715
600,25118.864315095772,0.0004420258393177945
600,31622.776601683796,0.000586490540307694
600,39810.71705534969,0.0007760475512727514
600,50118.72336272726,0.0010250601569964215
600,63095.734448019306,0.0013523597862557483
600,79432.82347242821,0.0017830190438697206
600,100000.,0.002352030595870207
600,125892.54117941689,0.0031108393004894586
600,158489.31924611138,0.004133973012927914
600,199526.2314968879,0.005514017940126625
600,251188.6431509577,0.0073656778275011355
600,316227.7660168379,0.009826531931042826
600,398107.1705534969,0.013074611644917043
600,501187.2336272725,0.017397535929664615
600,630957.344480193,0.02368826713414542
600,794328.2347242823,0.034059454125004524
600,1.e6,0.04998006001177324
700,10.,7.581187471713382e-10
700,12.589254117941673,1.0868620011018967e-9
700,15.848931924611133,1.5642180152310081e-9
700,19.952623149688797,2.2623128467686817e-9
700,25.118864315095795,3.2923667306143917e-9
700,31.622776601683796,4.829318571003424e-9
700,39.810717055349734,7.154908591116894e-9
700,50.11872336272722,1.0735696437649316e-8
700,63.09573444801933,1.6369753024250673e-8
700,79.43282347242814,2.547376176217483e-8
700,100.,4.066846895084303e-8
700,125.89254117941672,6.701866106073218e-8
700,158.48931924611142,1.1472396403081841e-7
700,199.5262314968879,2.0484835181423203e-7
700,251.18864315095794,3.796568747907594e-7
700,316.227766016838,7.082434607615937e-7
700,398.1071705534973,1.2256852495611184e-6
700,501.1872336272725,1.755968081911025e-6
700,630.957344480193,2.0334128817239293e-6
700,794.3282347242822,2.135546108845605e-6
700,1000.0000000000009,2.369796180687398e-6
700,1258.925411794169,3.1612967256200425e-6
700,1584.8931924611143,5.138931051315655e-6
700,1995.262314968881,8.35141961748636e-6
700,2511.8864315095825,0.000011290940406449153
700,3162.2776601683827,0.000014545251682838596
700,3981.0717055349774,0.000021916789536972932
700,5011.872336272725,0.00003409540839297719
700,6309.573444801937,0.000047148451074940146
700,7943.282347242823,0.00006610475959782777
700,10000.,0.00009062550913813056
700,12589.254117941662,0.0001229931209452923
700,15848.931924611108,0.00016534222362793287
700,19952.62314968879,0.00022129272740993886
700,25118.86431509577,0.00029480667655005876
700,31622.776601683792,0.0003913182359565797
700,39810.71705534969,0.0005178288007989381
700,50118.72336272724,0.0006835382451082258
700,63095.73444801929,0.0009008804567954
700,79432.82347242821,0.0011861429473487939
700,100000.,0.0015610634829530728
700,125892.54117941689,0.0020550636258540303
700,158489.31924611138,0.0027101717731401603
700,199526.23149688792,0.003590009469473723
700,251188.64315095768,0.004778291400415303
700,316227.7660168379,0.00637581467981169
700,398107.17055349686,0.008506208616902978
700,501187.2336272725,0.011315917744676007
700,630957.344480193,0.015011118091125703
700,794328.2347242822,0.020043182067842225
700,1.0000000000000001e6,0.027891363323969236
800,10.,5.31740053684149e-10
800,12.589254117941673,7.619219219212125e-10
800,15.848931924611131,1.095840247009479e-9
800,19.952623149688794,1.5835805831135044e-9
800,25.118864315095795,2.302162454584555e-9
800,31.622776601683793,3.3723275102663285e-9
800,39.810717055349734,4.987760846786688e-9
800,50.11872336272722,7.467706048451365e-9
800,63.09573444801933,1.1355276377869028e-8
800,79.43282347242815,1.7608582521807254e-8
800,100.,2.7987818798328368e-8
800,125.89254117941675,4.587004261299199e-8
800,158.48931924611142,7.80112528338878e-8
800,199.52623149688787,1.3832012840475276e-7
800,251.18864315095797,2.5494706069407406e-7
800,316.227766016838,4.7625172882387286e-7
800,398.1071705534973,8.383602031051349e-7
800,501.18723362727246,1.2406375028156395e-6
800,630.9573444801931,1.4752197146928387e-6
800,794.3282347242822,1.5559512160251188e-6
800,1000.000000000001,1.6936913937662705e-6
800,1258.9254117941687,2.177161167736575e-6
800,1584.893192461114,3.442473087178696e-6
800,1995.262314968881,5.665874599655721e-6
800,2511.886431509582,7.858315114424454e-6
800,3162.2776601683827,0.000010004169652484628
800,3981.071705534978,0.000014619600518601504
800,5011.872336272724,0.000022991126157090783
800,6309.573444801936,0.000032277451095928246
800,7943.282347242823,0.00004541547872046026
800,10000.,0.00006331849181713177
800,12589.254117941662,0.00008623745979690322
800,15848.931924611112,0.00011635467136982516
800,19952.62314968879,0.0001559477259855689
800,25118.86431509577,0.00020784790673604128
800,31622.776601683792,0.00027596812752154044
800,39810.71705534969,0.0003652885781083663
800,50118.72336272726,0.00048223090037016785
800,63095.7344480193,0.0006352764639011597
800,79432.82347242822,0.0008357449715905141
800,100000.,0.0010985895628143876
800,125892.54117941689,0.0014437785117531288
800,158489.31924611138,0.0018980131856370676
800,199526.23149688792,0.0024989478913227973
800,251188.6431509577,0.0033033470540057494
800,316227.7660168379,0.004389537729435294
800,398107.1705534969,0.005850995777386559
800,501187.23362727254,0.007802450245985014
800,630957.344480193,0.010374079148462707
800,794328.2347242822,0.013731017696115542
800,1.e6,0.018133401923231117
900,10.,3.89485016531642e-10
900,12.589254117941673,5.578436487268869e-10
900,15.848931924611135,8.01880568349389e-10
900,19.952623149688794,1.1579749551597926e-9
900,25.118864315095795,1.6819387857824512e-9
900,31.622776601683796,2.461021749230764e-9
900,39.810717055349734,3.6347154241554207e-9
900,50.11872336272722,5.432030548863296e-9
900,63.09573444801932,8.24077840111412e-9
900,79.43282347242814,1.2741490729667723e-8
900,100.,2.0177046417149384e-8
900,125.89254117941675,3.2917108401723227e-8
900,158.48931924611142,5.5674615702193086e-8
900,199.5262314968879,9.81198263456757e-8
900,251.18864315095794,1.799297433571288e-7
900,316.22776601683796,3.361047892179615e-7
900,398.1071705534973,5.990826226941567e-7
900,501.1872336272724,9.107247244328864e-7
900,630.957344480193,1.110144045710726e-6
900,794.3282347242821,1.1787228288677061e-6
900,1000.000000000001,1.2656240273710515e-6
900,1258.9254117941687,1.5780827954493007e-6
900,1584.893192461114,2.428644641389129e-6
900,1995.262314968881,4.020573109238734e-6
900,2511.8864315095825,5.709891488237686e-6
900,3162.2776601683827,7.232255000521112e-6
900,3981.0717055349783,0.000010257907621644105
900,5011.872336272725,0.000016088864605413427
900,6309.573444801936,0.000022848154614587188
900,7943.282347242822,0.000032211506359870036
900,9999.999999999998,0.000045787213278547574
900,12589.254117941664,0.00006277202701204909
900,15848.931924611108,0.0000852285671984028
900,19952.62314968879,0.00011450140167129898
900,25118.86431509577,0.0001527593385740594
900,31622.776601683792,0.00020293026923469098
900,39810.71705534969,0.00026868703702793474
900,50118.72336272725,0.00035480570127618526
900,63095.73444801929,0.0004674369484242403
900,79432.82347242821,0.0006146570024067684
900,99999.99999999999,0.0008073886866881943
900,125892.5411794169,0.0010599649477392322
900,158489.3192461114,0.0013914797485986361
900,199526.23149688792,0.0018274832807104837
900,251188.64315095768,0.0024036266092704716
900,316227.7660168379,0.0031736911887169784
900,398107.1705534969,0.004213436921975867
900,501187.23362727254,0.005612147303033518
900,630957.3444801931,0.007478244027259536
900,794328.2347242822,0.009929411394458576
900,1.e6,0.013091657703962296
1000,10.,2.9463937268549037e-10
1000,12.589254117941673,4.2184206608371306e-10
1000,15.848931924611135,6.060959131620324e-10
1000,19.952623149688794,8.747225708971025e-10
1000,25.118864315095795,1.2695538471701527e-9
1000,31.622776601683793,1.8558261155531412e-9
1000,39.810717055349734,2.7375353642391654e-9
1000,50.11872336272723,4.08483417988477e-9
1000,63.09573444801933,6.184713814812141e-9
1000,79.43282347242815,9.538482966199523e-9
1000,100.,1.505701378438896e-8
1000,125.89254117941672,2.4467492726006423e-8
1000,158.48931924611142,4.118723463193854e-8
1000,199.5262314968879,7.220536012870994e-8
1000,251.18864315095794,1.3179407757364643e-7
1000,316.22776601683796,2.460138346779593e-7
1000,398.1071705534974,4.427401261373738e-7
1000,501.18723362727246,6.887249000092907e-7
1000,630.957344480193,8.594248426388178e-7
1000,794.3282347242822,9.199998052168156e-7
1000,1000.0000000000011,9.780172684644254e-7
1000,1258.9254117941687,1.188541792825494e-6
1000,1584.893192461114,1.7823801092956507e-6
1000,1995.2623149688807,2.9541132814833856e-6
1000,2511.8864315095825,4.287072065542329e-6
1000,3162.2776601683827,5.430330593602502e-6
1000,3981.0717055349774,7.507041550179067e-6
1000,5011.872336272726,0.000011689234799470293
1000,6309.573444801936,0.00001676228961015951
1000,7943.282347242822,0.000023606467005198046
1000,10000.,0.00003412622988725456
1000,12589.254117941664,0.000047145616274171306
1000,15848.93192461111,0.00006443095127906884
1000,19952.623149688785,0.00008676818401193517
1000,25118.86431509577,0.00011591498224912969
1000,31622.77660168379,0.0001540963835658622
1000,39810.71705534969,0.00020412254969928375
1000,50118.72336272726,0.00026959982322056206
1000,63095.7344480193,0.0003552598869118821
1000,79432.82347242821,0.0004672036991366103
1000,100000.,0.0006134256022307262
1000,125892.54117941688,0.0008048076054727543
1000,158489.31924611138,0.00105561667999736
1000,199526.23149688792,0.001384685080417885
1000,251188.64315095768,0.001817314912325386
1000,316227.7660168379,0.0023888850245297084
1000,398107.17055349686,0.0031530057693022425
1000,501187.2336272725,0.00418441339156393
1000,630957.344480193,0.005570264862522146
1000,794328.2347242822,0.007413737407497107
1000,1.e6,0.009815129105640216
1100,10.,2.2956129416893049e-10
1100,12.589254117941673,3.285593990987329e-10
1100,15.848931924611133,4.718711174122399e-10
1100,19.952623149688797,6.806470874343256e-10
1100,25.118864315095795,9.872128175781158e-10
1100,31.622776601683796,1.4418710200514425e-9
1100,39.81071705534974,2.1246048056582646e-9
1100,50.11872336272723,3.1658794490537373e-9
1100,63.09573444801932,4.784962806375793e-9
1100,79.43282347242814,7.363295227339804e-9
1100,100.,1.1590753163394338e-8
1100,125.89254117941674,1.8768974099780315e-8
1100,158.48931924611142,3.146080577643228e-8
1100,199.5262314968879,5.488989467943193e-8
1100,251.18864315095797,9.974263337955895e-8
1100,316.22776601683796,1.8591024742285502e-7
1100,398.1071705534973,3.3691138296049725e-7
1100,501.18723362727246,5.342364440576607e-7
1100,630.957344480193,6.811626556760335e-7
1100,794.3282347242821,7.35883951961741e-7
1100,1000.0000000000011,7.76967969760517e-7
1100,1258.9254117941687,9.243589198282387e-7
1100,1584.893192461114,1.3532308752334642e-6
1100,1995.2623149688807,2.2371027053819196e-6
1100,2511.8864315095825,3.3080390460563907e-6
1100,3162.277660168382,4.205763224219875e-6
1100,3981.0717055349783,5.693806719646876e-6
1100,5011.872336272725,8.785411459661716e-6
1100,6309.573444801936,0.000012714292131836663
1100,7943.282347242823,0.000017866791326002255
1100,10000.,0.000026157700253304016
1100,12589.25411794166,0.000036427460669759015
1100,15848.93192461111,0.000050082148356470866
1100,19952.623149688792,0.00006762222560707161
1100,25118.864315095765,0.0000904857517847424
1100,31622.776601683792,0.00012032910128981117
1100,39810.71705534969,0.00015936422779591982
1100,50118.72336272726,0.00021051639776684475
1100,63095.734448019306,0.0002774263359455145
1100,79432.82347242821,0.00036489773398327286
1100,100000.,0.0004791400704766347
1100,125892.54117941688,0.0006283789448310031
1100,158489.3192461114,0.0008236196592063668
1100,199526.2314968879,0.0010794249495016625
1100,251188.64315095768,0.0014150253672260123
1100,316227.7660168379,0.0018563384325684519
1100,398107.1705534969,0.002439811404705552
1100,501187.2336272725,0.0032208528743789752
1100,630957.344480193,0.004274657219670375
1100,794328.2347242823,0.005686753542190089
1100,1.0000000000000001e6,0.007552067291585198
1200,10.,1.8268437174796665e-10
1200,12.589254117941675,2.6139154505427574e-10
1200,15.848931924611133,3.7526913850501206e-10
1200,19.952623149688797,5.410547575057681e-10
1200,25.118864315095795,7.842893338940734e-10
1200,31.622776601683793,1.144643114600945e-9
1200,39.810717055349734,1.6850513630617163e-9
1200,50.11872336272722,2.5078983330478646e-9
1200,63.09573444801932,3.784721467712108e-9
1200,79.43282347242814,5.8128588547590134e-9
1200,100.,9.127909196270833e-9
1200,125.89254117941675,1.473602367776377e-8
1200,158.48931924611145,2.460977997936053e-8
1200,199.52623149688787,4.2757251368661536e-8
1200,251.18864315095794,7.738784417605436e-8
1200,316.22776601683796,1.4401740276643092e-7
1200,398.1071705534974,2.6243698114766703e-7
1200,501.18723362727246,4.230812521196661e-7
1200,630.9573444801931,5.503240633920559e-7
1200,794.3282347242821,6.003186610318168e-7
1200,1000.0000000000011,6.309271703048113e-7
1200,1258.9254117941687,7.374598215357347e-7
1200,1584.8931924611143,1.0563077524529309e-6
1200,1995.2623149688811,1.7379447772017004e-6
1200,2511.886431509582,2.6111600910814357e-6
1200,3162.2776601683827,3.3390457339462407e-6
1200,3981.071705534978,4.444931644121111e-6
1200,5011.872336272725,6.789617045908077e-6
1200,6309.573444801936,9.90261458270966e-6
1200,7943.282347242824,0.000013876007129886346
1200,9999.999999999998,0.00002049909402443032
1200,12589.254117941662,0.00002879807122514251
1200,15848.931924611108,0.00003980235428916865
1200,19952.62314968879,0.00005389002104781776
1200,25118.864315095772,0.00007222987962532106
1200,31622.776601683796,0.00009611547326419176
1200,39810.71705534969,0.00012728528603205968
1200,50118.72336272726,0.0001680377220919646
1200,63095.734448019306,0.00022139694773397946
1200,79432.82347242821,0.0002911968068667141
1200,100000.,0.00038242413499555735
1200,125892.54117941689,0.0005014408359253733
1200,158489.31924611138,0.0006569038009646398
1200,199526.2314968879,0.000860388064400804
1200,251188.6431509577,0.001127031856750471
1200,316227.7660168379,0.00147688361753402
1200,398107.1705534969,0.0019370268997896448
1200,501187.2336272725,0.002546306220448018
1200,630957.344480193,0.0033636687642055814
1200,794328.2347242823,0.004464524485503248
1200,1.e6,0.005931640558767972
1300,10.,1.4813184865611006e-10
1300,12.589254117941673,2.118986229648671e-10
1300,15.848931924611135,3.041163633684498e-10
1300,19.952623149688794,4.3828983012767963e-10
1300,25.118864315095795,6.349982344643226e-10
1300,31.622776601683796,9.261518961154251e-10
1300,39.810717055349734,1.3622741401875253e-9
1300,50.11872336272722,2.0253627058868353e-9
1300,63.09573444801933,3.052418037419529e-9
1300,79.43282347242815,4.680153247617065e-9
1300,100.,7.333423973870443e-9
1300,125.89254117941675,1.1807221512530422e-8
1300,158.48931924611142,1.9654077538478336e-8
1300,199.5262314968879,3.4019256283184976e-8
1300,251.18864315095794,6.13485558329494e-8
1300,316.2277660168379,1.139721834666924e-7
1300,398.10717055349744,2.0856990709231926e-7
1300,501.1872336272724,3.4103493893003317e-7
1300,630.957344480193,4.5181370543232997e-7
1300,794.3282347242821,4.977008889366367e-7
1300,1000.0000000000009,5.21376406697103e-7
1300,1258.9254117941687,6.000193089421315e-7
1300,1584.8931924611143,8.418771351700754e-7
1300,1995.2623149688807,1.376203182116374e-6
1300,2511.886431509582,2.0970645232721436e-6
1300,3162.2776601683827,2.701769703845043e-6
1300,3981.071705534978,3.546090463214779e-6
1300,5011.872336272724,5.358572087010397e-6
1300,6309.573444801937,7.872903635366189e-6
1300,7943.282347242822,0.000011000927375139016
1300,10000.,0.000016344196149086
1300,12589.254117941664,0.000023190296584082207
1300,15848.931924611106,0.00003219193573726397
1300,19952.62314968879,0.00004368758339252047
1300,25118.864315095772,0.00005864359454865231
1300,31622.776601683792,0.00007809134426453873
1300,39810.71705534969,0.00010346985816707494
1300,50118.72336272725,0.0001366330440400321
1300,63095.7344480193,0.00017997579797049212
1300,79432.82347242821,0.00023668235485890959
1300,100000.,0.00031082675660761895
1300,125892.54117941689,0.0004076155416729596
1300,158489.3192461114,0.0005338674390880085
1300,199526.23149688792,0.0006988783224528292
1300,251188.64315095765,0.000914870394554939
1300,316227.7660168379,0.001197927863958886
1300,398107.1705534969,0.0015693958556280592
1300,501187.2336272725,0.0020583692131002284
1300,630957.344480193,0.0027073926694699763
1300,794328.2347242822,0.0035798478852661344
1300,1.0000000000000001e6,0.004749737815100082
1400,10.,1.2211323807228558e-10
1400,12.589254117941673,1.7463792583400182e-10
1400,15.848931924611133,2.5056412865169137e-10
1400,19.952623149688797,3.6097267613374824e-10
1400,25.118864315095795,5.22727042510028e-10
1400,31.622776601683796,7.619347211476015e-10
1400,39.810717055349734,1.1198535863546614e-9
1400,50.11872336272722,1.6632942718766256e-9
1400,63.09573444801933,2.5035905939439467e-9
1400,79.43282347242814,3.8325263574770715e-9
1400,100.,5.9931401543298565e-9
1400,125.89254117941672,9.624933306504745e-9
1400,158.48931924611142,1.597208883011568e-8
1400,199.5262314968879,2.7547616810114523e-8
1400,251.18864315095794,4.950137279909593e-8
1400,316.227766016838,9.178027517464044e-8
1400,398.1071705534973,1.6849702008264775e-7
1400,501.1872336272725,2.789482712381783e-7
1400,630.957344480193,3.760120151075486e-7
1400,794.3282347242822,4.1847515071953613e-7
1400,1000.0000000000009,4.376785060733292e-7
1400,1258.925411794169,4.972406713716939e-7
1400,1584.8931924611143,6.847970731516706e-7
1400,1995.262314968881,1.1109184163888e-6
1400,2511.8864315095825,1.712562434970943e-6
1400,3162.2776601683827,2.2247116383481853e-6
1400,3981.0717055349774,2.887600971231623e-6
1400,5011.872336272725,4.316408487832372e-6
1400,6309.573444801937,6.3811678317019335e-6
1400,7943.282347242823,8.897400637117082e-6
1400,10000.,0.000013240670185470828
1400,12589.254117941662,0.00001895188601788334
1400,15848.931924611108,0.000026430893673915366
1400,19952.62314968879,0.00003602487609328911
1400,25118.86431509577,0.00004847448752423202
1400,31622.776601683792,0.00006459555239862096
1400,39810.71705534969,0.00008555948275160017
1400,50118.72336272724,0.0001129079776845242
1400,63095.73444801929,0.0001486810138064528
1400,79432.82347242821,0.0001954640818946071
1400,100000.,0.00025665498023786607
1400,125892.54117941689,0.0003366010362792503
1400,158489.31924611138,0.0004408788226006368
1400,199526.23149688792,0.0005769641778672634
1400,251188.64315095768,0.0007548854269909954
1400,316227.7660168379,0.0009878260005989233
1400,398107.17055349686,0.0012931469552842063
1400,501187.2336272725,0.0016940124494074639
1400,630957.344480193,0.0022223627192933526
1400,794328.2347242822,0.0029260698707783686
1400,1.0000000000000001e6,0.003871751317479344
1500,10.,1.02040823789814e-10
1500,12.589254117941673,1.4590209397608878e-10
1500,15.848931924611133,2.0928123415778093e-10
1500,19.952623149688797,3.014008963015268e-10
1500,25.11886431509579,4.362810425120645e-10
1500,31.622776601683796,6.355977514204657e-10
1500,39.810717055349734,9.3355073364118e-10
1500,50.11872336272722,1.385415200175418e-9
1500,63.09573444801933,2.0830956854991982e-9
1500,79.43282347242814,3.184496515336826e-9
1500,100.,4.971227501553399e-9
1500,125.89254117941674,7.966588932660058e-9
1500,158.48931924611142,1.3185385241772766e-8
1500,199.5262314968879,2.267193878990341e-8
1500,251.18864315095794,4.06148659228943e-8
1500,316.22776601683796,7.516768663261295e-8
1500,398.1071705534973,1.3834496053917694e-7
1500,501.18723362727246,2.314503228617154e-7
1500,630.957344480193,3.168327235748635e-7
1500,794.3282347242821,3.5604446570007305e-7
1500,1000.0000000000011,3.72013410419674e-7
1500,1258.9254117941687,4.178447573488114e-7
1500,1584.8931924611143,5.655624212630848e-7
1500,1995.2623149688807,9.098892062183813e-7
1500,2511.886431509582,1.4167518473019338e-6
1500,3162.277660168382,1.8567730505332464e-6
1500,3981.0717055349774,2.3878468013377977e-6
1500,5011.872336272725,3.529887404095748e-6
1500,6309.573444801936,5.2448170583292536e-6
1500,7943.282347242821,7.296826143765986e-6
1500,10000.,0.000010840667843549058
1500,12589.254117941664,0.00001565292491016375
1500,15848.931924611106,0.000021937247160389045
1500,19952.623149688792,0.000030030966823651122
1500,25118.86431509577,0.00004050469229989973
1500,31622.776601683792,0.00005403846202891735
1500,39810.71705534969,0.00007163270791622797
1500,50118.72336272725,0.0000945669550419028
1500,63095.7344480193,0.00012448985562390547
1500,79432.82347242821,0.0001635950490598871
1500,99999.99999999999,0.00021474195353579883
1500,125892.54117941688,0.00028161755364901754
1500,158489.3192461114,0.00036890485079650544
1500,199526.2314968879,0.00048272336042687303
1500,251188.6431509577,0.0006313414790881298
1500,316227.7660168379,0.0008257312871799878
1500,398107.1705534969,0.0010802870843606152
1500,501187.23362727254,0.0014140518832687075
1500,630957.344480193,0.0018525010503604722
1500,794328.2347242822,0.0024315974203708134
1500,1.e6,0.0032054431827861305
1600,10.,8.614651699917577e-11
1600,12.589254117941673,1.231512132238087e-10
1600,15.848931924611131,1.7660297068003788e-10
1600,19.952623149688794,2.542575150810103e-10
1600,25.118864315095795,3.678919480052281e-10
1600,31.622776601683793,5.356906572789364e-10
1600,39.810717055349734,7.862989414291493e-10
1600,50.11872336272722,1.165927883353939e-9
1600,63.09573444801933,1.7512423408785726e-9
1600,79.43282347242815,2.673627857366894e-9
1600,100.,4.1667253475719795e-9
1600,125.89254117941675,6.663330283929548e-9
1600,158.48931924611142,1.1000052923881968e-8
1600,199.52623149688787,1.8857798343613448e-8
1600,251.18864315095797,3.3679251024855504e-8
1600,316.227766016838,6.221248318414508e-8
1600,398.1071705534973,1.1474220964320151e-7
1600,501.18723362727246,1.9386562885380323e-7
1600,630.9573444801931,2.6946705039276895e-7
1600,794.3282347242822,3.0596418647285166e-7
1600,1000.000000000001,3.197169511696218e-7
1600,1258.9254117941687,3.5557201592472784e-7
1600,1584.893192461114,4.736025528042252e-7
1600,1995.262314968881,7.552335214335975e-7
1600,2511.886431509582,1.1859076016419551e-6
1600,3162.2776601683827,1.5685888009015204e-6
1600,3981.071705534978,2.0024611262944995e-6
1600,5011.872336272724,2.9279298213167056e-6
1600,6309.573444801936,4.368260991128752e-6
1600,7943.282347242823,6.067850271729057e-6
1600,10000.,8.968570829369766e-6
1600,12589.254117941662,0.000013019598365153072
1600,15848.931924611112,0.000018339151140202535
1600,19952.62314968879,0.000025286414934241105
1600,25118.86431509577,0.000034249765444049856
1600,31622.776601683792,0.00004578300933017199
1600,39810.71705534969,0.000060717188020281014
1600,50118.72336272726,0.00008013007757370447
1600,63095.7344480193,0.00010545528741478865
1600,79432.82347242822,0.0001385322536690551
1600,100000.,0.000181770511574797
1600,125892.54117941689,0.00023833242665560007
1600,158489.31924611138,0.00031222500091488445
1600,199526.23149688792,0.0004085907893648566
1600,251188.6431509577,0.0005342682368577739
1600,316227.7660168379,0.0006984736285386748
1600,398107.1705534969,0.0009133308067167602
1600,501187.23362727254,0.0011947748902031655
1600,630957.344480193,0.001563886023537476
1600,794328.2347242822,0.0020491791066872024
1600,1.e6,0.0026920701629396804
1800,10.,6.356548144556526e-11
1800,12.589254117941673,9.083975654150609e-11
1800,15.848931924611135,1.3021178407391953e-10
1800,19.952623149688794,1.8736655378083869e-10
1800,25.118864315095795,2.709207188511074e-10
1800,31.622776601683796,3.941489337422868e-10
1800,39.810717055349734,5.779060760636843e-10
1800,50.11872336272722,8.557280127172395e-10
1800,63.09573444801932,1.2830421287015373e-9
1800,79.43282347242814,1.9544240133280808e-9
1800,100.,3.037222578448075e-9
1800,125.89254117941675,4.83974233995385e-9
1800,158.48931924611142,7.954591123139547e-9
1800,199.5262314968879,1.3566620474505453e-8
1800,251.18864315095794,2.4098831457061707e-8
1800,316.22776601683796,4.434611277882744e-8
1800,398.1071705534973,8.198470507823663e-8
1800,501.1872336272724,1.406367665291458e-7
1800,630.957344480193,2.005636153818287e-7
1800,794.3282347242821,2.3209961437562173e-7
1800,1000.000000000001,2.429545360343638e-7
1800,1258.9254117941687,2.6597526298463596e-7
1800,1584.893192461114,3.445107077489381e-7
1800,1995.262314968881,5.394735885736977e-7
1800,2511.8864315095825,8.575421815479688e-7
1800,3162.2776601683827,1.1549057512642052e-6
1800,3981.0717055349783,1.4594755193529806e-6
1800,5011.872336272725,2.0896455459844003e-6
1800,6309.573444801936,3.1327569037315556e-6
1800,7943.282347242822,4.345021604888007e-6
1800,9999.999999999998,6.328343897757738e-6
1800,12589.254117941664,9.231173427488753e-6
1800,15848.931924611108,0.00001310828756428073
1800,19952.62314968879,0.00001834854802157593
1800,25118.86431509577,0.000025089610911349594
1800,31622.776601683792,0.00003372947220105109
1800,39810.71705534969,0.000044871700483856
1800,50118.72336272725,0.00005929434405468763
1800,63095.73444801929,0.00007803343985128494
1800,79432.82347242821,0.00010246829201454793
1800,99999.99999999999,0.00013436394399710453
1800,125892.5411794169,0.0001760375265558892
1800,158489.3192461114,0.0002305223096676497
1800,199526.23149688792,0.00030169932534691504
1800,251188.64315095768,0.00039449840058294097
1800,316227.7660168379,0.0005154895968655625
1800,398107.1705534969,0.0006735074890421804
1800,501187.23362727254,0.00088018644112128
1800,630957.3444801931,0.001150789658821482
1800,794328.2347242822,0.0015053688351210283
1800,1.e6,0.0019705933135871876
2000,10.,4.8347927102945334e-11
2000,12.589254117941673,6.907280514483237e-11
2000,15.848931924611135,9.8974420084844e-11
2000,19.952623149688794,1.4235224872740917e-10
2000,25.118864315095795,2.0571253802607716e-10
2000,31.622776601683793,2.990593360160177e-10
2000,39.810717055349734,4.3807288926271765e-10
2000,50.11872336272723,6.478985059239664e-10
2000,63.09573444801933,9.69961218013749e-10
2000,79.43282347242815,1.4746788741764387e-9
2000,100.,2.2861212287286605e-9
2000,125.89254117941672,3.6317827370482013e-9
2000,158.48931924611142,5.946807874522318e-9
2000,199.5262314968879,1.0097492279444121e-8
2000,251.18864315095794,1.7852606066582743e-8
2000,316.22776601683796,3.273803288476787e-8
2000,398.1071705534974,6.061696097927216e-8
2000,501.18723362727246,1.0528616725849575e-7
2000,630.957344480193,1.536069780967418e-7
2000,794.3282347242822,1.8106622463932954e-7
2000,1000.0000000000011,1.901592287252514e-7
2000,1258.9254117941687,2.0559616825948665e-7
2000,1584.893192461114,2.5990187829509635e-7
2000,1995.2623149688807,3.995747992892209e-7
2000,2511.8864315095825,6.404885479712679e-7
2000,3162.2776601683827,8.780633475418904e-7
2000,3981.0717055349774,1.1031574665484163e-6
2000,5011.872336272726,1.5487916783015374e-6
2000,6309.573444801936,2.3265004466903922e-6
2000,7943.282347242822,3.2313819489932294e-6
2000,10000.,4.6396172700563495e-6
2000,12589.254117941664,6.776340368222019e-6
2000,15848.93192461111,9.665852273472351e-6
2000,19952.623149688785,0.000013719829600848537
2000,25118.86431509577,0.00001893331520063598
2000,31622.77660168379,0.00002560837055457768
2000,39810.71705534969,0.000034191673463665625
2000,50118.72336272726,0.00004527034403751707
2000,63095.7344480193,0.00005961930871354541
2000,79432.82347242821,0.00007827120653528552
2000,100000.,0.00010258051363032302
2000,125892.54117941688,0.0001343068090843588
2000,158489.31924611138,0.00017575594311318955
2000,199526.23149688792,0.00022993016927508374
2000,251188.64315095768,0.00030068006950639776
2000,316227.7660168379,0.0003929087218584634
2000,398107.17055349686,0.0005131237056015298
2000,501187.2336272725,0.0006701050679233594
2000,630957.344480193,0.0008753909912595037
2000,794328.2347242822,0.0011440099667298803
2000,1.e6,0.0014955446298860692
2250,10.,3.580064451351351e-11
2250,12.589254117941675,5.113199417362091e-11
2250,15.848931924611133,7.323988588895136e-11
2250,19.952623149688794,1.0528959436507102e-10
2250,25.118864315095795,1.520632051309058e-10
2250,31.622776601683796,2.2089916071953597e-10
2250,39.810717055349734,3.232723619788182e-10
2250,50.11872336272722,4.775322720006246e-10
2250,63.09573444801932,7.138075163414715e-10
2250,79.43282347242814,1.0831146940099838e-9
2250,100.,1.674941803586777e-9
2250,125.89254117941674,2.652565798377778e-9
2250,158.48931924611142,4.3266803838666515e-9
2250,199.5262314968879,7.3128902744944115e-9
2250,251.18864315095794,1.2865126424471867e-8
2250,316.22776601683796,2.3496985690698482e-8
2250,398.1071705534973,4.3527311411852856e-8
2250,501.18723362727246,7.644674754877755e-8
2250,630.957344480193,1.1408276839055683e-7
2250,794.3282347242821,1.3721592066766187e-7
2250,1000.0000000000009,1.4483848457967697e-7
2250,1258.925411794169,1.547821767833908e-7
2250,1584.8931924611143,1.9076749203890935e-7
2250,1995.2623149688807,2.8687390626421346e-7
2250,2511.8864315095825,4.6240090784562784e-7
2250,3162.2776601683827,6.470486644370808e-7
2250,3981.0717055349774,8.108938300230705e-7
2250,5011.872336272725,1.1140893868272428e-6
2250,6309.573444801936,1.6715558463234818e-6
2250,7943.282347242823,2.331987936489196e-6
2250,10000.,3.299577547039452e-6
2250,12589.254117941662,4.817265585159727e-6
2250,15848.93192461111,6.888579113693498e-6
2250,19952.62314968879,9.919717522986572e-6
2250,25118.864315095772,0.000013832108436030035
2250,31622.776601683792,0.00001884549658191693
2250,39810.71705534969,0.00002526673087039385
2250,50118.72336272726,0.00003352588911139103
2250,63095.7344480193,0.00004419433950360748
2250,79432.82347242821,0.000058017853444626876
2250,99999.99999999999,0.00007599738701154592
2250,125892.54117941689,0.00009942721809421708
2250,158489.3192461114,0.0001300059392005482
2250,199526.23149688792,0.00016994951327534125
2250,251188.6431509577,0.00022214726206200395
2250,316227.7660168379,0.00029031523655157247
2250,398107.1705534969,0.00037915895123227415
2250,501187.2336272725,0.0004949248711684699
2250,630957.344480193,0.0006460405862132818
2250,794328.2347242822,0.0008435228357851043
2250,1.e6,0.001101663699019628
2500,10.,2.7289050771811686e-11
2500,12.589254117941673,3.896518813889737e-11
2500,15.848931924611133,5.579409698487436e-11
2500,19.952623149688797,8.017604934419318e-11
2500,25.118864315095795,1.1573208103990329e-10
2500,31.6227766016838,1.6800911276239815e-10
2500,39.810717055349734,2.456622928431955e-10
2500,50.11872336272722,3.6249704817415093e-10
2500,63.09573444801933,5.411134572794004e-10
2500,79.43282347242815,8.1964742827037e-10
2500,100.,1.2647279825508037e-9
2500,125.89254117941672,1.997389200945478e-9
2500,158.48931924611142,3.24687533989365e-9
2500,199.52623149688787,5.465469137933824e-9
2500,251.18864315095794,9.57233668479787e-9
2500,316.22776601683796,1.7418152766115175e-8
2500,398.1071705534973,3.226840273900229e-8
2500,501.1872336272724,5.7204303775533104e-8
2500,630.957344480193,8.713006947683319e-8
2500,794.3282347242821,1.0688749937757147e-7
2500,1000.000000000001,1.1355268245039689e-7
2500,1258.9254117941687,1.202782587656024e-7
2500,1584.8931924611143,1.450374998937132e-7
2500,1995.2623149688807,2.135034346172228e-7
2500,2511.8864315095825,3.448718162141475e-7
2500,3162.2776601683827,4.918956942723382e-7
2500,3981.0717055349774,6.171476916441301e-7
2500,5011.872336272725,8.319630942567308e-7
2500,6309.573444801937,1.2435197425945317e-6
2500,7943.282347242822,1.745553244411166e-6
2500,10000.,2.4417186662586796e-6
2500,12589.254117941664,3.558801410785764e-6
2500,15848.93192461111,5.088711449530728e-6
2500,19952.62314968879,7.402812812152302e-6
2500,25118.86431509577,0.000010427380927349016
2500,31622.776601683792,0.000014321585862406725
2500,39810.71705534969,0.00001928639516060213
2500,50118.72336272726,0.00002563853228503565
2500,63095.734448019306,0.00003382181808942235
2500,79432.82347242822,0.000044413051904888424
2500,100000.,0.00005815883854582131
2500,125892.54117941688,0.00007604520518117643
2500,158489.3192461114,0.00009935204440732369
2500,199526.2314968879,0.00012976059751629692
2500,251188.6431509577,0.0001694795442213153
2500,316227.7660168379,0.00022138127575960708
2500,398107.1705534969,0.0002891477402507196
2500,501187.2336272724,0.0003774606939909608
2500,630957.344480193,0.0004925109863335828
2500,794328.2347242823,0.0006426350136309588
2500,1.e6,0.0008386741930853632
2750,10.,2.1449339513196004e-11
2750,12.589254117941675,3.0620338353307394e-11
2750,15.848931924611135,4.383336883354258e-11
2750,19.952623149688797,6.29671130868512e-11
2750,25.1188643150958,9.085236312758031e-11
2750,31.622776601683796,1.318192322147502e-10
2750,39.810717055349734,1.9261247238656585e-10
2750,50.118723362727216,2.8396800056048997e-10
2750,63.09573444801933,4.234178848216681e-10
2750,79.43282347242814,6.404615078690969e-10
2750,100.,9.864693662169001e-10
2750,125.89254117941672,1.5544151081234304e-9
2750,158.48931924611142,2.5197057775319073e-9
2750,199.5262314968879,4.227118859366518e-9
2750,251.18864315095794,7.375709342775162e-9
2750,316.22776601683796,1.3376519503901595e-8
2750,398.1071705534974,2.4765947263346965e-8
2750,501.1872336272725,4.4191896763217525e-8
2750,630.957344480193,6.83945866880568e-8
2750,794.3282347242822,8.532223547628454e-8
2750,1000.0000000000011,9.122444266001491e-8
2750,1258.9254117941687,9.600972782382823e-8
2750,1584.8931924611143,1.1371676620511157e-7
2750,1995.2623149688807,1.641751245124229e-7
2750,2511.886431509582,2.6496693635422857e-7
2750,3162.277660168382,3.84189628990033e-7
2750,3981.0717055349783,4.838346127183849e-7
2750,5011.872336272724,6.422226957512306e-7
2750,6309.573444801937,9.543049246365647e-7
2750,7943.282347242823,1.3475702976304606e-6
2750,10000.,1.8683793649620866e-6
2750,12589.254117941664,2.714639490893985e-6
2750,15848.93192461111,3.871029549749046e-6
2750,19952.62314968879,5.648371253947325e-6
2750,25118.864315095772,8.02589358050754e-6
2750,31622.77660168379,0.000011129811697055852
2750,39810.71705534969,0.000015083574206083416
2750,50118.72336272725,0.00002012198567142439
2750,63095.7344480193,0.00002657971062038707
2750,79432.82347242821,0.00003491165893416787
2750,99999.99999999999,0.000045708006778574965
2750,125892.54117941689,0.00005973479139225209
2750,158489.3192461114,0.00007799319891666005
2750,199526.23149688792,0.00010179870916163212
2750,251188.64315095768,0.00013286140234089445
2750,316227.7660168379,0.00017342683467549923
2750,398107.1705534969,0.00022643679359010406
2750,501187.2336272725,0.00029563013399783406
2750,630957.3444801931,0.0003857529816813513
2750,794328.2347242822,0.0005031420912186876
2750,1.0000000000000001e6,0.0006562506610731387
3000,10.,1.7200037189893228e-11
3000,12.589254117941673,2.4549558157391092e-11
3000,15.848931924611133,3.5134618144674176e-11
3000,19.952623149688797,5.045608475310565e-11
3000,25.11886431509579,7.277306752352591e-11
3000,31.622776601683796,1.0553677225947317e-10
3000,39.810717055349734,1.5411462380891937e-10
3000,50.11872336272722,2.2703442683290912e-10
3000,63.09573444801933,3.3819197743443437e-10
3000,79.43282347242814,5.109087873037532e-10
3000,100.,7.856785190491244e-10
3000,125.89254117941674,1.2355496884601764e-9
3000,158.48931924611142,1.997857325128517e-9
3000,199.5262314968879,3.3416461553140357e-9
3000,251.18864315095794,5.8112518947152075e-9
3000,316.22776601683796,1.050759310173877e-8
3000,398.1071705534973,1.9440367042155545e-8
3000,501.18723362727246,3.4879967515598806e-8
3000,630.957344480193,5.47563449495922e-8
3000,794.3282347242821,6.93970743223974e-8
3000,1000.0000000000011,7.470394107527222e-8
3000,1258.9254117941687,7.824102412414149e-8
3000,1584.8931924611143,9.124265702471203e-8
3000,1995.2623149688807,1.293548632086773e-7
3000,2511.886431509582,2.0820385170317445e-7
3000,3162.277660168382,3.062940034520968e-7
3000,3981.0717055349774,3.8775273892916046e-7
3000,5011.872336272725,5.07897899678409e-7
3000,6309.573444801936,7.493962391606793e-7
3000,7943.282347242821,1.0644002501066243e-6
3000,10000.,1.4656230443865845e-6
3000,12589.254117941664,2.1220378189146507e-6
3000,15848.931924611106,3.0163494354881456e-6
3000,19952.623149688792,4.384303078883817e-6
3000,25118.86431509577,6.257867396529705e-6
3000,31622.776601683792,8.768545912188662e-6
3000,39810.71705534969,0.000011983563985630377
3000,50118.72336272725,0.00001607598863238683
3000,63095.7344480193,0.00002130414048062718
3000,79432.82347242821,0.000028018265380779663
3000,99999.99999999999,0.0000366918647930221
3000,125892.54117941688,0.00004794032459648508
3000,158489.3192461114,0.00006256668437746141
3000,199526.2314968879,0.00008161294965754306
3000,251188.6431509577,0.00010643785622956843
3000,316227.7660168379,0.00013883496685279583
3000,398107.1705534969,0.00018115297358315495
3000,501187.23362727254,0.00023645059311923222
3000,630957.344480193,0.00030858332807129644
3000,794328.2347242822,0.0004024803997588059
3000,1.e6,0.0005247644981748035
3500,10.,1.1655853895416926e-11
3500,12.589254117941675,1.6631042073507995e-11
3500,15.848931924611135,2.379224996034888e-11
3500,19.952623149688797,3.415009655806103e-11
3500,25.1188643150958,4.922302430363909e-11
3500,31.622776601683796,7.132565551529424e-11
3500,39.810717055349734,1.0404826931089151e-10
3500,50.118723362727216,1.5307715140600384e-10
3500,63.09573444801933,2.276433861723886e-10
3500,79.43282347242814,3.431721239872684e-10
3500,100.,5.263121532667567e-10
3500,125.89254117941672,8.248659949914446e-10
3500,158.48931924611142,1.3281613511549204e-9
3500,199.52623149688787,2.2101649569485054e-9
3500,251.18864315095794,3.821401635610873e-9
3500,316.22776601683796,6.8723680159082566e-9
3500,398.1071705534974,1.2689834447040842e-8
3500,501.1872336272724,2.2950034347677837e-8
3500,630.957344480193,3.687370104623995e-8
3500,794.3282347242822,4.8063409719039486e-8
3500,1000.0000000000011,5.246219351074772e-8
3500,1258.9254117941687,5.4602671323143804e-8
3500,1584.893192461114,6.208586203878563e-8
3500,1995.262314968881,8.518030146618153e-8
3500,2511.8864315095825,1.358220255170588e-7
3500,3162.2776601683827,2.0461603637038107e-7
3500,3981.071705534978,2.625682439228103e-7
3500,5011.872336272725,3.3705256201888343e-7
3500,6309.573444801936,4.894604309404181e-7
3500,7943.282347242824,7.024043419785384e-7
3500,9999.999999999998,9.588418645286986e-7
3500,12589.254117941664,1.3764441610357489e-6
3500,15848.931924611108,1.947824114163086e-6
3500,19952.623149688792,2.8016873241630996e-6
3500,25118.86431509577,4.014247955847736e-6
3500,31622.776601683796,5.723463857114936e-6
3500,39810.71705534969,7.951641522956192e-6
3500,50118.72336272725,0.000010786746220777717
3500,63095.7344480193,0.00001438769549722748
3500,79432.82347242821,0.000018983500289165155
3500,100000.,0.00002489116318919726
3500,125892.54117941688,0.00003252382157850533
3500,158489.3192461114,0.00004241952196438198
3500,199526.2314968879,0.000055275209976229094
3500,251188.64315095768,0.00007200354480481433
3500,316227.7660168379,0.00009379900389610585
3500,398107.17055349686,0.0001222270181232381
3500,501187.2336272725,0.00015934702224428818
3500,630957.344480193,0.0002078457302894431
3500,794328.2347242823,0.00027115795460373504
3500,1.e6,0.00035358142602662874
4000,10.,8.306968469226839e-12
4000,12.589254117941673,1.1849436080428584e-11
4000,15.848931924611135,1.6945791654387498e-11
4000,19.952623149688794,2.431231603959936e-11
4000,25.118864315095795,3.502352696514396e-11
4000,31.622776601683793,5.071424045221261e-11
4000,39.810717055349734,7.391445666232467e-11
4000,50.11872336272723,1.0862021541132303e-10
4000,63.09573444801933,1.6129763622135762e-10
4000,79.43282347242815,2.427106528371451e-10
4000,100.,3.713741013576935e-10
4000,125.89254117941672,5.803368780295259e-10
4000,158.48931924611142,9.310299333981916e-10
4000,199.5262314968879,1.5424673230021193e-9
4000,251.18864315095794,2.6535281369806605e-9
4000,316.22776601683796,4.748942871229864e-9
4000,398.1071705534974,8.749389267931435e-9
4000,501.18723362727246,1.5915511060781845e-8
4000,630.957344480193,2.6068634241579513e-8
4000,794.3282347242822,3.4861418484788486e-8
4000,1000.0000000000011,3.861597344234321e-8
4000,1258.9254117941687,4.007908567713614e-8
4000,1584.893192461114,4.468976264308268e-8
4000,1995.2623149688807,5.959393696817502e-8
4000,2511.8864315095825,9.385647470632558e-8
4000,3162.2776601683827,1.439408662973698e-7
4000,3981.0717055349774,1.8756229949343187e-7
4000,5011.872336272726,2.3746911754507544e-7
4000,6309.573444801936,3.3914220370544107e-7
4000,7943.282347242822,4.904593458784885e-7
4000,10000.,6.669227061355327e-7
4000,12589.254117941664,9.487914088280705e-7
4000,15848.93192461111,1.3408658504474747e-6
4000,19952.623149688785,1.911173833274529e-6
4000,25118.86431509577,2.7382380406951034e-6
4000,31622.77660168379,3.945822926632204e-6
4000,39810.71705534969,5.56005959906587e-6
4000,50118.72336272726,7.624790405769175e-6
4000,63095.7344480193,0.00001023843784057935
4000,79432.82347242821,0.000013556914504493444
4000,100000.,0.000017800873818496875
4000,125892.54117941688,0.00002326362093844721
4000,158489.31924611138,0.000030328196570293807
4000,199526.23149688792,0.00003949255358694955
4000,251188.64315095768,0.00005139863535031899
4000,316227.7660168379,0.00006688841264502933
4000,398107.17055349686,0.00008706263377909615
4000,501187.2336272725,0.00011336918288092654
4000,630957.344480193,0.00014770698772285405
4000,794328.2347242822,0.0001925630759910927
4000,1.e6,0.00025112308697987135
4500,10.,6.193767286228844e-12
4500,12.589254117941675,8.833128783263643e-12
4500,15.848931924611133,1.262868682825509e-11
4500,19.952623149688794,1.8112161916305843e-11
4500,25.118864315095795,2.6080209633576224e-11
4500,31.622776601683796,3.774305380089081e-11
4500,39.810717055349734,5.497017217583864e-11
4500,50.11872336272722,8.070785181237628e-11
4500,63.09573444801932,1.1971116041720526e-10
4500,79.43282347242814,1.7987153483498174e-10
4500,100.,2.7471500741604417e-10
4500,125.89254117941674,4.2828919635936304e-10
4500,158.48931924611142,6.850993874283987e-10
4500,199.5262314968879,1.1309917171392548e-9
4500,251.18864315095794,1.9376730157817397e-9
4500,316.22776601683796,3.4535580816186063e-9
4500,398.1071705534973,6.347819665581403e-9
4500,501.18723362727246,1.1587234261413824e-8
4500,630.957344480193,1.9249369790779842e-8
4500,794.3282347242821,2.6280138570481476e-8
4500,1000.0000000000009,2.9501190063803423e-8
4500,1258.925411794169,3.060106878492701e-8
4500,1584.8931924611143,3.3637192449336156e-8
4500,1995.2623149688807,4.383284048021701e-8
4500,2511.8864315095825,6.813627845501469e-8
4500,3162.2776601683827,1.0573344907313084e-7
4500,3981.0717055349774,1.3971902387860995e-7
4500,5011.872336272725,1.7522090635284164e-7
4500,6309.573444801936,2.4620938201208765e-7
4500,7943.282347242823,3.578013360364499e-7
4500,10000.,4.861948015001223e-7
4500,12589.254117941662,6.855960733438747e-7
4500,15848.93192461111,9.688631238266952e-7
4500,19952.62314968879,1.3705338128372812e-6
4500,25118.864315095772,1.956550052113836e-6
4500,31622.776601683792,2.818237734952715e-6
4500,39810.71705534969,4.009656337135076e-6
4500,50118.72336272726,5.570862183951378e-6
4500,63095.7344480193,7.553212130412425e-6
4500,79432.82347242821,0.000010060424145647761
4500,99999.99999999999,0.000013247820470059589
4500,125892.54117941689,0.000017330522864262722
4500,158489.3192461114,0.000022591931023131834
4500,199526.23149688792,0.000029404066219614846
4500,251188.6431509577,0.000038243959302127446
4500,316227.7660168379,0.00004972779894949402
4500,398107.1705534969,0.00006466805680697558
4500,501187.2336272725,0.00008412370682489913
4500,630957.344480193,0.00010948800879555271
4500,794328.2347242822,0.00014259245153892385
4500,1.e6,0.00018582524822196778
5000,10.,4.7472237552809325e-12
5000,12.589254117941673,6.7687921502970826e-12
5000,15.848931924611133,9.674832019138195e-12
5000,19.952623149688797,1.3871224385678386e-11
5000,25.118864315095795,1.9965381449219275e-11
5000,31.6227766016838,2.88787447804013e-11
5000,39.810717055349734,4.2032285048074396e-11
5000,50.11872336272722,6.166089747601069e-11
5000,63.09573444801933,9.136283875412364e-11
5000,79.43282347242815,1.3709287516410405e-10
5000,100.,2.0902432114711397e-10
5000,125.89254117941672,3.251775374857935e-10
5000,158.48931924611142,5.18769510853296e-10
5000,199.52623149688787,8.536140931106046e-10
5000,251.18864315095794,1.4569362392216048e-9
5000,316.22776601683796,2.586840336661155e-9
5000,398.1071705534973,4.743787379765964e-9
5000,501.1872336272724,8.684038056502933e-9
5000,630.957344480193,1.4611503095451616e-8
5000,794.3282347242821,2.0347482250705786e-8
5000,1000.000000000001,2.3160019325615555e-8
5000,1258.9254117941687,2.4044431269191734e-8
5000,1584.8931924611143,2.6115663617223766e-8
5000,1995.2623149688807,3.332728405225027e-8
5000,2511.8864315095825,5.10975462457492e-8
5000,3162.2776601683827,8.001957303601964e-8
5000,3981.0717055349774,1.0728885358790436e-7
5000,5011.872336272725,1.3375538541371415e-7
5000,6309.573444801937,1.8508714588807767e-7
5000,7943.282347242822,2.697443447752759e-7
5000,10000.,3.6702872368704663e-7
5000,12589.254117941664,5.132150870148116e-7
5000,15848.93192461111,7.25535380172943e-7
5000,19952.62314968879,1.0201406249587015e-6
5000,25118.86431509577,1.4503642496719548e-6
5000,31622.776601683792,2.0767240993996706e-6
5000,39810.71705534969,2.9664461549973267e-6
5000,50118.72336272726,4.172858660703719e-6
5000,63095.734448019306,5.72039757217513e-6
5000,79432.82347242822,7.676807035825604e-6
5000,100000.,0.000010154108094354807
5000,125892.54117941688,0.000013312183302924794
5000,158489.3192461114,0.00001736635043867048
5000,199526.2314968879,0.000022597419847619982
5000,251188.6431509577,0.00002937276672388864
5000,316227.7660168379,0.00003816773205441691
5000,398107.1705534969,0.000049594565263327085
5000,501187.2336272724,0.00006445843098632856
5000,630957.344480193,0.00008381739724841347
5000,794328.2347242823,0.00010905590206641307
5000,1.e6,0.0001419861358000931
6000,10.,3.0125274963591844e-12
6000,12.589254117941673,4.293950700139068e-12
6000,15.848931924611133,6.1348743099485935e-12
6000,19.952623149688797,8.79113625125446e-12
6000,25.11886431509579,1.2644872304404012e-11
6000,31.622776601683796,1.8274431157346882e-11
6000,39.810717055349734,2.6569185947597766e-11
6000,50.11872336272722,3.8923224332393e-11
6000,63.09573444801933,5.75720955937817e-11
6000,79.43282347242814,8.619804417058482e-11
6000,100.,1.3105774570732475e-10
6000,125.89254117941674,2.0316555375544127e-10
6000,158.48931924611142,3.2268694531670645e-10
6000,199.5262314968879,5.280936559014882e-10
6000,251.18864315095794,8.956328824079086e-10
6000,316.22776601683796,1.5797392308880955e-9
6000,398.1071705534973,2.8835677748353848e-9
6000,501.18723362727246,5.294220842504113e-9
6000,630.957344480193,9.075620271145402e-9
6000,794.3282347242821,1.3053638384034664e-8
6000,1000.0000000000011,1.5240856534633668e-8
6000,1258.9254117941687,1.5899701459329587e-8
6000,1584.8931924611143,1.6993873862715202e-8
6000,1995.2623149688807,2.1001109123132656e-8
6000,2511.886431509582,3.138794526472315e-8
6000,3162.277660168382,4.961361165366163e-8
6000,3981.0717055349774,6.814621748651248e-8
6000,5011.872336272725,8.446795503553325e-8
6000,6309.573444801936,1.1380450399187257e-7
6000,7943.282347242821,1.6595931451850252e-7
6000,10000.,2.2724410940666768e-7
6000,12589.254117941664,3.1323519102003883e-7
6000,15848.931924611106,4.425684479183683e-7
6000,19952.623149688792,6.168408900949856e-7
6000,25118.86431509577,8.720749250845304e-7
6000,31622.776601683792,1.2362054906871166e-6
6000,39810.71705534969,1.7668229198798728e-6
6000,50118.72336272725,2.5274951353469423e-6
6000,63095.7344480193,3.5331904353515335e-6
6000,79432.82347242821,4.808268656103116e-6
6000,99999.99999999999,6.413453306432847e-6
6000,125892.54117941688,8.44545196069337e-6
6000,158489.3192461114,0.00001103601181221022
6000,199526.2314968879,0.00001436244477782259
6000,251188.6431509577,0.000018655183333610757
6000,316227.7660168379,0.000024212465443623088
6000,398107.1705534969,0.00003142219706372666
6000,501187.23362727254,0.00004078484963874339
6000,630957.344480193,0.000052955331684932867
6000,794328.2347242822,0.0000687918846917427
6000,1.e6,0.00008941910638809298
7000,10.,2.0558521700638627e-12
7000,12.589254117941675,2.929582667729264e-12
7000,15.848931924611135,4.1842032219573205e-12
7000,19.952623149688797,5.993399380392027e-12
7000,25.1188643150958,8.61621413654929e-12
7000,31.622776601683796,1.244399171646353e-11
7000,39.810717055349734,1.8077219312875067e-11
7000,50.118723362727216,2.645469128395706e-11
7000,63.09573444801933,3.907716268411016e-11
7000,79.43282347242814,5.840752164904294e-11
7000,100.,8.86128017402956e-11
7000,125.89254117941672,1.369932634006505e-10
7000,158.48931924611142,2.1684325171864474e-10
7000,199.52623149688787,3.5338560746464323e-10
7000,251.18864315095794,5.963655751237699e-10
7000,316.22776601683796,1.0463444000425199e-9
7000,398.1071705534974,1.90224125766413e-9
7000,501.1872336272724,3.496815542593152e-9
7000,630.957344480193,6.07312860347911e-9
7000,794.3282347242822,8.957940085502757e-9
7000,1000.0000000000011,1.0692508858727432e-8
7000,1258.9254117941687,1.122323185728636e-8
7000,1584.893192461114,1.186431521448294e-8
7000,1995.262314968881,1.4297366669579867e-8
7000,2511.8864315095825,2.087487811016718e-8
7000,3162.2776601683827,3.31139865282909e-8
7000,3981.071705534978,4.6466574919777564e-8
7000,5011.872336272725,5.765329136025702e-8
7000,6309.573444801936,7.609195126038573e-8
7000,7943.282347242824,1.1050727682836645e-7
7000,9999.999999999998,1.5229396065805597e-7
7000,12589.254117941664,2.0742966694971137e-7
7000,15848.931924611108,2.924266095636334e-7
7000,19952.623149688792,4.053287900647413e-7
7000,25118.86431509577,5.703193683680518e-7
7000,31622.776601683796,8.022872973294276e-7
7000,39810.71705534969,1.1386412805962996e-6
7000,50118.72336272725,1.6272816456821238e-6
7000,63095.7344480193,2.30651882830411e-6
7000,79432.82347242821,3.194813609066502e-6
7000,100000.,4.316605611251237e-6
7000,125892.54117941688,5.729458579470425e-6
7000,158489.3192461114,7.518162118900971e-6
7000,199526.2314968879,9.79982036162099e-6
7000,251188.64315095768,0.00001272972798622027
7000,316227.7660168379,0.000016511206809583637
7000,398107.17055349686,0.000021406150996319765
7000,501187.2336272725,0.000027753926697236854
7000,630957.344480193,0.00003599629306366371
7000,794328.2347242823,0.00004670441050110902
7000,1.e6,0.000060629908706549466
8000,10.,1.4745612841728246e-12
8000,12.589254117941673,2.1007847043201335e-12
8000,15.848931924611135,2.999635199364313e-12
8000,19.952623149688794,4.2951384652063905e-12
8000,25.118864315095795,6.172038932266738e-12
8000,31.622776601683793,8.909006606338669e-12
8000,39.810717055349734,1.2932843483247177e-11
8000,50.11872336272723,1.89093165972012e-11
8000,63.09573444801933,2.7899893023543824e-11
8000,79.43282347242815,4.1641101073445574e-11
8000,100.,6.306036527217032e-11
8000,125.89254117941672,9.726506889093686e-11
8000,158.48931924611142,1.5351366553612167e-10
8000,199.5262314968879,2.492881932991732e-10
8000,251.18864315095794,4.1891947299591537e-10
8000,316.22776601683796,7.316700659467263e-10
8000,398.1071705534974,1.3253030973139559e-9
8000,501.18723362727246,2.4373659632033537e-9
8000,630.957344480193,4.276572515029134e-9
8000,794.3282347242822,6.444946642768448e-9
8000,1000.0000000000011,7.852329131194487e-9
8000,1258.9254117941687,8.300472578724906e-9
8000,1584.893192461114,8.703729826200497e-9
8000,1995.2623149688807,1.0268500436595687e-8
8000,2511.8864315095825,1.4665013733399729e-8
8000,3162.2776601683827,2.326148461677826e-8
8000,3981.0717055349774,3.327263022658362e-8
8000,5011.872336272726,4.147296737250886e-8
8000,6309.573444801936,5.382341605154797e-8
8000,7943.282347242822,7.767184695606535e-8
8000,10000.,1.0784324061469053e-7
8000,12589.254117941664,1.4565881003752043e-7
8000,15848.93192461111,2.0467575863386236e-7
8000,19952.623149688785,2.828145856355871e-7
8000,25118.86431509577,3.9617418764578864e-7
8000,31622.77660168379,5.543802825617366e-7
8000,39810.71705534969,7.821114901237066e-7
8000,50118.72336272726,1.1118213563133074e-6
8000,63095.7344480193,1.5865848119942645e-6
8000,79432.82347242821,2.2313806621916326e-6
8000,100000.,3.0539567909195157e-6
8000,125892.54117941688,4.087370255115694e-6
8000,158489.31924611138,5.388686539275125e-6
8000,199526.23149688792,7.039415967574489e-6
8000,251188.64315095768,9.149683362977008e-6
8000,316227.7660168379,0.000011864483545088808
8000,398107.17055349686,0.00001537131728823864
8000,501187.2336272725,0.000019910897065366865
8000,630957.344480193,0.000025797367175020342
8000,794328.2347242822,0.000033438669378409195
8000,1.e6,0.00004336355997706714
10000,10.,8.493774644691174e-13
10000,12.589254117941673,1.2096667028489497e-12
10000,15.848931924611133,1.726468250539476e-12
10000,19.952623149688797,2.470712977498462e-12
10000,25.118864315095795,3.54784090709943e-12
10000,31.6227766016838,5.116502024519599e-12
10000,39.810717055349734,7.418945952179228e-12
10000,50.11872336272722,1.0831686498305234e-11
10000,63.09573444801933,1.595242695370404e-11
10000,79.43282347242815,2.3754017519819087e-11
10000,100.,3.5866779806674756e-11
10000,125.89254117941672,5.5115864056652414e-11
10000,158.48931924611142,8.658413144433627e-11
10000,199.52623149688787,1.3979312436471325e-10
10000,251.18864315095794,2.3330296930342863e-10
10000,316.22776601683796,4.0439930385612515e-10
10000,398.1071705534973,7.277030660748254e-10
10000,501.1872336272724,1.337160781418073e-9
10000,630.957344480193,2.378682563531024e-9
10000,794.3282347242821,3.705617412264488e-9
10000,1000.000000000001,4.6784006975336494e-9
10000,1258.9254117941687,5.0233250713259064e-9
10000,1584.8931924611143,5.221003829971932e-9
10000,1995.2623149688807,5.973659203178525e-9
10000,2511.8864315095825,8.223076152762823e-9
10000,3162.2776601683827,1.2952408598187813e-8
10000,3981.0717055349774,1.9065344013717725e-8
10000,5011.872336272725,2.4096535535466735e-8
10000,6309.573444801937,3.057770035832626e-8
10000,7943.282347242822,4.344944054170472e-8
10000,10000.,6.102409741208212e-8
10000,12589.254117941664,8.161027113974158e-8
10000,15848.93192461111,1.1361551195102112e-7
10000,19952.62314968879,1.564054590328475e-7
10000,25118.86431509577,2.171302501430187e-7
10000,31622.776601683792,3.016813395622756e-7
10000,39810.71705534969,4.2188180346047145e-7
10000,50118.72336272726,5.928320901296147e-7
10000,63095.734448019306,8.40166999854962e-7
10000,79432.82347242822,1.1956557070640395e-6
10000,100000.,1.679040693845328e-6
10000,125892.54117941688,2.2964893227764132e-6
10000,158489.3192461114,3.0705923963789344e-6
10000,199526.2314968879,4.043210201801508e-6
10000,251188.6431509577,5.27454649395682e-6
10000,316227.7660168379,6.846413894853048e-6
10000,398107.1705534969,8.865811256679307e-6
10000,501187.2336272724,0.000011470584594409458
10000,630957.344480193,0.000014838895932168457
10000,794328.2347242823,0.000019201412617876252
10000,1.e6,0.00002485816407402627
100000,10.,3.2091315550434842e-15
100000,12.589254117941675,4.55811601557708e-15
100000,15.848931924611135,6.48344862092219e-15
100000,19.952623149688797,9.238724534120288e-15
100000,25.118864315095795,1.3194966310315e-14
100000,31.622776601683793,1.8899660511210788e-14
100000,39.810717055349734,2.716919748782307e-14
100000,50.11872336272722,3.923658907861596e-14
100000,63.09573444801933,5.699307188539017e-14
100000,79.43282347242814,8.339377845812389e-14
100000,100.,1.2315913506392524e-13
100000,125.89254117941672,1.8402730364926641e-13
100000,158.48931924611142,2.790700463272926e-13
100000,199.5262314968879,4.3113561185127695e-13
100000,251.18864315095794,6.81692974990743e-13
100000,316.22776601683796,1.10902249084379e-12
100000,398.1071705534973,1.866290511265013e-12
100000,501.18723362727246,3.2590627953211785e-12
100000,630.9573444801929,5.877440466804736e-12
100000,794.3282347242821,1.0659242672961512e-11
100000,1000.000000000001,1.8145281208053873e-11
100000,1258.9254117941687,2.6198868712882556e-11
100000,1584.893192461114,3.0857759430386935e-11
100000,1995.262314968881,3.221647426356221e-11
100000,2511.886431509582,3.3873162905413485e-11
100000,3162.2776601683827,4.02332674924263e-11
100000,3981.0717055349783,5.713328982255263e-11
100000,5011.872336272725,8.804749153517678e-11
100000,6309.573444801936,1.2206104366789784e-10
100000,7943.282347242822,1.5040151392895814e-10
100000,10000.,1.9334368566650714e-10
100000,12589.254117941662,2.71674995441439e-10
100000,15848.93192461111,3.6831148023976504e-10
100000,19952.62314968879,4.867772957020944e-10
100000,25118.86431509577,6.620803940774451e-10
100000,31622.776601683796,8.865093924574818e-10
100000,39810.71705534968,1.1929595565246065e-9
100000,50118.72336272726,1.5981756881443816e-9
100000,63095.734448019306,2.1429247905143863e-9
100000,79432.82347242821,2.86991905425557e-9
100000,100000.,3.840795331208745e-9
100000,125892.54117941689,5.140063804110463e-9
100000,158489.3192461114,6.8845354304123905e-9
100000,199526.2314968879,9.239236061879042e-9
100000,251188.6431509577,1.244134608749081e-8
100000,316227.7660168379,1.6825626201858997e-8
100000,398107.1705534969,2.2873703758481176e-8
100000,501187.23362727254,3.130532976942072e-8
100000,630957.3444801931,4.323401080688639e-8
100000,794328.2347242822,6.043848294855487e-8
100000,1.e6,8.457319594740543e-8
1000000,10.,1.4211419670634796e-17
1000000,12.589254117941675,2.015373545237771e-17
1000000,15.848931924611135,2.861010444702207e-17
1000000,19.952623149688797,4.0667278390930533e-17
1000000,25.118864315095795,5.790003971963087e-17
1000000,31.622776601683796,8.260481674467682e-17
1000000,39.810717055349734,1.181565624280026e-16
1000000,50.118723362727216,1.6956294769764333e-16
1000000,63.095734448019336,2.4434150588574803e-16
1000000,79.43282347242814,3.5393859905496376e-16
1000000,100.,5.160824981791251e-16
1000000,125.89254117941674,7.587953692610502e-16
1000000,158.48931924611142,1.127446947831912e-15
1000000,199.52623149688787,1.697577492860583e-15
1000000,251.18864315095794,2.599053342417548e-15
1000000,316.22776601683796,4.063257542968475e-15
1000000,398.1071705534973,6.518472397808482e-15
1000000,501.1872336272724,1.0787323703111985e-14
1000000,630.957344480193,1.8492794972412528e-14
1000000,794.3282347242822,3.281370863477585e-14
1000000,1000.0000000000011,5.932689627159252e-14
1000000,1258.9254117941687,1.0404902405868764e-13
1000000,1584.893192461114,1.614061452360672e-13
1000000,1995.2623149688807,2.0519031279465831e-13
1000000,2511.886431509582,2.2149765484677288e-13
1000000,3162.277660168382,2.280642371926209e-13
1000000,3981.071705534978,2.521744442611263e-13
1000000,5011.872336272725,3.272850402831851e-13
1000000,6309.573444801937,4.900280348945577e-13
1000000,7943.282347242823,7.174908342617413e-13
1000000,10000.,9.150466101237659e-13
1000000,12589.254117941662,1.1226899518215881e-12
1000000,15848.93192461111,1.5038822716849462e-12
1000000,19952.62314968879,2.0724630772452646e-12
1000000,25118.86431509577,2.7115158201904025e-12
1000000,31622.776601683792,3.598163553665829e-12
1000000,39810.71705534969,4.7963486399750705e-12
1000000,50118.72336272726,6.3419042207079366e-12
1000000,63095.734448019306,8.403156252017349e-12
1000000,79432.82347242821,1.1104818218507428e-11
1000000,100000.,1.4651810650850128e-11
1000000,125892.54117941686,1.9301368635047535e-11
1000000,158489.3192461114,2.5393038199902023e-11
1000000,199526.23149688792,3.3368012550744955e-11
1000000,251188.64315095768,4.381495476213964e-11
1000000,316227.76601683797,5.750108037079668e-11
1000000,398107.17055349686,7.546024943414315e-11
1000000,501187.2336272726,9.906156227889348e-11
1000000,630957.344480193,1.3011786601008432e-10
1000000,794328.2347242822,1.7108795513692601e-10
1000000,1.e6,2.2524778803400207e-10
10000000,10.,7.039842509007307e-20
10000000,12.589254117941675,9.973564213590762e-20
10000000,15.848931924611133,1.4140725175612003e-19
10000000,19.952623149688794,2.0068437310431974e-19
10000000,25.1188643150958,2.851578722821088e-19
10000000,31.622776601683796,4.0581214178704865e-19
10000000,39.810717055349734,5.786375408441563e-19
10000000,50.11872336272722,8.270842985215312e-19
10000000,63.09573444801932,1.1858562231970263e-18
10000000,79.43282347242815,1.7068841446517273e-18
10000000,100.00000000000001,2.468931777295199e-18
10000000,125.89254117941675,3.593417309462731e-18
10000000,158.48931924611145,5.271182993113744e-18
10000000,199.5262314968879,7.80915816865951e-18
10000000,251.18864315095794,1.171438737298225e-17
10000000,316.22776601683796,1.785069212825769e-17
10000000,398.1071705534973,2.7741392785078108e-17
10000000,501.18723362727246,4.417454600338383e-17
10000000,630.9573444801931,7.244460935750411e-17
10000000,794.3282347242821,1.2290138909900203e-16
10000000,1000.0000000000011,2.1580862217723926e-16
10000000,1258.925411794169,3.877721520758493e-16
10000000,1584.8931924611138,6.850917976389755e-16
10000000,1995.262314968881,1.0952333423306994e-15
10000000,2511.886431509582,1.4523195367258172e-15
10000000,3162.277660168382,1.6099900012822697e-15
10000000,3981.0717055349774,1.6553050113965382e-15
10000000,5011.872336272724,1.7761046523240487e-15
10000000,6309.573444801936,2.1918763062908907e-15
10000000,7943.282347242822,3.1704162523286297e-15
10000000,10000.,4.716788891365673e-15
10000000,12589.254117941662,6.206197247709218e-15
10000000,15848.93192461111,7.546090247185248e-15
10000000,19952.62314968879,9.768299542771876e-15
10000000,25118.86431509577,1.3428373935674996e-14
10000000,31622.77660168379,1.7674285920913583e-14
10000000,39810.71705534969,2.306941051071815e-14
10000000,50118.72336272724,3.0653920416004544e-14
10000000,63095.73444801929,4.0208268305826097e-14
10000000,79432.82347242821,5.290529190669544e-14
10000000,99999.99999999999,6.928174206878156e-14
10000000,125892.54117941688,9.058969877497108e-14
10000000,158489.31924611138,1.181611695488813e-13
10000000,199526.23149688792,1.53796910353254e-13
10000000,251188.6431509577,1.9980894131137202e-13
10000000,316227.7660168379,2.5916623751048157e-13
10000000,398107.1705534969,3.35776100396125e-13
10000000,501187.23362727254,4.347101679489118e-13
10000000,630957.344480193,5.626931813744486e-13
10000000,794328.2347242822,7.284363484942892e-13
10000000,1.e6,9.432683316973501e-13
