100,10.,1.6852573524796183e-7
100,12.589254117941673,2.445407165425528e-7
100,15.848931924611131,3.5738319490713145e-7
100,19.952623149688794,5.270536966983275e-7
100,25.118864315095795,7.862982609532501e-7
100,31.622776601683793,1.1904298655143337e-6
100,39.810717055349734,1.8363302959834633e-6
100,50.11872336272722,2.9008560880574403e-6
100,63.09573444801933,4.7219832336758395e-6
100,79.43282347242815,7.977161131087656e-6
100,100.,0.000014083154272373587
100,125.89254117941675,0.00002605272396644515
100,158.48931924611142,0.00004985573233838622
100,199.52623149688787,0.00009350729711711163
100,251.18864315095797,0.0001528298712844172
100,316.227766016838,0.0001951797357026059
100,398.1071705534973,0.00020030121816950238
100,501.18723362727246,0.00018234086763181084
100,630.9573444801931,0.00015886021592225795
100,794.3282347242822,0.00013524701155955834
100,1000.000000000001,0.00009920301180112573
100,1258.9254117941687,0.00006640953343237044
100,1584.893192461114,0.000044963726058168675
100,1995.262314968881,0.000030249883276904395
100,2511.886431509582,0.000019836010672569024
100,3162.2776601683827,0.00001273559859650534
100,3981.071705534978,8.264136194357469e-6
100,5011.872336272724,5.779039742159632e-6
100,6309.573444801936,4.70262500071496e-6
100,7943.282347242823,4.558116144327794e-6
100,10000.,4.97360927376923e-6
100,12589.254117941662,5.661511194962914e-6
100,15848.931924611112,6.389803099686777e-6
100,19952.62314968879,6.962741661479596e-6
100,25118.86431509577,7.224103210422329e-6
100,31622.776601683792,7.083649075565456e-6
100,39810.71705534969,6.5486583654071265e-6
100,50118.72336272726,5.728615012839537e-6
100,63095.7344480193,4.791788081105445e-6
100,79432.82347242822,3.891811168941434e-6
100,100000.,3.115069622771995e-6
100,125892.54117941689,2.480698508349225e-6
100,158489.31924611138,1.973003027866466e-6
100,199526.23149688792,1.568663951714395e-6
100,251188.6431509577,1.24694528807162e-6
100,316227.7660168379,9.910592991078603e-7
100,398107.1705534969,7.875897767989709e-7
100,501187.23362727254,6.258342375924176e-7
100,630957.344480193,4.972626499559527e-7
100,794328.2347242822,3.950811926634876e-7
100,1.e6,3.138818539956622e-7
150,10.,5.209754025259084e-8
150,12.589254117941675,7.533554873572952e-8
150,15.848931924611133,1.0961591817718282e-7
150,19.952623149688797,1.6075468317534805e-7
150,25.118864315095795,2.3812032869189163e-7
150,31.622776601683793,3.572363173145092e-7
150,39.810717055349734,5.446899550258973e-7
150,50.11872336272722,8.477869872050075e-7
150,63.09573444801932,1.3543881476475393e-6
150,79.43282347242814,2.235427894874073e-6
150,100.,3.839052883490223e-6
150,125.89254117941675,6.898747897253342e-6
150,158.48931924611145,0.000012943570868021289
150,199.52623149688787,0.00002469679374488867
150,251.18864315095794,0.00004428601028289604
150,316.22776601683796,0.00006591727236601254
150,398.1071705534974,0.00007794652147095638
150,501.18723362727246,0.00008114534458143031
150,630.9573444801931,0.00008281710836474562
150,794.3282347242821,0.00008316399615228873
150,1000.0000000000011,0.00008053910174330583
150,1258.9254117941687,0.00007121683113309632
150,1584.8931924611143,0.000044041300544340195
150,1995.2623149688811,0.000022298487948315683
150,2511.886431509582,0.000011528509535595532
150,3162.2776601683827,6.465956148010353e-6
150,3981.071705534978,3.80508284935681e-6
150,5011.872336272725,2.239397924286916e-6
150,6309.573444801936,1.3206181816624402e-6
150,7943.282347242824,8.321277802192078e-7
150,9999.999999999998,6.238459101752761e-7
150,12589.254117941662,5.893856775614882e-7
150,15848.931924611108,6.581852275506265e-7
150,19952.62314968879,7.851290576073297e-7
150,25118.864315095772,9.394552591653626e-7
150,31622.776601683796,1.0956133835527365e-6
150,39810.71705534969,1.2280904335890215e-6
150,50118.72336272726,1.3114380598165876e-6
150,63095.734448019306,1.3254333805952024e-6
150,79432.82347242821,1.2629430107190058e-6
150,100000.,1.135296827524333e-6
150,125892.54117941689,9.695934631132764e-7
150,158489.31924611138,7.973094385148426e-7
150,199526.2314968879,6.414417307154975e-7
150,251188.6431509577,5.113549025922225e-7
150,316227.7660168379,4.066064678114533e-7
150,398107.1705534969,3.2315046795464063e-7
150,501187.2336272725,2.5678940104378304e-7
150,630957.344480193,2.0403918458737417e-7
150,794328.2347242823,1.6211455506990374e-7
150,1.e6,1.2879771270956673e-7
200,10.,2.3132242451402333e-8
200,12.589254117941673,3.338075358257111e-8
200,15.848931924611131,4.844188561816956e-8
200,19.952623149688794,7.080261704830465e-8
200,25.118864315095795,1.0442847817324268e-7
200,31.622776601683793,1.5581150075380448e-7
200,39.810717055349734,2.3591427532821367e-7
200,50.11872336272722,3.63924902525138e-7
200,63.09573444801933,5.748261806246114e-7
200,79.43282347242815,9.353199779973737e-7
200,100.,1.5785843410404554e-6
200,125.89254117941675,2.7812437908773372e-6
200,158.48931924611142,5.1243130984282074e-6
200,199.52623149688787,9.731732667190203e-6
200,251.18864315095797,0.000018028210218821972
200,316.227766016838,0.00002910621926927306
200,398.1071705534973,0.00003742198528132477
200,501.18723362727246,0.00004072959182056457
200,630.9573444801931,0.00004366179846341781
200,794.3282347242822,0.00005191559472256557
200,1000.000000000001,0.00006769306917791407
200,1258.9254117941687,0.0000837148683960744
200,1584.893192461114,0.0000895870742874987
200,1995.262314968881,0.00006508095212699684
200,2511.886431509582,0.00003340125727634025
200,3162.2776601683827,0.000014218493759494793
200,3981.071705534978,5.338126890207455e-6
200,5011.872336272724,1.997656417708455e-6
200,6309.573444801936,8.734019851043388e-7
200,7943.282347242823,4.467104249603538e-7
200,10000.,2.4971954663260733e-7
200,12589.254117941662,1.6094760826111381e-7
200,15848.931924611112,1.3376589700018704e-7
200,19952.62314968879,1.4198256901098348e-7
200,25118.86431509577,1.706684786957714e-7
200,31622.776601683792,2.1152217430675195e-7
200,39810.71705534969,2.591848326207654e-7
200,50118.72336272726,3.086365900974391e-7
200,63095.7344480193,3.538073308942698e-7
200,79432.82347242822,3.875153507155185e-7
200,100000.,4.0279192623778663e-7
200,125892.54117941689,3.9527047718594147e-7
200,158489.31924611138,3.6554137208275377e-7
200,199526.23149688792,3.197501747979148e-7
200,251188.6431509577,2.67331305130431e-7
200,316227.7660168379,2.1693893735605834e-7
200,398107.1705534969,1.7346680048867701e-7
200,501187.23362727254,1.3800880876730816e-7
200,630957.344480193,1.0967583108354342e-7
200,794328.2347242822,8.714293949330313e-8
200,1.e6,6.923507751094785e-8
250,10.,1.2422018981905612e-8
250,12.589254117941673,1.7899573962265593e-8
250,15.848931924611135,2.5928095337303908e-8
250,19.952623149688794,3.780817273636392e-8
250,25.118864315095795,5.559876408562574e-8
250,31.622776601683793,8.264190070511705e-8
250,39.810717055349734,1.245244128633888e-7
250,50.11872336272723,1.9091118090869348e-7
250,63.09573444801933,2.99189008495701e-7
250,79.43282347242815,4.82025027649037e-7
250,100.,8.036653454459476e-7
250,125.89254117941672,1.395884715105237e-6
250,158.48931924611142,2.5349785228538042e-6
250,199.5262314968879,4.774612562902867e-6
250,251.18864315095794,8.958987204578392e-6
250,316.22776601683796,0.000015197343524299862
250,398.1071705534974,0.000020860605971316498
250,501.18723362727246,0.000023511069558125392
250,630.957344480193,0.000025107739997659285
250,794.3282347242822,0.000029699453949196085
250,1000.0000000000011,0.0000427804188792823
250,1258.9254117941687,0.00006893757949122162
250,1584.893192461114,0.0001013187159187947
250,1995.2623149688807,0.00012145813411573835
250,2511.8864315095825,0.0000992132470963565
250,3162.2776601683827,0.00006118197651963123
250,3981.0717055349774,0.000031824468001019014
250,5011.872336272726,0.000013758513708683186
250,6309.573444801936,4.772209129474405e-6
250,7943.282347242822,1.3195356021674262e-6
250,10000.,3.268390601815863e-7
250,12589.254117941664,1.0361802565104206e-7
250,15848.93192461111,5.378477997763587e-8
250,19952.623149688785,4.191258305417827e-8
250,25118.86431509577,4.392760042402871e-8
250,31622.77660168379,5.34044832225936e-8
250,39810.71705534969,6.75515963650662e-8
250,50118.72336272726,8.491112799348994e-8
250,63095.7344480193,1.042668550453398e-7
250,79432.82347242821,1.239926722864516e-7
250,100000.,1.417846972426834e-7
250,125892.54117941688,1.548144555690241e-7
250,158489.31924611138,1.6035439944113968e-7
250,199526.23149688792,1.5676893517386727e-7
250,251188.64315095768,1.4443638402771508e-7
250,316227.7660168379,1.2592415367709038e-7
250,398107.17055349686,1.050186860344683e-7
250,501187.2336272725,8.509584715325837e-8
250,630957.344480193,6.799700588254338e-8
250,794328.2347242822,5.408322225553347e-8
250,1.e6,4.297435390154641e-8
300,10.,7.515511111521406e-9
300,12.589254117941675,1.0817980672292252e-8
300,15.848931924611133,1.5649014691043305e-8
300,19.952623149688797,2.2780127983412776e-8
300,25.118864315095795,3.342615882638361e-8
300,31.622776601683793,4.954639928912064e-8
300,39.810717055349734,7.439149257118922e-8
300,50.11872336272722,1.1353549195895652e-7
300,63.09573444801932,1.7690519810596479e-7
300,79.43282347242814,2.829432839586888e-7
300,100.,4.674963212916532e-7
300,125.89254117941675,8.0331689500738e-7
300,158.48931924611145,1.4422912979235264e-6
300,199.52623149688787,2.6940499287056875e-6
300,251.18864315095794,5.078025765215093e-6
300,316.22776601683796,8.88755381838344e-6
300,398.1071705534974,0.00001284280779510774
300,501.18723362727246,0.00001498222201679969
300,630.9573444801931,0.000015974473633789445
300,794.3282347242821,0.000018319010329668377
300,1000.0000000000011,0.00002577002339828147
300,1258.9254117941687,0.00004449171429331134
300,1584.8931924611143,0.00007771386127072925
300,1995.2623149688811,0.00011906590948728088
300,2511.886431509582,0.00014134919622003342
300,3162.2776601683827,0.00012080370289995536
300,3981.071705534978,0.00008741579122644672
300,5011.872336272725,0.000057232289815564136
300,6309.573444801936,0.00003326619976969326
300,7943.282347242824,0.000016613606910966157
300,9999.999999999998,6.8594525773202025e-6
300,12589.254117941662,2.2365794930979136e-6
300,15848.931924611108,5.494432660656571e-7
300,19952.62314968879,1.0327435395260114e-7
300,25118.864315095772,2.4118221644766888e-8
300,31622.776601683796,1.7611923891714555e-8
300,39810.71705534969,2.137417115946123e-8
300,50118.72336272726,2.7459722813103888e-8
300,63095.734448019306,3.503348377334197e-8
300,79432.82347242821,4.3746766839847196e-8
300,100000.,5.3071628374172e-8
300,125892.54117941689,6.214579486875152e-8
300,158489.31924611138,6.976751814452332e-8
300,199526.2314968879,7.457653860560373e-8
300,251188.6431509577,7.544013688217667e-8
300,316227.7660168379,7.194294239232549e-8
300,398107.1705534969,6.471423541666136e-8
300,501187.2336272725,5.528878660657846e-8
300,630957.344480193,4.546463159739903e-8
300,794328.2347242823,3.656577504031119e-8
300,1.e6,2.9137668709153228e-8
400,10.,3.4194541062823907e-9
400,12.589254117941673,4.914536180686762e-9
400,15.848931924611131,7.09551802599145e-9
400,19.952623149688794,1.0303570629584764e-8
400,25.118864315095795,1.5071733427828922e-8
400,31.622776601683793,2.2251716725494018e-8
400,39.810717055349734,3.324108053859374e-8
400,50.11872336272722,5.0405573286949664e-8
400,63.09573444801933,7.789625784432639e-8
400,79.43282347242815,1.2329793243703138e-7
400,100.,2.0109327275222491e-7
400,125.89254117941675,3.401847908314692e-7
400,158.48931924611142,6.003088680310956e-7
400,199.52623149688787,1.1049513886932934e-6
400,251.18864315095797,2.0822613955501633e-6
400,316.227766016838,3.7759647464537714e-6
400,398.1071705534973,5.881372220649409e-6
400,501.18723362727246,7.3258001417425495e-6
400,630.9573444801931,7.903509219252497e-6
400,794.3282347242822,8.652453668383264e-6
400,1000.000000000001,0.000011146644661102601
400,1258.9254117941687,0.000018057019514717238
400,1584.893192461114,0.00003250443924883657
400,1995.262314968881,0.00005390884087551397
400,2511.886431509582,0.00007697310529384508
400,3162.2776601683827,0.00008258648376347436
400,3981.071705534978,0.00007181495628772675
400,5011.872336272724,0.00005438308834606848
400,6309.573444801936,0.000039486731139351496
400,7943.282347242823,0.000028050940345089648
400,10000.,0.000019694359325933464
400,12589.254117941662,0.000014273502106328019
400,15848.931924611112,0.000011591674973512976
400,19952.62314968879,0.000011339829451715763
400,25118.86431509577,0.000013214732033175292
400,31622.776601683792,0.000017048542908622508
400,39810.71705534969,0.00002287781008676027
400,50118.72336272726,0.000030946882631352024
400,63095.7344480193,0.00004166262501630994
400,79432.82347242822,0.00005551478651609306
400,100000.,0.00007296369630605109
400,125892.54117941689,0.00009428768180888362
400,158489.31924611138,0.00011938815728861691
400,199526.23149688792,0.0001475773065417178
400,251188.6431509577,0.00017742106162312423
400,316227.7660168379,0.00020676119917915637
400,398107.1705534969,0.00023304856393978525
400,501187.23362727254,0.0002540163738744091
400,630957.344480193,0.0002684816811614948
400,794328.2347242822,0.00027681444193747133
400,1.e6,0.0002806616379234004
500,10.,1.8691763840382295e-9
500,12.589254117941673,2.6835702949272063e-9
500,15.848931924611135,3.869259501670323e-9
500,19.952623149688794,5.609023116428371e-9
500,25.118864315095795,8.186856469508207e-9
500,31.622776601683793,1.2053541428854016e-8
500,39.810717055349734,1.7942968430642575e-8
500,50.11872336272723,2.7086042895932896e-8
500,63.09573444801933,4.161967867629879e-8
500,79.43282347242815,6.540168235593658e-8
500,100.,1.0570256798925785e-7
500,125.89254117941672,1.7684474894146694e-7
500,158.48931924611142,3.0814601142733807e-7
500,199.5262314968879,5.603922051761323e-7
500,251.18864315095794,1.0510720082360019e-6
500,316.22776601683796,1.93855030248518e-6
500,398.1071705534974,3.172671996794595e-6
500,501.18723362727246,4.182793138827985e-6
500,630.957344480193,4.618967560727219e-6
500,794.3282347242822,4.954044625161587e-6
500,1000.0000000000011,6.025628003935218e-6
500,1258.9254117941687,9.198274741929835e-6
500,1584.893192461114,0.000016499721884501383
500,1995.2623149688807,0.000028372142141027876
500,2511.8864315095825,0.00004254850446853799
500,3162.2776601683827,0.000049578137573808965
500,3981.0717055349774,0.00004949842392474071
500,5011.872336272726,0.000043368776035597
500,6309.573444801936,0.000029674313010750177
500,7943.282347242822,0.000018972728439737685
500,10000.,0.00001216828313367815
500,12589.254117941664,7.96243167663855e-6
500,15848.93192461111,5.528944338699961e-6
500,19952.623149688785,4.42827000833511e-6
500,25118.86431509577,4.386794549621233e-6
500,31622.77660168379,5.219448280898819e-6
500,39810.71705534969,6.840790165731471e-6
500,50118.72336272726,9.276841032724277e-6
500,63095.7344480193,0.000012657073497866582
500,79432.82347242821,0.00001719362873877364
500,100000.,0.00002315415365065087
500,125892.54117941688,0.00003082504248624909
500,158489.31924611138,0.000040458397996047846
500,199526.23149688792,0.00005219358213665381
500,251188.64315095768,0.00006595361430478615
500,316227.7660168379,0.00008133188448482326
500,398107.17055349686,0.00009706279798550314
500,501187.2336272725,0.00011329982953334306
500,630957.344480193,0.00012695347684045833
500,794328.2347242822,0.000138083582318288
500,1.e6,0.00014567754505903687
600,10.,1.1454003414910884e-9
600,12.589254117941675,1.6431336910386167e-9
600,15.848931924611133,2.3667273848146797e-9
600,19.952623149688797,3.426496709620483e-9
600,25.118864315095795,4.993128706422429e-9
600,31.622776601683793,7.336194394719525e-9
600,39.810717055349734,1.0891952329625403e-8
600,50.11872336272722,1.638698977688136e-8
600,63.09573444801932,2.507247206155787e-8
600,79.43282347242814,3.918635719605435e-8
600,100.,6.290378358980463e-8
600,125.89254117941675,1.0436494930307569e-7
600,158.48931924611145,1.8009184117818913e-7
600,199.52623149688787,3.243094167616496e-7
600,251.18864315095794,6.047947763458305e-7
600,316.22776601683796,1.1247143184284643e-6
600,398.1071705534974,1.9036293628891032e-6
600,501.18723362727246,2.6307960921497077e-6
600,630.9573444801931,2.983752097074103e-6
600,794.3282347242821,3.175777249908277e-6
600,1000.0000000000011,3.712579232652527e-6
600,1258.9254117941687,5.378623070875489e-6
600,1584.8931924611143,9.482315280755594e-6
600,1995.2623149688811,0.000016902402676249683
600,2511.886431509582,0.00002709985515274354
600,3162.2776601683827,0.00003505174363443238
600,3981.071705534978,0.00003771439747307572
600,5011.872336272725,0.000042013371662590046
600,6309.573444801936,0.0000372089010314484
600,7943.282347242824,0.000022900741727547496
600,9999.999999999998,0.000012473757328322969
600,12589.254117941662,6.621410750334475e-6
600,15848.931924611108,3.7177169940470743e-6
600,19952.62314968879,2.4182316049581047e-6
600,25118.864315095772,1.9740200403491473e-6
600,31622.776601683796,2.063010420969261e-6
600,39810.71705534969,2.5578443273242563e-6
600,50118.72336272726,3.4224066724436353e-6
600,63095.734448019306,4.685548425274238e-6
600,79432.82347242821,6.4298033251352465e-6
600,100000.,8.78092568017933e-6
600,125892.54117941689,0.000011897345573644963
600,158489.31924611138,0.00001595658669768508
600,199526.2314968879,0.00002113323328498431
600,251188.6431509577,0.000027562658652242178
600,316227.7660168379,0.000035287202280940725
600,398107.1705534969,0.00004418833730191307
600,501187.2336272725,0.00005392119433533794
600,630957.344480193,0.00006388512556865906
600,794328.2347242823,0.00007327639143486786
600,1.e6,0.00008125655425212455
700,10.,7.582659936343347e-10
700,12.589254117941673,1.0870777117824593e-9
700,15.848931924611133,1.5645369043219917e-9
700,19.952623149688797,2.2627896823014138e-9
700,25.118864315095795,3.2930901038299363e-9
700,31.622776601683796,4.8304361837299746e-9
700,39.810717055349734,7.156675819049776e-9
700,50.11872336272722,1.0738574396634706e-8
700,63.09573444801933,1.637461803673589e-8
700,79.43282347242814,2.5482381613283325e-8
700,100.,4.068466351617859e-8
700,125.89254117941672,6.705135625006971e-8
700,158.48931924611142,1.1479592832122272e-7
700,199.5262314968879,2.050234526891821e-7
700,251.18864315095794,3.801317302660895e-7
700,316.227766016838,7.096599191888309e-7
700,398.1071705534973,1.2300130128271404e-6
700,501.1872336272725,1.7677345366515034e-6
700,630.957344480193,2.059965869660843e-6
700,794.3282347242822,2.1904483346776484e-6
700,1000.0000000000009,2.4875427244695323e-6
700,1258.925411794169,3.4412869720800062e-6
700,1584.8931924611143,5.897432374785893e-6
700,1995.262314968881,0.000010644163139546346
700,2511.8864315095825,0.00001769669832179943
700,3162.2776601683827,0.000025195200291853102
700,3981.0717055349774,0.00003083992876575021
700,5011.872336272725,0.0000389421811131226
700,6309.573444801937,0.000049644285087231404
700,7943.282347242823,0.0000408974455479253
700,10000.,0.00002466163830625141
700,12589.254117941662,0.000012823815177636099
700,15848.931924611108,5.882276543420038e-6
700,19952.62314968879,2.5644688319492206e-6
700,25118.86431509577,1.3291902341110988e-6
700,31622.776601683792,1.043265808534494e-6
700,39810.71705534969,1.1592108432449985e-6
700,50118.72336272724,1.5024225002157112e-6
700,63095.73444801929,2.046974240025885e-6
700,79432.82347242821,2.8211677820366448e-6
700,100000.,3.883970768466589e-6
700,125892.54117941689,5.31857245259853e-6
700,158489.31924611138,7.228261099430132e-6
700,199526.23149688792,9.730584124124971e-6
700,251188.64315095768,0.000012946185007415394
700,316227.7660168379,0.000016978591544456355
700,398107.17055349686,0.00002188224291720326
700,501187.2336272725,0.000027619388489205507
700,630957.344480193,0.00003401358188381935
700,794328.2347242822,0.00004071842531426846
700,1.0000000000000001e6,0.00004723082569213268
800,10.,5.318440475093193e-10
800,12.589254117941673,7.620743240648004e-10
800,15.848931924611131,1.09606562497817e-9
800,19.952623149688794,1.5839176854824142e-9
800,25.118864315095795,2.3026739013435343e-9
800,31.622776601683793,3.373117504567373e-9
800,39.810717055349734,4.98900896836031e-9
800,50.11872336272722,7.469734923209125e-9
800,63.09573444801933,1.1358694730506808e-8
800,79.43282347242815,1.761460647904513e-8
800,100.,2.7999044048653423e-8
800,125.89254117941675,4.589244497737886e-8
800,158.48931924611142,7.805981726181297e-8
800,199.52623149688787,1.3843612169132296e-7
800,251.18864315095797,2.552553581077094e-7
800,316.227766016838,4.771565670999411e-7
800,398.1071705534973,8.411240756585329e-7
800,501.18723362727246,1.2483217996954091e-6
800,630.9573444801931,1.4929539135267939e-6
800,794.3282347242822,1.5927115109141131e-6
800,1000.000000000001,1.7715380720967055e-6
800,1258.9254117941687,2.3586059519828422e-6
800,1584.893192461114,3.922944863691139e-6
800,1995.262314968881,7.097592069810355e-6
800,2511.886431509582,0.000012005584157941577
800,3162.2776601683827,0.00001788360858841709
800,3981.071705534978,0.00002359874295215007
800,5011.872336272724,0.00003295101074209663
800,6309.573444801936,0.00005015098239441903
800,7943.282347242823,0.000058051508632091323
800,10000.,0.000044287409308892374
800,12589.254117941662,0.000028540480309011
800,15848.931924611112,0.00001629941990947093
800,19952.62314968879,8.072198355779054e-6
800,25118.86431509577,3.4488933079631854e-6
800,31622.776601683792,1.399958595458592e-6
800,39810.71705534969,7.769869147551767e-7
800,50118.72336272726,7.691329529583496e-7
800,63095.7344480193,1.0026868070527348e-6
800,79432.82347242822,1.3792667229693948e-6
800,100000.,1.907668001300761e-6
800,125892.54117941689,2.63034105807061e-6
800,158489.31924611138,3.6062556218885926e-6
800,199526.23149688792,4.907812787906867e-6
800,251188.6431509577,6.617828428168642e-6
800,316227.7660168379,8.822761305737486e-6
800,398107.1705534969,0.000011599645942639719
800,501187.23362727254,0.000014994745092588631
800,630957.344480193,0.00001899390702137715
800,794328.2347242822,0.00002348914440104558
800,1.e6,0.00002825337776297144
900,10.,3.8956201778378446e-10
900,12.589254117941673,5.579564456620687e-10
900,15.848931924611135,8.02047281589713e-10
900,19.952623149688794,1.1582241178287031e-9
900,25.118864315095795,1.682316406759975e-9
900,31.622776601683796,2.4616041632082864e-9
900,39.810717055349734,3.6356336697009624e-9
900,50.11872336272722,5.4335188507251815e-9
900,63.09573444801932,8.243275837988918e-9
900,79.43282347242814,1.2745867463429754e-8
900,100.,2.018514163338868e-8
900,125.89254117941675,3.29331075995433e-8
900,158.48931924611142,5.5708876071445144e-8
900,199.5262314968879,9.820045975697216e-8
900,251.18864315095794,1.8014063138988708e-7
900,316.22776601683796,3.3671528426081776e-7
900,398.1071705534973,6.009436843113993e-7
900,501.1872336272724,9.159903800953794e-7
900,630.957344480193,1.1225521722856381e-6
900,794.3282347242821,1.2045514782892315e-6
900,1000.000000000001,1.3197634869670647e-6
900,1258.9254117941687,1.702079775252387e-6
900,1584.893192461114,2.750253814000344e-6
900,1995.262314968881,4.963387812535537e-6
900,2511.8864315095825,8.487779401340852e-6
900,3162.2776601683827,0.000012945624189079354
900,3981.0717055349783,0.000017390192463995077
900,5011.872336272725,0.00002487415152218568
900,6309.573444801936,0.00003952887096622714
900,7943.282347242822,0.0000543136830823631
900,9999.999999999998,0.000048776438821468754
900,12589.254117941664,0.00003564658593201168
900,15848.931924611108,0.0000241119389624134
900,19952.62314968879,0.000015079810720032115
900,25118.86431509577,8.568930468551071e-6
900,31622.776601683792,4.379388673509913e-6
900,39810.71705534969,2.0541413905930365e-6
900,50118.72336272725,1.0065241741932906e-6
900,63095.73444801929,7.006962125965491e-7
900,79432.82347242821,7.675420100774034e-7
900,99999.99999999999,1.0215327376651277e-6
900,125892.5411794169,1.4088048912993141e-6
900,158489.3192461114,1.9427058428798642e-6
900,199526.23149688792,2.663991846085631e-6
900,251188.64315095768,3.6261788079370717e-6
900,316227.7660168379,4.890785384347109e-6
900,398107.1705534969,6.522175357710522e-6
900,501187.23362727254,8.577978309785925e-6
900,630957.3444801931,0.000011093363545749686
900,794328.2347242822,0.000014059106748381743
900,1.e6,0.000017396712009321996
1000,10.,2.94698225351097e-10
1000,12.589254117941673,4.219282237263028e-10
1000,15.848931924611135,6.062231519874101e-10
1000,19.952623149688794,8.74912541580148e-10
1000,25.118864315095795,1.2698413769049933e-9
1000,31.622776601683793,1.8562688134123023e-9
1000,39.810717055349734,2.738231753371149e-9
1000,50.11872336272723,4.085959550417035e-9
1000,63.09573444801933,6.186594906328146e-9
1000,79.43282347242815,9.541762883920895e-9
1000,100.,1.5063040749894766e-8
1000,125.89254117941672,2.4479305714756548e-8
1000,158.48931924611142,4.121227160553133e-8
1000,199.5262314968879,7.226356636965507e-8
1000,251.18864315095794,1.3194425664218786e-7
1000,316.22776601683796,2.4644337287066133e-7
1000,398.1071705534974,4.4404569912582253e-7
1000,501.18723362727246,6.924717314920738e-7
1000,630.957344480193,8.684295519084777e-7
1000,794.3282347242822,9.388524223438957e-7
1000,1000.0000000000011,1.0172188358631636e-6
1000,1258.9254117941687,1.2769771055565653e-6
1000,1584.893192461114,2.007561349106683e-6
1000,1995.2623149688807,3.6037152799205753e-6
1000,2511.8864315095825,6.216406398511126e-6
1000,3162.2776601683827,9.638577702889837e-6
1000,3981.0717055349774,0.000012995629836441587
1000,5011.872336272726,0.0000183144360307805
1000,6309.573444801936,0.000028828223076955717
1000,7943.282347242822,0.00004192361187258335
1000,10000.,0.000041115566245770964
1000,12589.254117941664,0.0000308077871532923
1000,15848.93192461111,0.00002074313525292798
1000,19952.623149688785,0.000013185350531344726
1000,25118.86431509577,7.810924808657534e-6
1000,31622.77660168379,4.247853999738193e-6
1000,39810.71705534969,2.1049076054240216e-6
1000,50118.72336272726,9.614602757026818e-7
1000,63095.7344480193,4.3423466549996286e-7
1000,79432.82347242821,2.396252483261512e-7
1000,100000.,2.0614232484434304e-7
1000,125892.54117941688,2.49675642999683e-7
1000,158489.31924611138,3.3949176012157274e-7
1000,199526.23149688792,4.722365598895804e-7
1000,251188.64315095768,6.577576580461868e-7
1000,316227.7660168379,9.135212985717652e-7
1000,398107.17055349686,1.2633925050880633e-6
1000,501187.2336272725,1.7379706934836383e-6
1000,630957.344480193,2.3749986391304875e-6
1000,794328.2347242822,3.2189085056817087e-6
1000,1.e6,4.3185539024526784e-6
1100,10.,2.2960755621874727e-10
1100,12.589254117941673,3.2862708447690026e-10
1100,15.848931924611133,4.719710008623135e-10
1100,19.952623149688797,6.807960726022839e-10
1100,25.118864315095795,9.874380358358113e-10
1100,31.622776601683796,1.442217228206035e-9
1100,39.81071705534974,2.125148289481273e-9
1100,50.11872336272723,3.166755374697054e-9
1100,63.09573444801932,4.7864218597531736e-9
1100,79.43282347242814,7.365827847365463e-9
1100,100.,1.1595380157882591e-8
1100,125.89254117941674,1.8777977133630443e-8
1100,158.48931924611142,3.14797153860091e-8
1100,199.5262314968879,5.493338211789144e-8
1100,251.18864315095797,9.98534816272779e-8
1100,316.22776601683796,1.8622372813259947e-7
1100,398.1071705534973,3.3786012578473025e-7
1100,501.18723362727246,5.369882971298345e-7
1100,630.957344480193,6.87894269990966e-7
1100,794.3282347242821,7.500710155775201e-7
1100,1000.0000000000011,8.062857119000277e-7
1100,1258.9254117941687,9.896378791896266e-7
1100,1584.893192461114,1.516758931436997e-6
1100,1995.2623149688807,2.7017935584310685e-6
1100,2511.8864315095825,4.692794514135786e-6
1100,3162.277660168382,7.377116703574125e-6
1100,3981.0717055349783,0.00001000973794168167
1100,5011.872336272725,0.000013905188810946742
1100,6309.573444801936,0.000021598273166012555
1100,7943.282347242823,0.0000326207460146398
1100,10000.,0.00003503108041775226
1100,12589.25411794166,0.000028357720275077252
1100,15848.93192461111,0.00001874195117072552
1100,19952.623149688792,0.000011643815216745024
1100,25118.864315095765,6.954559307237513e-6
1100,31622.776601683792,4.038731536802305e-6
1100,39810.71705534969,2.402178005607172e-6
1100,50118.72336272726,1.6677662377257749e-6
1100,63095.734448019306,1.5445643521257976e-6
1100,79432.82347242821,1.8369334951548764e-6
1100,100000.,2.4515648548948507e-6
1100,125892.54117941688,3.383867546291413e-6
1100,158489.3192461114,4.696611373263659e-6
1100,199526.2314968879,6.504187454146345e-6
1100,251188.64315095768,8.965799128694727e-6
1100,316227.7660168379,0.000012284042644361368
1100,398107.1705534969,0.000016702936244913265
1100,501187.2336272725,0.000022498906256312446
1100,630957.344480193,0.000029957713003069456
1100,794328.2347242823,0.00003932996416567391
1100,1.0000000000000001e6,0.00005075964134485828
1200,10.,1.8272141456475445e-10
1200,12.589254117941675,2.614457236108311e-10
1200,15.848931924611133,3.7534905459652573e-10
1200,19.952623149688797,5.411738898686531e-10
1200,25.118864315095795,7.844692834873441e-10
1200,31.622776601683793,1.1449194438853449e-9
1200,39.810717055349734,1.685484529971345e-9
1200,50.11872336272722,2.5085951056906567e-9
1200,63.09573444801932,3.7858790392731444e-9
1200,79.43282347242814,5.814861021711965e-9
1200,100.,9.131549792719099e-9
1200,125.89254117941675,1.4743063821931492e-8
1200,158.48931924611145,2.462445154733967e-8
1200,199.52623149688787,4.279067219626695e-8
1200,251.18864315095794,7.747211494764339e-8
1200,316.22776601683796,1.442532691993719e-7
1200,398.1071705534974,2.631475192899186e-7
1200,501.18723362727246,4.2515981353686816e-7
1200,630.9573444801931,5.554930256886888e-7
1200,794.3282347242821,6.112953784198533e-7
1200,1000.0000000000011,6.53513752070334e-7
1200,1258.9254117941687,7.872096881857309e-7
1200,1584.8931924611143,1.1792146331995998e-6
1200,1995.2623149688811,2.082561113877372e-6
1200,2511.886431509582,3.638576242878464e-6
1200,3162.2776601683827,5.787827255388138e-6
1200,3981.071705534978,7.932419238426294e-6
1200,5011.872336272725,0.00001095546823028273
1200,6309.573444801936,0.00001688072360893803
1200,7943.282347242824,0.00002601043160044768
1200,9999.999999999998,0.00003001435808504204
1200,12589.254117941662,0.000027930271118058785
1200,15848.931924611108,0.00001891181229810305
1200,19952.62314968879,0.000011182619919715295
1200,25118.864315095772,6.298586583997967e-6
1200,31622.776601683796,3.468145740372392e-6
1200,39810.71705534969,1.949124004650323e-6
1200,50118.72336272726,1.2420545648633003e-6
1200,63095.734448019306,1.0425261757956839e-6
1200,79432.82347242821,1.1691566789550721e-6
1200,100000.,1.5302177735396644e-6
1200,125892.54117941689,2.104988415794955e-6
1200,158489.31924611138,2.9255459709454627e-6
1200,199526.2314968879,4.0631689544191925e-6
1200,251188.6431509577,5.622261837411575e-6
1200,316227.7660168379,7.739806405849043e-6
1200,398107.1705534969,0.00001058634879219688
1200,501187.2336272725,0.00001436420807969957
1200,630957.344480193,0.000019298227453696984
1200,794328.2347242823,0.00002561363249419481
1200,1.e6,0.00003349529054130908
1300,10.,1.481620008099723e-10
1300,12.589254117941673,2.119427198716814e-10
1300,15.848931924611135,3.0418140020079883e-10
1300,19.952623149688794,4.383867614776241e-10
1300,25.118864315095795,6.351446002503294e-10
1300,31.622776601683796,9.263765348472517e-10
1300,39.810717055349734,1.3626259868311749e-9
1300,50.11872336272722,2.025927955426683e-9
1300,63.09573444801933,3.053355334361833e-9
1300,79.43282347242815,4.681769974076687e-9
1300,100.,7.336352325473042e-9
1300,125.89254117941675,1.1812854404312286e-8
1300,158.48931924611142,1.9665735144652535e-8
1300,199.5262314968879,3.40455823352997e-8
1300,251.18864315095794,6.141427395128075e-8
1300,316.2277660168379,1.1415431181388245e-7
1300,398.10717055349744,2.0911566330976024e-7
1300,501.1872336272724,3.4264151477114487e-7
1300,630.957344480193,4.5586809336322725e-7
1300,794.3282347242821,5.063777078179678e-7
1300,1000.0000000000009,5.391716829652642e-7
1300,1258.9254117941687,6.388377237292171e-7
1300,1584.8931924611143,9.365620356207429e-7
1300,1995.2623149688807,1.638318374706481e-6
1300,2511.886431509582,2.8771830426652566e-6
1300,3162.2776601683827,4.6250572508888e-6
1300,3981.071705534978,6.413258457187904e-6
1300,5011.872336272724,8.84994188835397e-6
1300,6309.573444801937,0.000013692997394440368
1300,7943.282347242822,0.000021518208319472698
1300,10000.,0.000026016279481101662
1300,12589.254117941664,0.000028271280937155762
1300,15848.931924611106,0.000021564391039123004
1300,19952.62314968879,0.000012616690113529183
1300,25118.864315095772,6.693718288045146e-6
1300,31622.776601683792,3.371005276154654e-6
1300,39810.71705534969,1.7173153703736124e-6
1300,50118.72336272725,9.886227803165985e-7
1300,63095.7344480193,7.489799917366595e-7
1300,79432.82347242821,7.851935076333336e-7
1300,100000.,1.002177661796143e-6
1300,125892.54117941689,1.3710172035126696e-6
1300,158489.3192461114,1.9061947598943611e-6
1300,199526.23149688792,2.652959959080298e-6
1300,251188.64315095765,3.681583237298813e-6
1300,316227.7660168379,5.086752078974528e-6
1300,398107.1705534969,6.989267990795979e-6
1300,501187.2336272725,9.53704364632802e-6
1300,630957.344480193,0.000012902264139822575
1300,794328.2347242822,0.000017270940430106065
1300,1.0000000000000001e6,0.000022820301703268527
1400,10.,1.2213814203552653e-10
1400,12.589254117941673,1.7467434690274058e-10
1400,15.848931924611133,2.506178420628981e-10
1400,19.952623149688797,3.610527220142486e-10
1400,25.118864315095795,5.228478850349512e-10
1400,31.622776601683796,7.621201154591406e-10
1400,39.810717055349734,1.1201437759891626e-9
1400,50.11872336272722,1.6637599790151995e-9
1400,63.09573444801933,2.5043615754423467e-9
1400,79.43282347242814,3.833852985097656e-9
1400,100.,5.9955346733649995e-9
1400,125.89254117941672,9.62951711653275e-9
1400,158.48931924611142,1.598151471377043e-8
1400,199.5262314968879,2.756873203726235e-8
1400,251.18864315095794,4.9553587839176656e-8
1400,316.227766016838,9.192361134382083e-8
1400,398.1071705534973,1.6892409292391696e-7
1400,501.1872336272725,2.802114528005043e-7
1400,630.957344480193,3.79243555817629e-7
1400,794.3282347242822,4.254485435646792e-7
1400,1000.0000000000009,4.519498492836916e-7
1400,1258.925411794169,5.281122826999542e-7
1400,1584.8931924611143,7.592485719697873e-7
1400,1995.262314968881,1.3146331109165478e-6
1400,2511.8864315095825,2.317120827770493e-6
1400,3162.2776601683827,3.75724104103731e-6
1400,3981.0717055349774,5.26808273628743e-6
1400,5011.872336272725,7.251691974404755e-6
1400,6309.573444801937,0.000011286799781789622
1400,7943.282347242823,0.000018314340874982315
1400,10000.,0.000023148317351262283
1400,12589.254117941662,0.000028336456620539673
1400,15848.931924611108,0.000026315204028631624
1400,19952.62314968879,0.000016467077182237425
1400,25118.86431509577,8.774547392559592e-6
1400,31622.776601683792,4.172892155202535e-6
1400,39810.71705534969,1.859666855505286e-6
1400,50118.72336272724,8.925391473795563e-7
1400,63095.73444801929,5.764563481686615e-7
1400,79432.82347242821,5.531600748548984e-7
1400,100000.,6.838689625668457e-7
1400,125892.54117941689,9.283441459636995e-7
1400,158489.31924611138,1.290092852816381e-6
1400,199526.23149688792,1.798126217718458e-6
1400,251188.64315095768,2.500847717638235e-6
1400,316227.7660168379,3.4651470966230777e-6
1400,398107.17055349686,4.778001245890268e-6
1400,501187.2336272725,6.548367077131788e-6
1400,630957.344480193,8.90720503798629e-6
1400,794328.2347242822,0.0000120030545843935
1400,1.0000000000000001e6,0.000015989814740580773
1500,10.,1.0206170278452308e-10
1500,12.589254117941673,1.4593262774708115e-10
1500,15.848931924611133,2.0932626205953505e-10
1500,19.952623149688797,3.014679902730961e-10
1500,25.11886431509579,4.3638230948598826e-10
1500,31.622776601683796,6.357530552329174e-10
1500,39.810717055349734,9.33793676743993e-10
1500,50.11872336272722,1.3858047141041948e-9
1500,63.09573444801933,2.08373959763653e-9
1500,79.43282347242814,3.1856021373626656e-9
1500,100.,4.973217058052659e-9
1500,125.89254117941674,7.970381629478464e-9
1500,158.48931924611142,1.31931413134571e-8
1500,199.5262314968879,2.2689192760263257e-8
1500,251.18864315095794,4.065718424592011e-8
1500,316.22776601683796,7.528288474236684e-8
1500,398.1071705534973,1.3868635658607305e-7
1500,501.18723362727246,2.3246360553552933e-7
1500,630.957344480193,3.1945589999691583e-7
1500,794.3282347242821,3.617496928906849e-7
1500,1000.0000000000011,3.836708559641344e-7
1500,1258.9254117941687,4.428728150474054e-7
1500,1584.8931924611143,6.252955914032405e-7
1500,1995.2623149688807,1.0715391162430377e-6
1500,2511.886431509582,1.8944572815603137e-6
1500,3162.277660168382,3.0947440453899284e-6
1500,3981.0717055349774,4.382094252865615e-6
1500,5011.872336272725,6.002970360199795e-6
1500,6309.573444801936,9.337026677540237e-6
1500,7943.282347242821,0.000015602890825561636
1500,10000.,0.00002084904967577359
1500,12589.254117941664,0.000027391358150488046
1500,15848.931924611106,0.00003121004105151084
1500,19952.623149688792,0.00002217765801112286
1500,25118.86431509577,0.000012763007236965655
1500,31622.776601683792,6.384406082299096e-6
1500,39810.71705534969,2.773195272517763e-6
1500,50118.72336272725,1.114476823578338e-6
1500,63095.7344480193,5.31305780494059e-7
1500,79432.82347242821,4.157288405178456e-7
1500,99999.99999999999,4.84594866607218e-7
1500,125892.54117941688,6.503092621708679e-7
1500,158489.3192461114,9.024749426328811e-7
1500,199526.2314968879,1.2590649582758107e-6
1500,251188.6431509577,1.754085650018963e-6
1500,316227.7660168379,2.4357870531252893e-6
1500,398107.1705534969,3.3678980137900597e-6
1500,501187.23362727254,4.631628016767851e-6
1500,630957.344480193,6.326863112378755e-6
1500,794328.2347242822,8.570778493665654e-6
1500,1.e6,0.000011491478892628966
1600,10.,8.616420353228878e-11
1600,12.589254117941673,1.231770741296985e-10
1600,15.848931924611131,1.7664109918454117e-10
1600,19.952623149688794,2.5431431136267035e-10
1600,25.118864315095795,3.6797763607236425e-10
1600,31.622776601683793,5.358219909756513e-10
1600,39.810717055349734,7.865042155253453e-10
1600,50.11872336272722,1.166256613463818e-9
1600,63.09573444801933,1.7517848728798038e-9
1600,79.43282347242815,2.6745572789895523e-9
1600,100.,4.168392641678793e-9
1600,125.89254117941675,6.666495535743563e-9
1600,158.48931924611142,1.1006491371386086e-8
1600,199.52623149688787,1.8872026278328634e-8
1600,251.18864315095797,3.371387682207674e-8
1600,316.227766016838,6.230598831612013e-8
1600,398.1071705534973,1.1501784791657984e-7
1600,501.18723362727246,1.946862336549896e-7
1600,630.9573444801931,2.7161664793478954e-7
1600,794.3282347242822,3.1068019059653145e-7
1600,1000.000000000001,3.2934716531819164e-7
1600,1258.9254117941687,3.7611066191726025e-7
1600,1584.893192461114,5.221573503765901e-7
1600,1995.262314968881,8.852993012716099e-7
1600,2511.886431509582,1.5685477570123817e-6
1600,3162.2776601683827,2.579101721002785e-6
1600,3981.071705534978,3.687132945383537e-6
1600,5011.872336272724,5.02437633064408e-6
1600,6309.573444801936,7.769561906048261e-6
1600,7943.282347242823,0.000013213594014132096
1600,10000.,0.000018609599301498182
1600,12589.254117941662,0.000025527981792726363
1600,15848.931924611112,0.000034071205804570915
1600,19952.62314968879,0.000027978424934641974
1600,25118.86431509577,0.00001781954275141116
1600,31622.776601683792,9.968344259169687e-6
1600,39810.71705534969,4.824634227543974e-6
1600,50118.72336272726,1.9993174117233206e-6
1600,63095.7344480193,7.667908933285497e-7
1600,79432.82347242822,3.8555216975736333e-7
1600,100000.,3.5683484035833393e-7
1600,125892.54117941689,4.593970959880427e-7
1600,158489.31924611138,6.349449674558657e-7
1600,199526.23149688792,8.863506227596823e-7
1600,251188.6431509577,1.2366743728600912e-6
1600,316227.7660168379,1.7279461820668542e-6
1600,398107.1705534969,2.394999920554808e-6
1600,501187.23362727254,3.3036731050241574e-6
1600,630957.344480193,4.529913395757483e-6
1600,794328.2347242822,6.165274610232639e-6
1600,1.e6,8.31408242403578e-6
1800,10.,6.357866834057077e-11
1800,12.589254117941673,9.085902832822398e-11
1800,15.848931924611135,1.3024017920529458e-10
1800,19.952623149688794,1.8740881550004763e-10
1800,25.118864315095795,2.709844087871661e-10
1800,31.622776601683796,3.9424641089697123e-10
1800,39.810717055349734,5.780581450136759e-10
1800,50.11872336272722,8.559709330070865e-10
1800,63.09573444801932,1.283441725209449e-9
1800,79.43282347242814,1.9551056150767e-9
1800,100.,3.0384384222121524e-9
1800,125.89254117941675,4.842033797890947e-9
1800,158.48931924611142,7.959209435157847e-9
1800,199.5262314968879,1.3576711130349492e-8
1800,251.18864315095794,2.4123064150126446e-8
1800,316.22776601683796,4.441064369734418e-8
1800,398.1071705534973,8.217300126612573e-8
1800,501.1872336272724,1.4119901394381214e-7
1800,630.957344480193,2.020644138090205e-7
1800,794.3282347242821,2.3544406358316142e-7
1800,1000.000000000001,2.4978226916912376e-7
1800,1258.9254117941687,2.8037243098540053e-7
1800,1584.893192461114,3.779810397975103e-7
1800,1995.262314968881,6.274919951810891e-7
1800,2511.8864315095825,1.113849872188673e-6
1800,3162.2776601683827,1.850897960524433e-6
1800,3981.0717055349783,2.6927379055510477e-6
1800,5011.872336272725,3.636550724269527e-6
1800,6309.573444801936,5.5238002454766715e-6
1800,7943.282347242822,9.458583354865803e-6
1800,9999.999999999998,0.000014083924052777508
1800,12589.254117941664,0.000019789570632298205
1800,15848.931924611108,0.000030089026937580763
1800,19952.62314968879,0.00003029938401470049
1800,25118.86431509577,0.00002194119572526177
1800,31622.776601683792,0.00001419956785463409
1800,39810.71705534969,8.445812571207445e-6
1800,50118.72336272725,4.527229290906331e-6
1800,63095.73444801929,2.145188854070983e-6
1800,79432.82347242821,8.971550237313943e-7
1800,99999.99999999999,3.6025796013237445e-7
1800,125892.5411794169,1.9392887525471788e-7
1800,158489.3192461114,1.883312687189921e-7
1800,199526.23149688792,2.479263056323944e-7
1800,251188.64315095768,3.456083895330192e-7
1800,316227.7660168379,4.839233746746931e-7
1800,398107.1705534969,6.764349163776293e-7
1800,501187.23362727254,9.430369739836493e-7
1800,630957.3444801931,1.3103489877539736e-6
1800,794328.2347242822,1.8131901175328027e-6
1800,1.e6,2.4960792769345216e-6
2000,10.,4.835808012107133e-11
2000,12.589254117941673,6.908763360676473e-11
2000,15.848931924611135,9.899625087106221e-11
2000,19.952623149688794,1.423847077575128e-10
2000,25.118864315095795,2.0576139308029211e-10
2000,31.622776601683793,2.9913398923296867e-10
2000,39.810717055349734,4.3818911714994746e-10
2000,50.11872336272723,6.480836989315607e-10
2000,63.09573444801933,9.702648708654264e-10
2000,79.43282347242815,1.475194705697019e-9
2000,100.,2.287036630068409e-9
2000,125.89254117941672,3.6334968315672157e-9
2000,158.48931924611142,5.950234956450194e-9
2000,199.5262314968879,1.0104907650628453e-8
2000,251.18864315095794,1.7870212780293132e-8
2000,316.22776601683796,3.278435731818436e-8
2000,398.1071705534974,6.075088906012327e-8
2000,501.18723362727246,1.0568670135867846e-7
2000,630.957344480193,1.546937357766191e-7
2000,794.3282347242822,1.8352594423873542e-7
2000,1000.0000000000011,1.9518821696502056e-7
2000,1258.9254117941687,2.1610360087230075e-7
2000,1584.893192461114,2.8398092038940644e-7
2000,1995.2623149688807,4.6187439536985736e-7
2000,2511.8864315095825,8.199840362751424e-7
2000,3162.2776601683827,1.3749718446281718e-6
2000,3981.0717055349774,2.032272025497192e-6
2000,5011.872336272726,2.7289822871154187e-6
2000,6309.573444801936,4.069486353777394e-6
2000,7943.282347242822,6.919141107142544e-6
2000,10000.,0.000010555096243478205
2000,12589.254117941664,0.000014648663719624321
2000,15848.93192461111,0.000022724556887665926
2000,19952.623149688785,0.000025542844120322964
2000,25118.86431509577,0.0000198784727803513
2000,31622.77660168379,0.000012695728053309004
2000,39810.71705534969,7.50245105919068e-6
2000,50118.72336272726,4.110130923838173e-6
2000,63095.7344480193,2.0619289737318615e-6
2000,79432.82347242821,9.44348533759602e-7
2000,100000.,4.1252640760092656e-7
2000,125892.54117941688,2.0597275274344724e-7
2000,158489.31924611138,1.5811769344892843e-7
2000,199526.23149688792,1.829707701659547e-7
2000,251188.64315095768,2.4706113612022043e-7
2000,316227.7660168379,3.44317558413092e-7
2000,398107.17055349686,4.814245105688932e-7
2000,501187.2336272725,6.719297173206897e-7
2000,630957.344480193,9.350337681948997e-7
2000,794328.2347242822,1.2962309346971854e-6
2000,1.e6,1.7884540083265616e-6
2250,10.,3.580827700928357e-11
2250,12.589254117941675,5.1143133617110816e-11
2250,15.848931924611133,7.32562713206234e-11
2250,19.952623149688794,1.0531393043802283e-10
2250,25.118864315095795,1.5209978413687482e-10
2250,31.622776601683796,2.2095495990115162e-10
2250,39.810717055349734,3.233590494237173e-10
2250,50.11872336272722,4.776700234593053e-10
2250,63.09573444801932,7.14032613982654e-10
2250,79.43282347242814,1.0834954461193062e-9
2250,100.,1.675613872033569e-9
2250,125.89254117941674,2.6538158437316147e-9
2250,158.48931924611142,4.3291590404529705e-9
2250,199.5262314968879,7.3181997090799e-9
2250,251.18864315095794,1.2877584383695242e-8
2250,316.22776601683796,2.3529345372145854e-8
2250,398.1071705534973,4.361987326209153e-8
2250,501.18723362727246,7.672337247927652e-8
2250,630.957344480193,1.1484459567365749e-7
2250,794.3282347242821,1.3896887475511312e-7
2250,1000.0000000000009,1.4843136161962456e-7
2250,1258.925411794169,1.6221889244815744e-7
2250,1584.8931924611143,2.07548901088766e-7
2250,1995.2623149688807,3.295202964779456e-7
2250,2511.8864315095825,5.836343190205843e-7
2250,3162.2776601683827,9.87816109812248e-7
2250,3981.0717055349774,1.4855760817965284e-6
2250,5011.872336272725,1.989640868713061e-6
2250,6309.573444801936,2.907147024741901e-6
2250,7943.282347242823,4.8834900193740305e-6
2250,10000.,7.645001454306345e-6
2250,12589.254117941662,0.000010524239921024872
2250,15848.93192461111,0.00001642575793716732
2250,19952.62314968879,0.000020725517723253864
2250,25118.864315095772,0.000019819470390075267
2250,31622.776601683792,0.00001320612435220241
2250,39810.71705534969,7.452194997542994e-6
2250,50118.72336272726,3.867004611990877e-6
2250,63095.7344480193,1.8891289906137668e-6
2250,79432.82347242821,9.138883938252498e-7
2250,99999.99999999999,4.991677297343863e-7
2250,125892.54117941689,3.814477483512692e-7
2250,158489.3192461114,4.215769356377524e-7
2250,199526.23149688792,5.572948487520898e-7
2250,251188.6431509577,7.7335350038091e-7
2250,316227.7660168379,1.0822368978626892e-6
2250,398107.1705534969,1.513967326199846e-6
2250,501187.2336272725,2.11323288810049e-6
2250,630957.344480193,2.940823138457336e-6
2250,794328.2347242822,4.077005999217728e-6
2250,1.e6,5.625393317358109e-6
2500,10.,2.7294935064356777e-11
2500,12.589254117941673,3.897377157830581e-11
2500,15.848931924611133,5.580671429715571e-11
2500,19.952623149688797,8.019477319997496e-11
2500,25.118864315095795,1.1576019459225503e-10
2500,31.6227766016838,1.6805194060193963e-10
2500,39.810717055349734,2.4572871428587885e-10
2500,50.11872336272722,3.6260236423388244e-10
2500,63.09573444801933,5.41285069752775e-10
2500,79.43282347242815,8.199366689597038e-10
2500,100.,1.2652361901626308e-9
2500,125.89254117941672,1.998329000252988e-9
2500,158.48931924611142,3.248725352834772e-9
2500,199.52623149688787,5.469396845730277e-9
2500,251.18864315095794,9.581455838672626e-9
2500,316.22776601683796,1.7441567881857757e-8
2500,398.1071705534973,3.233471882594039e-8
2500,501.1872336272724,5.740219691416367e-8
2500,630.957344480193,8.768225632820798e-8
2500,794.3282347242821,1.081792420271886e-7
2500,1000.000000000001,1.1621144369501347e-7
2500,1258.9254117941687,1.2574154460016443e-7
2500,1584.8931924611143,1.572043433215418e-7
2500,1995.2623149688807,2.4394029081258295e-7
2500,2511.8864315095825,4.3029967938505295e-7
2500,3162.2776601683827,7.343520812915473e-7
2500,3981.0717055349774,1.1216094886646624e-6
2500,5011.872336272725,1.504033913942704e-6
2500,6309.573444801937,2.159915611313944e-6
2500,7943.282347242822,3.585092721997069e-6
2500,10000.,5.763936307408108e-6
2500,12589.254117941664,8.0572116491989e-6
2500,15848.93192461111,0.000012692907379708669
2500,19952.62314968879,0.000017214875417674
2500,25118.86431509577,0.000020851608946090534
2500,31622.776601683792,0.000017367751593815727
2500,39810.71705534969,0.000010309460435220267
2500,50118.72336272726,5.2901265985934996e-6
2500,63095.734448019306,2.383694539647892e-6
2500,79432.82347242822,9.772409852016534e-7
2500,100000.,4.209164333083045e-7
2500,125892.54117941688,2.5518028101627616e-7
2500,158489.3192461114,2.498075992013856e-7
2500,199526.2314968879,3.188310315445923e-7
2500,251188.6431509577,4.395731655157509e-7
2500,316227.7660168379,6.151724996266876e-7
2500,398107.1705534969,8.618503293021385e-7
2500,501187.2336272724,1.2054573132983743e-6
2500,630957.344480193,1.6818868358079696e-6
2500,794328.2347242823,2.339243330052603e-6
2500,1.e6,3.2407316322995965e-6
2750,10.,2.1454009320176006e-11
2750,12.589254117941675,3.0627147786590565e-11
2750,15.848931924611135,4.3843373884933803e-11
2750,19.952623149688797,6.298195178167173e-11
2750,25.1188643150958,9.087462657472138e-11
2750,31.622776601683796,1.318531154266903e-10
2750,39.810717055349734,1.9266495596976324e-10
2750,50.118723362727216,2.8405108159278463e-10
2750,63.09573444801933,4.235529776027012e-10
2750,79.43282347242814,6.40688566422253e-10
2750,100.,9.868668831425645e-10
2750,125.89254117941672,1.5551468137362905e-9
2750,158.48931924611142,2.521137699779576e-9
2750,199.5262314968879,4.230136753397315e-9
2750,251.18864315095794,7.382654789208607e-9
2750,316.22776601683796,1.339417897758158e-8
2750,398.1071705534974,2.4815518379982322e-8
2750,501.1872336272725,4.433941294761359e-8
2750,630.957344480193,6.880998617362036e-8
2750,794.3282347242822,8.630720480746049e-8
2750,1000.0000000000011,9.326007939455393e-8
2750,1258.9254117941687,1.0016800858270377e-7
2750,1584.8931924611143,1.2287366939507116e-7
2750,1995.2623149688807,1.8676944662699896e-7
2750,2511.886431509582,3.2762444684062906e-7
2750,3162.277660168382,5.628900851004506e-7
2750,3981.0717055349783,8.710025229681449e-7
2750,5011.872336272724,1.1724375920722477e-6
2750,6309.573444801937,1.6590945651620029e-6
2750,7943.282347242823,2.7186772310695706e-6
2750,10000.,4.450399620352331e-6
2750,12589.254117941664,6.297786969133256e-6
2750,15848.93192461111,0.000010123983693804684
2750,19952.62314968879,0.000014618677469088815
2750,25118.864315095772,0.000020210781976705276
2750,31622.77660168379,0.00002236781860707923
2750,39810.71705534969,0.00001555325242152752
2750,50118.72336272725,9.057869304670689e-6
2750,63095.7344480193,4.597280072669956e-6
2750,79432.82347242821,1.980330349949464e-6
2750,99999.99999999999,7.189750694727215e-7
2750,125892.54117941689,2.465747905347389e-7
2750,158489.3192461114,1.2550434055681553e-7
2750,199526.23149688792,1.2578977085545923e-7
2750,251188.64315095768,1.66947540742336e-7
2750,316227.7660168379,2.3292691385398905e-7
2750,398107.1705534969,3.270027791806875e-7
2750,501187.2336272725,4.589077453403329e-7
2750,630957.3444801931,6.430312351507437e-7
2750,794328.2347242822,8.991857170739625e-7
2750,1.0000000000000001e6,1.2541462231576452e-6
3000,10.,1.72038161991398e-11
3000,12.589254117941673,2.4555066721798974e-11
3000,15.848931924611133,3.514270827269069e-11
3000,19.952623149688797,5.046807668440247e-11
3000,25.11886431509579,7.279104698730268e-11
3000,31.622776601683796,1.0556411067221704e-10
3000,39.810717055349734,1.5415692026378867e-10
3000,50.11872336272722,2.2710128078980075e-10
3000,63.09573444801933,3.3830047278544033e-10
3000,79.43282347242814,5.110906837996859e-10
3000,100.,7.859959404767907e-10
3000,125.89254117941674,1.236131550907076e-9
3000,158.48931924611142,1.9989900739233065e-9
3000,199.5262314968879,3.3440180932331547e-9
3000,251.18864315095794,5.816668401304292e-9
3000,316.22776601683796,1.0521245405960284e-8
3000,398.1071705534973,1.9478381776097802e-8
3000,501.18723362727246,3.499276668963428e-8
3000,630.957344480193,5.507648585235227e-8
3000,794.3282347242821,7.016598382687462e-8
3000,1000.0000000000011,7.630067141734372e-8
3000,1258.9254117941687,8.148766717929388e-8
3000,1584.8931924611143,9.832251353843287e-8
3000,1995.2623149688807,1.4661256279283246e-7
3000,2511.886431509582,2.555308970591422e-7
3000,3162.277660168382,4.4157140434396966e-7
3000,3981.0717055349774,6.910125777525477e-7
3000,5011.872336272725,9.350010131798741e-7
3000,6309.573444801936,1.3061473012577405e-6
3000,7943.282347242821,2.1126167153204864e-6
3000,10000.,3.4994503605118515e-6
3000,12589.254117941664,4.976385394743626e-6
3000,15848.931924611106,8.000803417982499e-6
3000,19952.623149688792,0.000012080343467264236
3000,25118.86431509577,0.00001729441593832372
3000,31622.776601683792,0.000022616797108752524
3000,39810.71705534969,0.000018032884945164436
3000,50118.72336272725,0.000011594517792098223
3000,63095.7344480193,6.755376070232293e-6
3000,79432.82347242821,3.5160194095335057e-6
3000,99999.99999999999,1.5958827950941075e-6
3000,125892.54117941688,6.273331655210615e-7
3000,158489.3192461114,2.3473997823179594e-7
3000,199526.2314968879,1.246260852655126e-7
3000,251188.6431509577,1.2626455204688692e-7
3000,316227.7660168379,1.6930515035714774e-7
3000,398107.1705534969,2.3705846487552578e-7
3000,501187.23362727254,3.3283195379507514e-7
3000,630957.344480193,4.667196955027528e-7
3000,794328.2347242822,6.53254160678463e-7
3000,1.e6,9.122017591461708e-7
3500,10.,1.1658464946572229e-11
3500,12.589254117941675,1.66348452343645e-11
3500,15.848931924611135,2.3797830151458727e-11
3500,19.952623149688797,3.415835822116829e-11
3500,25.1188643150958,4.923539262930488e-11
3500,31.622776601683796,7.13444270756634e-11
3500,39.810717055349734,1.0407724393093056e-10
3500,50.118723362727216,1.5312281461395617e-10
3500,63.09573444801933,2.2771721834320362e-10
3500,79.43282347242814,3.4329533173339096e-10
3500,100.,5.265259047869507e-10
3500,125.89254117941672,8.25254960920156e-10
3500,158.48931924611142,1.3289117113414544e-9
3500,199.52623149688787,2.2117187318914116e-9
3500,251.18864315095794,3.8249027282659e-9
3500,316.22776601683796,6.8810605640770225e-9
3500,398.1071705534974,1.2713693124498574e-8
3500,501.1872336272724,2.302036628349568e-8
3500,630.957344480193,3.707561080187729e-8
3500,794.3282347242822,4.8559319557200405e-8
3500,1000.0000000000011,5.350246840905391e-8
3500,1258.9254117941687,5.6703492267201665e-8
3500,1584.893192461114,6.659215273659155e-8
3500,1995.262314968881,9.593518996694834e-8
3500,2511.8864315095825,1.6472081694213993e-7
3500,3162.2776601683827,2.871606914444241e-7
3500,3981.071705534978,4.578461224681578e-7
3500,5011.872336272725,6.278651312504124e-7
3500,6309.573444801936,8.591768086114586e-7
3500,7943.282347242824,1.3558193575081313e-6
3500,9999.999999999998,2.276280506786574e-6
3500,12589.254117941664,3.261288552979569e-6
3500,15848.931924611108,5.102409343769547e-6
3500,19952.623149688792,7.978846297027381e-6
3500,25118.86431509577,0.000011255538556927473
3500,31622.776601683796,0.000016406570009892577
3500,39810.71705534969,0.000016443852446138076
3500,50118.72336272725,0.000011193319855501903
3500,63095.7344480193,6.393361125163783e-6
3500,79432.82347242821,3.319125775550246e-6
3500,100000.,1.5686357271213707e-6
3500,125892.54117941688,6.765306545045575e-7
3500,158489.3192461114,2.7518011302422185e-7
3500,199526.2314968879,1.243653673107647e-7
3500,251188.64315095768,8.764004207480664e-8
3500,316227.7660168379,9.903777784388125e-8
3500,398107.17055349686,1.3375974979175546e-7
3500,501187.2336272725,1.8695864570775716e-7
3500,630957.344480193,2.6226868382914067e-7
3500,794328.2347242823,3.6751379630847854e-7
3500,1.e6,5.139659384517008e-7
4000,10.,8.30886103581285e-12
4000,12.589254117941673,1.1852190751100768e-11
4000,15.848931924611135,1.6949829855650814e-11
4000,19.952623149688794,2.4318288146956252e-11
4000,25.118864315095795,3.5032455402795434e-11
4000,31.622776601683793,5.072776815672537e-11
4000,39.810717055349734,7.393529287755683e-11
4000,50.11872336272723,1.0865296585460933e-10
4000,63.09573444801933,1.613504152266172e-10
4000,79.43282347242815,2.427983656574829e-10
4000,100.,3.7152549347355554e-10
4000,125.89254117941672,5.806106155171566e-10
4000,158.48931924611142,9.315538602038262e-10
4000,199.5262314968879,1.54354183404107e-9
4000,251.18864315095794,2.6559216609827514e-9
4000,316.22776601683796,4.754808643379574e-9
4000,398.1071705534974,8.765285349351714e-9
4000,501.18723362727246,1.5962054572419057e-8
4000,630.957344480193,2.6203396194485224e-8
4000,794.3282347242822,3.5199222744312614e-8
4000,1000.0000000000011,3.933283522004128e-8
4000,1258.9254117941687,4.1521191090356985e-8
4000,1584.893192461114,4.7742871460569534e-8
4000,1995.2623149688807,6.675446680318888e-8
4000,2511.8864315095825,1.1276047568394819e-7
4000,3162.2776601683827,1.9771626585315737e-7
4000,3981.0717055349774,3.1995933385799734e-7
4000,5011.872336272726,4.454692579546969e-7
4000,6309.573444801936,6.006136520283523e-7
4000,7943.282347242822,9.273515550335544e-7
4000,10000.,1.5652274461916618e-6
4000,12589.254117941664,2.2717372928809998e-6
4000,15848.93192461111,3.468547536162167e-6
4000,19952.623149688785,5.601447564499052e-6
4000,25118.86431509577,7.956208083458753e-6
4000,31622.77660168379,0.000012215865862813903
4000,39810.71705534969,0.00001584877846934014
4000,50118.72336272726,0.000014778291020894364
4000,63095.7344480193,9.159099093948731e-6
4000,79432.82347242821,4.816189688622712e-6
4000,100000.,2.1919166029280517e-6
4000,125892.54117941688,8.638679194129081e-7
4000,158489.31924611138,3.1788911186957964e-7
4000,199526.23149688792,1.4447433805393343e-7
4000,251188.64315095768,1.1548272327301828e-7
4000,316227.7660168379,1.3991866302810367e-7
4000,398107.17055349686,1.918340001873605e-7
4000,501187.2336272725,2.689331083021658e-7
4000,630957.344480193,3.7788695428556876e-7
4000,794328.2347242822,5.305171760415515e-7
4000,1.e6,7.436532532577719e-7
4500,10.,6.195199022210816e-12
4500,12.589254117941675,8.8352116009993e-12
4500,15.848931924611133,1.2631738116756278e-11
4500,19.952623149688794,1.811667076784696e-11
4500,25.118864315095795,2.6086943561663833e-11
4500,31.622776601683796,3.775324346462294e-11
4500,39.810717055349734,5.4985841716708237e-11
4500,50.11872336272722,8.073243158927563e-11
4500,63.09573444801932,1.1975067159150091e-10
4500,79.43282347242814,1.7993698879325907e-10
4500,100.,2.748275287927439e-10
4500,125.89254117941674,4.2849163141647743e-10
4500,158.48931924611142,6.854844300373269e-10
4500,199.5262314968879,1.1317753467459922e-9
4500,251.18864315095794,1.939402506022829e-9
4500,316.22776601683796,3.4577516893922645e-9
4500,398.1071705534973,6.3590626579876756e-9
4500,501.18723362727246,1.1619932721181054e-8
4500,630.957344480193,1.9344506154433876e-8
4500,794.3282347242821,2.6522402627876053e-8
4500,1000.0000000000009,3.002070201349438e-8
4500,1258.925411794169,3.1643924899453895e-8
4500,1584.8931924611143,3.582266438571228e-8
4500,1995.2623149688807,4.888690680270918e-8
4500,2511.8864315095825,8.128357346030773e-8
4500,3162.2776601683827,1.4291597386840006e-7
4500,3981.0717055349774,2.3381711082094344e-7
4500,5011.872336272725,3.300242113506503e-7
4500,6309.573444801936,4.4028029356291155e-7
4500,7943.282347242823,6.671507912718369e-7
4500,10000.,1.1257473629126445e-6
4500,12589.254117941662,1.657616406909816e-6
4500,15848.93192461111,2.477175280279796e-6
4500,19952.62314968879,4.079806290257734e-6
4500,25118.864315095772,5.92493054181559e-6
4500,31622.776601683792,9.451321168739754e-6
4500,39810.71705534969,0.000013631717871095124
4500,50118.72336272726,0.00001739499248380515
4500,63095.7344480193,0.000013348511227206969
4500,79432.82347242821,8.19023372283984e-6
4500,99999.99999999999,4.477843547348337e-6
4500,125892.54117941689,2.137090254455121e-6
4500,158489.3192461114,8.669886645559207e-7
4500,199526.23149688792,3.0206125655958744e-7
4500,251188.6431509577,1.1182336446950912e-7
4500,316227.7660168379,7.654506038872481e-8
4500,398107.1705534969,9.27110532908796e-8
4500,501187.2336272725,1.2854229495784256e-7
4500,630957.344480193,1.8069340599148793e-7
4500,794328.2347242822,2.540452128701142e-7
4500,1.e6,3.5677948004489996e-7
5000,10.,4.7483342976138984e-12
5000,12.589254117941673,6.770406913735362e-12
5000,15.848931924611133,9.67719616649755e-12
5000,19.952623149688797,1.3874715189944276e-11
5000,25.118864315095795,1.9970589974117617e-11
5000,31.6227766016838,2.888661687615246e-11
5000,39.810717055349734,4.20443727035592e-11
5000,50.11872336272722,6.167982337383945e-11
5000,63.09573444801933,9.139319068442378e-11
5000,79.43282347242815,1.3714300920181452e-10
5000,100.,2.0911019096127978e-10
5000,125.89254117941672,3.253313183222886e-10
5000,158.48931924611142,5.190603507508227e-10
5000,199.52623149688787,8.542018772832961e-10
5000,251.18864315095794,1.4582226103916713e-9
5000,316.22776601683796,2.5899293705807518e-9
5000,398.1071705534973,4.751987376219216e-9
5000,501.1872336272724,8.707732011205804e-9
5000,630.957344480193,1.468071666000824e-8
5000,794.3282347242821,2.0526424851196668e-8
5000,1000.000000000001,2.3548159197522003e-8
5000,1258.9254117941687,2.4823125968990445e-8
5000,1584.8931924611143,2.773355412656396e-8
5000,1995.2623149688807,3.702253925915811e-8
5000,2511.8864315095825,6.05822661557394e-8
5000,3162.2776601683827,1.0666921360341006e-7
5000,3981.0717055349774,1.762152259466288e-7
5000,5011.872336272725,2.522073083824768e-7
5000,6309.573444801937,3.340942164592301e-7
5000,7943.282347242822,4.977882087132135e-7
5000,10000.,8.370547671462239e-7
5000,12589.254117941664,1.2513056893291286e-6
5000,15848.93192461111,1.8352628553858395e-6
5000,19952.62314968879,3.042135346495337e-6
5000,25118.86431509577,4.4371499041416205e-6
5000,31622.776601683792,7.111030670520015e-6
5000,39810.71705534969,0.000010364552570911812
5000,50118.72336272726,0.00001457783713551556
5000,63095.734448019306,0.000013111829123610743
5000,79432.82347242822,8.33929725491841e-6
5000,100000.,4.67725669802114e-6
5000,125892.54117941688,2.374123432320697e-6
5000,158489.3192461114,1.0800184984986259e-6
5000,199526.2314968879,4.3926067153553915e-7
5000,251188.6431509577,1.6836199430455195e-7
5000,316227.7660168379,7.805617779470796e-8
5000,398107.1705534969,6.344020240376161e-8
5000,501187.2336272724,7.836219948565239e-8
5000,630957.344480193,1.0828574386687689e-7
5000,794328.2347242823,1.52067891743454e-7
5000,1.e6,2.1371828407899433e-7
6000,10.,3.0132479850671927e-12
6000,12.589254117941673,4.294997382316808e-12
6000,15.848931924611133,6.1364050503628965e-12
6000,19.952623149688797,8.793393395819606e-12
6000,25.11886431509579,1.2648234428708649e-11
6000,31.622776601683796,1.8279501978720262e-11
6000,39.810717055349734,2.6576951985018465e-11
6000,50.11872336272722,3.8935344537925954e-11
6000,63.09573444801933,5.7591455151979004e-11
6000,79.43282347242814,8.622986224023153e-11
6000,100.,1.311119070006846e-10
6000,125.89254117941674,2.0326180659197897e-10
6000,158.48931924611142,3.228672667495738e-10
6000,199.5262314968879,5.284538810853626e-10
6000,251.18864315095794,8.964103204641655e-10
6000,316.22776601683796,1.5815762502378823e-9
6000,398.1071705534973,2.8883627227386683e-9
6000,501.18723362727246,5.307906511209799e-9
6000,630.957344480193,9.115743693634008e-9
6000,794.3282347242821,1.3159858958656366e-8
6000,1000.0000000000011,1.547619543734758e-8
6000,1258.9254117941687,1.6372668086763686e-8
6000,1584.8931924611143,1.796435281064302e-8
6000,1995.2623149688807,2.3175359377603763e-8
6000,2511.886431509582,3.685061826785995e-8
6000,3162.277660168382,6.476881623085079e-8
6000,3981.0717055349774,1.0846076616455458e-7
6000,5011.872336272725,1.5887300817124092e-7
6000,6309.573444801936,2.089238001054814e-7
6000,7943.282347242821,3.0273921356718853e-7
6000,10000.,5.03026447102697e-7
6000,12589.254117941664,7.728891966670804e-7
6000,15848.931924611106,1.1040181161115686e-6
6000,19952.623149688792,1.824130617484561e-6
6000,25118.86431509577,2.6903714881739014e-6
6000,31622.776601683792,4.29199836800994e-6
6000,39810.71705534969,6.4266042630805345e-6
6000,50118.72336272725,9.807292616606367e-6
6000,63095.7344480193,0.000013074108523114893
6000,79432.82347242821,0.000011820598819325383
6000,99999.99999999999,7.214323051793142e-6
6000,125892.54117941688,3.7630280237030678e-6
6000,158489.3192461114,1.681967514868996e-6
6000,199526.2314968879,6.322705273142725e-7
6000,251188.6431509577,2.0766725199872862e-7
6000,316227.7660168379,7.823587286048777e-8
6000,398107.1705534969,5.6458170861257975e-8
6000,501187.23362727254,6.834537004334092e-8
6000,630957.344480193,9.429259908100214e-8
6000,794328.2347242822,1.3252347983721882e-7
6000,1.e6,1.8653107204364003e-7
7000,10.,2.056353198960015e-12
7000,12.589254117941675,2.9303100284895465e-12
7000,15.848931924611135,4.185266054206348e-12
7000,19.952623149688797,5.994964912924557e-12
7000,25.1188643150958,8.618543009037545e-12
7000,31.622776601683796,1.2447498452421877e-11
7000,39.810717055349734,1.808257909219585e-11
7000,50.118723362727216,2.64630351687842e-11
7000,63.09573444801933,3.9090448888208936e-11
7000,79.43282347242814,5.84292735925161e-11
7000,100.,8.864965066091386e-11
7000,125.89254117941672,1.3705836015039242e-10
7000,158.48931924611142,2.1696430980956675e-10
7000,199.52623149688787,3.536252695552455e-10
7000,251.18864315095794,5.968772091373821e-10
7000,316.22776601683796,1.0475380850232607e-9
7000,398.1071705534974,1.905315033279783e-9
7000,501.1872336272724,3.5054946962103906e-9
7000,630.957344480193,6.098589267385336e-9
7000,794.3282347242822,9.026525012945242e-9
7000,1000.0000000000011,1.0847290354551284e-8
7000,1258.9254117941687,1.1535335027658997e-8
7000,1584.893192461114,1.2498878180667715e-8
7000,1995.262314968881,1.5697407148585625e-8
7000,2511.8864315095825,2.4330810848683262e-8
7000,3162.2776601683827,4.258156136911098e-8
7000,3981.071705534978,7.205845276295964e-8
7000,5011.872336272725,1.0765496258065238e-7
7000,6309.573444801936,1.4153884675539434e-7
7000,7943.282347242824,2.0069654308286608e-7
7000,9999.999999999998,3.2874277309729245e-7
7000,12589.254117941664,5.160824472081615e-7
7000,15848.931924611108,7.263229709189512e-7
7000,19952.623149688792,1.1835947994905806e-6
7000,25118.86431509577,1.7721312718721076e-6
7000,31622.776601683796,2.7832341035141816e-6
7000,39810.71705534969,4.30554681169846e-6
7000,50118.72336272725,6.724846487679114e-6
7000,63095.7344480193,9.939112933445694e-6
7000,79432.82347242821,0.000012360838384356435
7000,100000.,9.37063921351327e-6
7000,125892.54117941688,5.529104965438438e-6
7000,158489.3192461114,2.920761456016232e-6
7000,199526.2314968879,1.3754518401922263e-6
7000,251188.64315095768,5.698970149537279e-7
7000,316227.7660168379,2.0894545307399084e-7
7000,398107.17055349686,7.615606033428134e-8
7000,501187.2336272725,4.161593832364624e-8
7000,630957.344480193,4.3015336036342564e-8
7000,794328.2347242823,5.780679012319353e-8
7000,1.e6,8.108244108160449e-8
8000,10.,1.4749263853453714e-12
8000,12.589254117941673,2.101314421823106e-12
8000,15.848931924611135,3.000408665950052e-12
8000,19.952623149688794,4.296276737634233e-12
8000,25.118864315095795,6.173730322109999e-12
8000,31.622776601683793,8.911549914492965e-12
8000,39.810717055349734,1.2936724063126489e-11
8000,50.11872336272723,1.891534486701099e-11
8000,63.09573444801933,2.7909466654664553e-11
8000,79.43282347242815,4.1656723476074673e-11
8000,100.,6.308672278112292e-11
8000,125.89254117941672,9.731139699964953e-11
8000,158.48931924611142,1.53599284183491e-10
8000,199.5262314968879,2.494564021957023e-10
8000,251.18864315095794,4.192752591538086e-10
8000,316.22776601683796,7.324911916790562e-10
8000,398.1071705534974,1.3273928739350544e-9
8000,501.18723362727246,2.4432091963390823e-9
8000,630.957344480193,4.293700299375147e-9
8000,794.3282347242822,6.491741713099246e-9
8000,1000.0000000000011,7.95977135965186e-9
8000,1258.9254117941687,8.518116788423473e-9
8000,1584.893192461114,9.143114089816574e-9
8000,1995.2623149688807,1.1225378749627683e-8
8000,2511.8864315095825,1.69908099222643e-8
8000,3162.2776601683827,2.9555467710075716e-8
8000,3981.0717055349774,5.045064936309039e-8
8000,5011.872336272726,7.668313602926879e-8
8000,6309.573444801936,1.0119304207155706e-7
8000,7943.282347242822,1.4093354184819027e-7
8000,10000.,2.2748692327376707e-7
8000,12589.254117941664,3.6345929349925575e-7
8000,15848.93192461111,5.082693632793387e-7
8000,19952.623149688785,8.135765542744519e-7
8000,25118.86431509577,1.237723681957511e-6
8000,31622.77660168379,1.9029175022456067e-6
8000,39810.71705534969,2.985098873829015e-6
8000,50118.72336272726,4.653916326984067e-6
8000,63095.7344480193,6.9577734838989876e-6
8000,79432.82347242821,9.995173135505956e-6
8000,100000.,0.000010565113571286057
8000,125892.54117941688,6.9318860400948286e-6
8000,158489.31924611138,3.6920775196182676e-6
8000,199526.23149688792,1.6995814954661871e-6
8000,251188.64315095768,6.66669289947696e-7
8000,316227.7660168379,2.2680358470248375e-7
8000,398107.17055349686,7.818139499871098e-8
8000,501187.2336272725,4.283206934758178e-8
8000,630957.344480193,4.4701419075028976e-8
8000,794328.2347242822,5.999690673761922e-8
8000,1.e6,8.410945855598177e-8
10000,10.,8.495932669736054e-13
10000,12.589254117941673,1.2099794981515247e-12
10000,15.848931924611133,1.7269244232838717e-12
10000,19.952623149688797,2.4713832977466176e-12
10000,25.118864315095795,3.548835108619984e-12
10000,31.6227766016838,5.117993564614828e-12
10000,39.810717055349734,7.421215312006511e-12
10000,50.11872336272722,1.0835199515297328e-11
10000,63.09573444801933,1.595798197803752e-11
10000,79.43282347242815,2.3763033940406546e-11
10000,100.,3.5881891686720235e-11
10000,125.89254117941672,5.5142209863104225e-11
10000,158.48931924611142,8.663233363352376e-11
10000,199.52623149688787,1.398866648159396e-10
10000,251.18864315095794,2.334978968799024e-10
10000,316.22776601683796,4.0484136878875645e-10
10000,398.1071705534973,7.288066910612955e-10
10000,501.1872336272724,1.3401944506009338e-9
10000,630.957344480193,2.387536528669259e-9
10000,794.3282347242821,3.73029746237261e-9
10000,1000.000000000001,4.736779956861825e-9
10000,1258.9254117941687,5.142936354672868e-9
10000,1584.8931924611143,5.460344983012396e-9
10000,1995.2623149688807,6.4848088292990335e-9
10000,2511.8864315095825,9.43594450674849e-9
10000,3162.2776601683827,1.6166948345238855e-8
10000,3981.0717055349774,2.7910959907880606e-8
10000,5011.872336272725,4.355560153356814e-8
10000,6309.573444801937,5.826170698828902e-8
10000,7943.282347242822,7.909985024411021e-8
10000,10000.,1.2431758426673175e-7
10000,12589.254117941664,2.0292281422423398e-7
10000,15848.93192461111,2.8414758302467273e-7
10000,19952.62314968879,4.387370278354844e-7
10000,25118.86431509577,6.848629579015016e-7
10000,31622.776601683792,1.0171725810773167e-6
10000,39810.71705534969,1.6234077798428782e-6
10000,50118.72336272726,2.5214087880193325e-6
10000,63095.734448019306,3.898676087026421e-6
10000,79432.82347242822,5.996291364167386e-6
10000,100000.,8.797736512531097e-6
10000,125892.54117941688,9.320284962972993e-6
10000,158489.3192461114,6.120179686325258e-6
10000,199526.2314968879,3.2896803193774484e-6
10000,251188.6431509577,1.5542803949939279e-6
10000,316227.7660168379,6.388819939155049e-7
10000,398107.1705534969,2.2781191423892976e-7
10000,501187.2336272724,7.353368727305407e-8
10000,630957.344480193,2.7577161870012955e-8
10000,794328.2347242823,1.9848934662968764e-8
10000,1.e6,2.423574142346351e-8
100000,10.,3.2101540704558223e-15
100000,12.589254117941675,4.559586488154778e-15
100000,15.848931924611135,6.485572448034408e-15
100000,19.952623149688797,9.241808344997295e-15
100000,25.118864315095795,1.3199473354625767e-14
100000,31.622776601683793,1.8906300733168192e-14
100000,39.810717055349734,2.7179077520658834e-14
100000,50.11872336272722,3.9251468915513764e-14
100000,63.09573444801933,5.701581767943265e-14
100000,79.43282347242814,8.342918966188015e-14
100000,100.,1.2321551481311263e-13
100000,125.89254117941672,1.8411957469113469e-13
100000,158.48931924611142,2.792262468932061e-13
100000,199.5262314968879,4.3141121479769047e-13
100000,251.18864315095794,6.82204500773911e-13
100000,316.22776601683796,1.1100321432762082e-12
100000,398.1071705534973,1.868436275936885e-12
100000,501.18723362727246,3.2640354193777508e-12
100000,630.9573444801929,5.8901127996980805e-12
100000,794.3282347242821,1.0694432878782031e-11
100000,1000.000000000001,1.824584870343864e-11
100000,1258.9254117941687,2.6461069032457044e-11
100000,1584.893192461114,3.1433437755968984e-11
100000,1995.262314968881,3.33545963656062e-11
100000,2511.886431509582,3.614378163727113e-11
100000,3162.2776601683827,4.512576405644148e-11
100000,3981.0717055349783,6.881864675705655e-11
100000,5011.872336272725,1.1849386783588101e-10
100000,6309.573444801936,1.9835992419864852e-10
100000,7943.282347242822,2.898445179646339e-10
100000,10000.,3.751809853639399e-10
100000,12589.254117941662,5.251256239464802e-10
100000,15848.93192461111,8.438469761932827e-10
100000,19952.62314968879,1.2897317475138537e-9
100000,25118.86431509577,1.7778109906465504e-9
100000,31622.776601683796,2.779432711130014e-9
100000,39810.71705534968,4.080874087853447e-9
100000,50118.72336272726,6.090278531151665e-9
100000,63095.734448019306,9.20400786797937e-9
100000,79432.82347242821,1.3984201052912788e-8
100000,100000.,2.101994787904804e-8
100000,125892.54117941689,3.206084751349305e-8
100000,158489.3192461114,4.926459973471083e-8
100000,199526.2314968879,7.603119768546419e-8
100000,251188.6431509577,1.1690507093849582e-7
100000,316227.7660168379,1.8082056281016658e-7
100000,398107.1705534969,2.8510277471225914e-7
100000,501187.23362727254,4.518592091000515e-7
100000,630957.3444801931,7.089563752312927e-7
100000,794328.2347242822,1.1356297105631454e-6
100000,1.e6,1.8292550228206624e-6
1000000,10.,1.421688432281157e-17
1000000,12.589254117941675,2.0161552490946082e-17
1000000,15.848931924611135,2.862132303065393e-17
1000000,19.952623149688797,4.068344394441714e-17
1000000,25.118864315095795,5.79234478351459e-17
1000000,31.622776601683796,8.263891742406376e-17
1000000,39.810717055349734,1.182066055343846e-16
1000000,50.118723362727216,1.6963705277335898e-16
1000000,63.095734448019336,2.444524646765451e-16
1000000,79.43282347242814,3.541070068385271e-16
1000000,100.,5.163423882688266e-16
1000000,125.89254117941674,7.592047050016742e-16
1000000,158.48931924611142,1.1281080088150466e-15
1000000,199.52623149688787,1.6986783617707627e-15
1000000,251.18864315095794,2.6009569111821867e-15
1000000,316.22776601683796,4.066704082540292e-15
1000000,398.1071705534973,6.525072230553629e-15
1000000,501.1872336272724,1.0800846261726653e-14
1000000,630.957344480193,1.852281270250114e-14
1000000,794.3282347242822,3.288667013876766e-14
1000000,1000.0000000000011,5.952108680569632e-14
1000000,1258.9254117941687,1.0459646891678816e-13
1000000,1584.893192461114,1.6289036195221797e-13
1000000,1995.2623149688807,2.0864524672735496e-13
1000000,2511.886431509582,2.284562875106883e-13
1000000,3162.277660168382,2.4158892542433686e-13
1000000,3981.071705534978,2.79856503900409e-13
1000000,5011.872336272725,3.893432095246457e-13
1000000,6309.573444801937,6.426968377323885e-13
1000000,7943.282347242823,1.1015025539516481e-12
1000000,10000.,1.7081476665780364e-12
1000000,12589.254117941662,2.2595848133939685e-12
1000000,15848.93192461111,2.974857835310056e-12
1000000,19952.62314968879,4.50647927685398e-12
1000000,25118.86431509577,7.173162453764518e-12
1000000,31622.776601683792,9.947709926551953e-12
1000000,39810.71705534969,1.4446935822251767e-11
1000000,50118.72336272726,2.217816896219824e-11
1000000,63095.734448019306,3.136767341079391e-11
1000000,79432.82347242821,4.7872290557838335e-11
1000000,100000.,7.000163673380365e-11
1000000,125892.54117941686,1.0530774302763654e-10
1000000,158489.3192461114,1.5738424071269788e-10
1000000,199526.23149688792,2.3521831569678767e-10
1000000,251188.64315095768,3.5575475927423343e-10
1000000,316227.76601683797,5.379370935066586e-10
1000000,398107.17055349686,8.108121067605124e-10
1000000,501187.2336272726,1.232314509518115e-9
1000000,630957.344480193,1.8919624113115047e-9
1000000,794328.2347242822,2.883797629270516e-9
1000000,1.e6,4.390999488105659e-9
10000000,10.,7.043017173276688e-20
10000000,12.589254117941675,9.97809043796794e-20
10000000,15.848931924611133,1.414719591860436e-19
10000000,19.952623149688794,2.0077716017697155e-19
10000000,25.1188643150958,2.8529144024537276e-19
10000000,31.622776601683796,4.060053092589384e-19
10000000,39.810717055349734,5.789184968356439e-19
10000000,50.11872336272722,8.274958153435787e-19
10000000,63.09573444801932,1.1864641439940604e-18
10000000,79.43282347242815,1.7077917075224763e-18
10000000,100.00000000000001,2.470304199241592e-18
10000000,125.89254117941675,3.595525688137565e-18
10000000,158.48931924611145,5.2744852125173155e-18
10000000,199.5262314968879,7.81445430839303e-18
10000000,251.18864315095794,1.1723131891830345e-17
10000000,316.22776601683796,1.786565363653695e-17
10000000,398.1071705534973,2.776813073189336e-17
10000000,501.18723362727246,4.4224933918044974e-17
10000000,630.9573444801931,7.254585854564392e-17
10000000,794.3282347242821,1.2312097477083925e-16
10000000,1000.0000000000011,2.1632835948217226e-16
10000000,1258.925411794169,3.891190293246551e-16
10000000,1584.8931924611138,6.888249849447595e-16
10000000,1995.262314968881,1.1054398926006509e-15
10000000,2511.886431509582,1.4767725748189661e-15
10000000,3162.277660168382,1.6600475475534077e-15
10000000,3981.0717055349774,1.7516777223805691e-15
10000000,5011.872336272724,1.968158374700268e-15
10000000,6309.573444801936,2.6071843667401837e-15
10000000,7943.282347242822,4.153396241509665e-15
10000000,10000.,7.13698159300732e-15
10000000,12589.254117941662,1.1379453458181857e-14
10000000,15848.93192461111,1.541516863541387e-14
10000000,19952.62314968879,1.987201400076658e-14
10000000,25118.86431509577,2.903037386488789e-14
10000000,31622.77660168379,4.6319565572132284e-14
10000000,39810.71705534969,6.575195879577396e-14
10000000,50118.72336272724,9.19729423561033e-14
10000000,63095.73444801929,1.416601427139784e-13
10000000,79432.82347242821,2.0006006762497037e-13
10000000,99999.99999999999,2.9904245495513843e-13
10000000,125892.54117941688,4.3585281290196425e-13
10000000,158489.31924611138,6.498455948139899e-13
10000000,199526.23149688792,9.54636409492154e-13
10000000,251188.6431509577,1.4142215095489864e-12
10000000,316227.7660168379,2.1105891917399793e-12
10000000,398107.1705534969,3.1521131604457347e-12
10000000,501187.23362727254,4.688702289327908e-12
10000000,630957.344480193,7.000334630007406e-12
10000000,794328.2347242822,1.0558092432128256e-11
10000000,1.e6,1.592192934293032e-11
