100,10,6.723265318098048e-7
100,12.589254117941673,9.747283609085266e-7
100,15.848931924611131,0.0000014227609160487195
100,19.952623149688794,0.0000020945359634712833
100,25.118864315095795,0.000003116727734957586
100,31.622776601683793,0.000004700274114937401
100,39.810717055349734,0.000007206589012022101
100,50.11872336272722,0.000011272578809971897
100,63.09573444801933,0.000018045608485028905
100,79.43282347242815,0.000029597118774602134
100,100,0.000049476562038699156
100,125.89254117941675,0.00008261140093369586
100,158.48931924611142,0.0001314472925805391
100,199.52623149688787,0.00018577145394108816
100,251.18864315095797,0.00022224662491329963
100,316.227766016838,0.00022864717419050968
100,398.1071705534973,0.00021215662462677047
100,501.18723362727246,0.00018536430186682929
100,630.9573444801931,0.00015932895326433095
100,794.3282347242822,0.00013529030339662796
100,1000.000000000001,0.00009920520562363658
100,1258.9254117941687,0.00006640956536288401
100,1584.893192461114,0.00004496372618535025
100,1995.262314968881,0.00003024988327707942
100,2511.886431509582,0.00001983601067256908
100,3162.2776601683827,0.00001273559859650534
100,3981.071705534978,0.000008264136194357469
100,5011.872336272724,0.000005779039742159632
100,6309.573444801936,0.00000470262500071496
100,7943.282347242823,0.000004558116144327794
100,10000,0.00000497360927376923
100,12589.254117941662,0.000005661511194962914
100,15848.931924611112,0.000006389803099686777
100,19952.62314968879,0.000006962741661479596
100,25118.86431509577,0.000007224103210422329
100,31622.776601683792,0.000007083649075565456
100,39810.71705534969,0.0000065486583654071265
100,50118.72336272726,0.000005728615012839537
100,63095.7344480193,0.000004791788081105445
100,79432.82347242822,0.000003891811168941434
100,100000,0.000003115069622771995
100,125892.54117941689,0.000002480698508349225
100,158489.31924611138,0.000001973003027866466
100,199526.23149688792,0.000001568663951714395
100,251188.6431509577,0.00000124694528807162
100,316227.7660168379,9.910592991078603e-7
100,398107.1705534969,7.875897767989709e-7
100,501187.23362727254,6.258342375924176e-7
100,630957.344480193,4.972626499559527e-7
100,794328.2347242822,3.950811926634876e-7
100,1000000,3.138818539956622e-7
150,10,2.0796422952900819e-7
150,12.589254117941675,3.0052598891503996e-7
150,15.848931924611133,4.3687139000807993e-7
150,19.952623149688797,6.398430485715155e-7
150,25.118864315095795,9.459722721651002e-7
150,31.622776601683793,0.0000014151465015305393
150,39.810717055349734,0.0000021482684166458114
150,50.11872336272722,0.0000033202703148755944
150,63.09573444801932,0.0000052424533855579135
150,79.43282347242814,0.000008477345063115587
150,100,0.00001402585449046003
150,125.89254117941675,0.000023502121288928245
150,158.48931924611145,0.00003872169517434955
150,199.52623149688787,0.000059312119489894606
150,251.18864315095794,0.00007957959270068065
150,316.22776601683796,0.00009294731328474266
150,398.1071705534974,0.00009975284207233316
150,501.18723362727246,0.00010279354522451331
150,630.9573444801931,0.00010028954420676
150,794.3282347242821,0.00009086421678845079
150,1000.0000000000011,0.00008208354120738517
150,1258.9254117941687,0.00007136271789889609
150,1584.8931924611143,0.00004404788499802477
150,1995.2623149688811,0.00002229861129357787
150,2511.886431509582,0.000011528510357698506
150,3162.2776601683827,0.000006465956149523056
150,3981.071705534978,0.0000038050828493573528
150,5011.872336272725,0.000002239397924286916
150,6309.573444801936,0.0000013206181816624402
150,7943.282347242824,8.321277802192078e-7
150,9999.999999999998,6.238459101752761e-7
150,12589.254117941662,5.893856775614882e-7
150,15848.931924611108,6.581852275506265e-7
150,19952.62314968879,7.851290576073297e-7
150,25118.864315095772,9.394552591653626e-7
150,31622.776601683796,0.0000010956133835527365
150,39810.71705534969,0.0000012280904335890215
150,50118.72336272726,0.0000013114380598165876
150,63095.734448019306,0.0000013254333805952024
150,79432.82347242821,0.0000012629430107190058
150,100000,0.000001135296827524333
150,125892.54117941689,9.695934631132764e-7
150,158489.31924611138,7.973094385148426e-7
150,199526.2314968879,6.414417307154975e-7
150,251188.6431509577,5.113549025922225e-7
150,316227.7660168379,4.066064678114533e-7
150,398107.1705534969,3.2315046795464063e-7
150,501187.2336272725,2.5678940104378304e-7
150,630957.344480193,2.0403918458737417e-7
150,794328.2347242823,1.6211455506990374e-7
150,1000000,1.2879771270956673e-7
200,10,9.236213238260186e-8
200,12.589254117941673,1.3320480246403557e-7
200,15.848931924611131,1.931503582777763e-7
200,19.952623149688794,2.8198838559031946e-7
200,25.118864315095795,4.152314750804071e-7
200,31.622776601683793,6.180421881142385e-7
200,39.810717055349734,9.323189042352782e-7
200,50.11872336272722,0.0000014298038016017593
200,63.09573444801933,0.000002236707789842467
200,79.43282347242815,0.0000035795442288305816
200,100,0.000005864224816322067
200,125.89254117941675,0.000009776565278652172
200,158.48931924611142,0.00001624440725689634
200,199.52623149688787,0.000025705158284441915
200,251.18864315095797,0.000036426354719980026
200,316.227766016838,0.000044976400652503705
200,398.1071705534973,0.0000507525183698594
200,501.18723362727246,0.00005697019325657835
200,630.9573444801931,0.00006700907132648089
200,794.3282347242822,0.00007980352664865593
200,1000.000000000001,0.00008764207958234573
200,1258.9254117941687,0.00009008390298168358
200,1584.893192461114,0.0000904647574218237
200,1995.262314968881,0.00006513901045253391
200,2511.886431509582,0.000033403045014837186
200,3162.2776601683827,0.000014218515814853709
200,3981.071705534978,0.000005338126977666476
200,5011.872336272724,0.000001997656417791637
200,6309.573444801936,8.734019851043519e-7
200,7943.282347242823,4.467104249603538e-7
200,10000,2.4971954663260733e-7
200,12589.254117941662,1.6094760826111381e-7
200,15848.931924611112,1.3376589700018704e-7
200,19952.62314968879,1.4198256901098348e-7
200,25118.86431509577,1.706684786957714e-7
200,31622.776601683792,2.1152217430675195e-7
200,39810.71705534969,2.591848326207654e-7
200,50118.72336272726,3.086365900974391e-7
200,63095.7344480193,3.538073308942698e-7
200,79432.82347242822,3.875153507155185e-7
200,100000,4.0279192623778663e-7
200,125892.54117941689,3.9527047718594147e-7
200,158489.31924611138,3.6554137208275377e-7
200,199526.23149688792,3.197501747979148e-7
200,251188.6431509577,2.67331305130431e-7
200,316227.7660168379,2.1693893735605834e-7
200,398107.1705534969,1.7346680048867701e-7
200,501187.23362727254,1.3800880876730816e-7
200,630957.344480193,1.0967583108354342e-7
200,794328.2347242822,8.714293949330313e-8
200,1000000,6.923507751094785e-8
250,10,4.960492148049846e-8
250,12.589254117941673,7.144028323840787e-8
250,15.848931924611135,1.03407326099095e-7
250,19.952623149688794,1.5063212919418332e-7
250,25.118864315095795,2.2118387815701173e-7
250,31.622776601683793,3.280513910932749e-7
250,39.810717055349734,4.926763862379115e-7
250,50.11872336272723,7.514339177421914e-7
250,63.09573444801933,0.000001167738492729598
250,79.43282347242815,0.0000018546369243432301
250,100,0.0000030148518883674485
250,125.89254117941672,0.000004998340747791771
250,158.48931924611142,0.000008320847586205489
250,199.5262314968879,0.000013394605399707385
250,251.18864315095794,0.00001965093148168998
250,316.22776601683796,0.00002519201188412182
250,398.1071705534974,0.000029049768742767027
250,501.18723362727246,0.000032903192447389384
250,630.957344480193,0.000039954628049678884
250,794.3282347242822,0.0000536360953488964
250,1000.0000000000011,0.00007397733847679756
250,1258.9254117941687,0.00009296894743366702
250,1584.893192461114,0.00010946961231246435
250,1995.2623149688807,0.00012267328878995921
250,2511.8864315095825,0.0000993039869679852
250,3162.2776601683827,0.00006118531175125077
250,3981.0717055349774,0.00003182452044496357
250,5011.872336272726,0.00001375851399550635
250,6309.573444801936,0.000004772209129891099
250,7943.282347242822,0.000001319535602167541
250,10000,3.268390601815863e-7
250,12589.254117941664,1.0361802565104206e-7
250,15848.93192461111,5.378477997763587e-8
250,19952.623149688785,4.191258305417827e-8
250,25118.86431509577,4.392760042402871e-8
250,31622.77660168379,5.34044832225936e-8
250,39810.71705534969,6.75515963650662e-8
250,50118.72336272726,8.491112799348994e-8
250,63095.7344480193,1.042668550453398e-7
250,79432.82347242821,1.239926722864516e-7
250,100000,1.417846972426834e-7
250,125892.54117941688,1.548144555690241e-7
250,158489.31924611138,1.6035439944113968e-7
250,199526.23149688792,1.5676893517386727e-7
250,251188.64315095768,1.4443638402771508e-7
250,316227.7660168379,1.2592415367709038e-7
250,398107.17055349686,1.050186860344683e-7
250,501187.2336272725,8.509584715325837e-8
250,630957.344480193,6.799700588254338e-8
250,794328.2347242822,5.408322225553347e-8
250,1000000,4.297435390154641e-8
300,10,3.00142112509984e-8
300,12.589254117941675,4.318130545963047e-8
300,15.848931924611133,6.242177665189335e-8
300,19.952623149688797,9.077901285793835e-8
300,25.118864315095795,1.3301993032000226e-7
300,31.622776601683793,1.9677340140020945e-7
300,39.810717055349734,2.9455053064884663e-7
300,50.11872336272722,4.474246898871486e-7
300,63.09573444801932,6.918714760647178e-7
300,79.43282347242814,0.0000010925350318889975
300,100,0.0000017651886820488423
300,125.89254117941675,0.000002911990442212596
300,158.48931924611145,0.000004845692838325329
300,199.52623149688787,0.000007878283645338963
300,251.18864315095794,0.000011837905768363774
300,316.22776601683796,0.000015629194709939577
300,398.1071705534974,0.00001834047704226666
300,501.18723362727246,0.000020731562989937657
300,630.9573444801931,0.00002487239365653577
300,794.3282347242821,0.00003365320960030684
300,1000.0000000000011,0.0000499269755427587
300,1258.9254117941687,0.0000718659946212822
300,1584.8931924611143,0.00009381207701577738
300,1995.2623149688811,0.0001232241142296004
300,2511.886431509582,0.00014188013095158014
300,3162.2776601683827,0.00012084041866662723
300,3981.071705534978,0.00008741708592841626
300,5011.872336272725,0.00005723230997443696
300,6309.573444801936,0.00003326619988323513
300,7943.282347242824,0.00001661360691114501
300,9999.999999999998,0.00000685945257732026
300,12589.254117941662,0.0000022365794930979136
300,15848.931924611108,5.494432660656571e-7
300,19952.62314968879,1.0327435395260114e-7
300,25118.864315095772,2.4118221644766888e-8
300,31622.776601683796,1.7611923891714555e-8
300,39810.71705534969,2.137417115946123e-8
300,50118.72336272726,2.7459722813103888e-8
300,63095.734448019306,3.503348377334197e-8
300,79432.82347242821,4.3746766839847196e-8
300,100000,5.3071628374172e-8
300,125892.54117941689,6.214579486875152e-8
300,158489.31924611138,6.976751814452332e-8
300,199526.2314968879,7.457653860560373e-8
300,251188.6431509577,7.544013688217667e-8
300,316227.7660168379,7.194294239232549e-8
300,398107.1705534969,6.471423541666136e-8
300,501187.2336272725,5.528878660657846e-8
300,630957.344480193,4.546463159739903e-8
300,794328.2347242823,3.656577504031119e-8
300,1000000,2.9137668709153228e-8
400,10,1.3657545171157484e-8
400,12.589254117941673,1.9619921692242518e-8
400,15.848931924611131,2.8308984513843776e-8
400,19.952623149688794,4.107209713365799e-8
400,25.118864315095795,6.000438046709134e-8
400,31.622776601683793,8.843048687687456e-8
400,39.810717055349734,1.3175018816613357e-7
400,50.11872336272722,1.98962347313358e-7
400,63.09573444801933,3.054735025206753e-7
400,79.43282347242815,4.783282615378154e-7
400,100,7.657584248726963e-7
400,125.89254117941675,0.0000012529116294737462
400,158.48931924611142,0.000002078751404046583
400,199.52623149688787,0.000003414709261814611
400,251.18864315095797,0.000005293915750987837
400,316.227766016838,0.000007312615240930026
400,398.1071705534973,0.00000886785127715735
400,501.18723362727246,0.000010023732781917594
400,630.9573444801931,0.000011631381418794915
400,794.3282347242822,0.00001499407375642005
400,1000.000000000001,0.000021697198720966673
400,1258.9254117941687,0.00003217671076380855
400,1584.893192461114,0.00004387036561103618
400,1995.262314968881,0.00005818333548946089
400,2511.886431509582,0.00007774654785986312
400,3162.2776601683827,0.00008266437019354342
400,3981.071705534978,0.00007181931845809484
400,5011.872336272724,0.00005438321051183532
400,6309.573444801936,0.00003948673258932005
400,7943.282347242823,0.0000280509403515276
400,10000,0.00001969435932594176
400,12589.254117941662,0.000014273502106328022
400,15848.931924611112,0.000011591674973512976
400,19952.62314968879,0.000011339829451715763
400,25118.86431509577,0.000013214732033175292
400,31622.776601683792,0.000017048542908622508
400,39810.71705534969,0.00002287781008676027
400,50118.72336272726,0.000030946882631352024
400,63095.7344480193,0.00004166262501630994
400,79432.82347242822,0.00005551478651609306
400,100000,0.00007296369630605109
400,125892.54117941689,0.00009428768180888362
400,158489.31924611138,0.00011938815728861691
400,199526.23149688792,0.0001475773065417178
400,251188.6431509577,0.00017742106162312423
400,316227.7660168379,0.00020676119917915637
400,398107.1705534969,0.00023304856393978525
400,501187.23362727254,0.0002540163738744091
400,630957.344480193,0.0002684816811614948
400,794328.2347242822,0.00027681444193747133
400,1000000,0.0002806616379234004
500,10,7.46623989827146e-9
500,12.589254117941673,1.0714609463341989e-8
500,15.848931924611135,1.5439569665626865e-8
500,19.952623149688794,2.236355335613354e-8
500,25.118864315095795,3.2604138089603436e-8
500,31.622776601683793,4.792404075416514e-8
500,39.810717055349734,7.116633412270856e-8
500,50.11872336272723,1.0703252510133162e-7
500,63.09573444801933,1.6350663655698114e-7
500,79.43282347242815,2.544984658235864e-7
500,100,4.0470039218566354e-7
500,125.89254117941672,6.578748799910113e-7
500,158.48931924611142,0.0000010874249417765864
500,199.5262314968879,0.000001793741487438144
500,251.18864315095794,0.000002833355568133008
500,316.22776601683796,0.000004043629846237327
500,398.1071705534974,0.000005054351052575918
500,501.18723362727246,0.000005766856155411196
500,630.957344480193,0.00000658621046248536
500,794.3282347242822,0.000008230285462460364
500,1000.0000000000011,0.000011658571225236892
500,1258.9254117941687,0.000017554604760506662
500,1584.893192461114,0.000024830620263974762
500,1995.2623149688807,0.00003271409187781883
500,2511.8864315095825,0.00004371402500358751
500,3162.2776601683827,0.000049762674288443944
500,3981.0717055349774,0.000049516745692823656
500,5011.872336272726,0.000043369809729427624
500,6309.573444801936,0.000029674340809104266
500,7943.282347242822,0.000018972728720277318
500,10000,0.000012168283134642121
500,12589.254117941664,0.000007962431676639322
500,15848.93192461111,0.000005528944338699961
500,19952.623149688785,0.00000442827000833511
500,25118.86431509577,0.000004386794549621233
500,31622.77660168379,0.000005219448280898819
500,39810.71705534969,0.000006840790165731471
500,50118.72336272726,0.000009276841032724277
500,63095.7344480193,0.000012657073497866582
500,79432.82347242821,0.00001719362873877364
500,100000,0.00002315415365065087
500,125892.54117941688,0.00003082504248624909
500,158489.31924611138,0.000040458397996047846
500,199526.23149688792,0.00005219358213665381
500,251188.64315095768,0.00006595361430478615
500,316227.7660168379,0.00008133188448482326
500,398107.17055349686,0.00009706279798550314
500,501187.2336272725,0.00011329982953334306
500,630957.344480193,0.00012695347684045833
500,794328.2347242822,0.000138083582318288
500,1000000,0.00014567754505903687
600,10,4.57549409299223e-9
600,12.589254117941675,6.5610809586789925e-9
600,15.848931924611133,9.445154418770094e-9
600,19.952623149688797,1.3664014396040315e-8
600,25.118864315095795,1.9889962495342855e-8
600,31.622776601683793,2.9178521703314785e-8
600,39.810717055349734,4.322310946022151e-8
600,50.11872336272722,6.480745096230055e-8
600,63.09573444801932,9.862892941446183e-8
600,79.43282347242814,1.5282168698915948e-7
600,100,2.417633171437529e-7
600,125.89254117941675,3.909643035917895e-7
600,158.48931924611145,6.439011850851134e-7
600,199.52623149688787,0.0000010637434951959304
600,251.18864315095794,0.0000017004212967252245
600,316.22776601683796,0.0000024859256367179693
600,398.1071705534974,0.0000031895543502751067
600,501.18723362727246,0.0000036844623306635974
600,630.9573444801931,0.000004175201708091854
600,794.3282347242821,0.000005099408530007146
600,1000.0000000000011,0.000007077528232857458
600,1258.9254117941687,0.000010755042148755102
600,1584.8931924611143,0.000015990337939843126
600,1995.2623149688811,0.000022259160878540634
600,2511.886431509582,0.000030819220984351455
600,3162.2776601683827,0.0000371204724679503
600,3981.071705534978,0.00003831804976828409
600,5011.872336272725,0.00004209626085470294
600,6309.573444801936,0.00003721442713448074
600,7943.282347242824,0.000022900910135628986
600,9999.999999999998,0.000012473759322511657
600,12589.254117941662,0.0000066214107576003064
600,15848.931924611108,0.0000037177169940530908
600,19952.62314968879,0.0000024182316049581055
600,25118.864315095772,0.0000019740200403491473
600,31622.776601683796,0.000002063010420969261
600,39810.71705534969,0.0000025578443273242563
600,50118.72336272726,0.0000034224066724436353
600,63095.734448019306,0.000004685548425274238
600,79432.82347242821,0.0000064298033251352465
600,100000,0.00000878092568017933
600,125892.54117941689,0.000011897345573644963
600,158489.31924611138,0.00001595658669768508
600,199526.2314968879,0.00002113323328498431
600,251188.6431509577,0.000027562658652242178
600,316227.7660168379,0.000035287202280940725
600,398107.1705534969,0.00004418833730191307
600,501187.2336272725,0.00005392119433533794
600,630957.344480193,0.00006388512556865906
600,794328.2347242823,0.00007327639143486786
600,1000000,0.00008125655425212455
700,10,3.029174886704162e-9
700,12.589254117941673,4.3410306736972386e-9
700,15.848931924611133,6.244351732822219e-9
700,19.952623149688797,9.02461842895487e-9
700,25.118864315095795,1.3120346045809053e-8
700,31.622776601683796,1.9217452883944447e-8
700,39.810717055349734,2.841165598002187e-8
700,50.11872336272722,4.249543666959475e-8
700,63.09573444801933,6.447777328097507e-8
700,79.43282347242814,9.95424990973374e-8
700,100,1.568164122567592e-7
700,125.89254117941672,2.524909578047232e-7
700,158.48931924611142,4.1444159406843466e-7
700,199.5262314968879,6.848146535858142e-7
700,251.18864315095794,0.0000011035204251402894
700,316.227766016838,0.0000016432500103849402
700,398.1071705534973,0.0000021560054429716703
700,501.1872336272725,0.00000252273028148997
700,630.957344480193,0.0000028464576436461895
700,794.3282347242822,0.0000034084895813722005
700,1000.0000000000009,0.00000461796681132794
700,1258.925411794169,0.000006960197641706897
700,1584.8931924611143,0.000010562265024133803
700,1995.262314968881,0.000015268549258869252
700,2511.8864315095825,0.00002245185635273903
700,3162.2776601683827,0.000030481603621438954
700,3981.0717055349774,0.00003444064374960229
700,5011.872336272725,0.00003996943758912279
700,6309.573444801937,0.00004977048726835992
700,7943.282347242823,0.00004090489290561948
700,10000,0.000024661837982068277
700,12589.254117941662,0.000012823817225974191
700,15848.931924611108,0.000005882276549752054
700,19952.62314968879,0.0000025644688319535815
700,25118.86431509577,0.0000013291902341110992
700,31622.776601683792,0.000001043265808534494
700,39810.71705534969,0.0000011592108432449985
700,50118.72336272724,0.0000015024225002157112
700,63095.73444801929,0.000002046974240025885
700,79432.82347242821,0.0000028211677820366448
700,100000,0.000003883970768466589
700,125892.54117941689,0.00000531857245259853
700,158489.31924611138,0.000007228261099430132
700,199526.23149688792,0.000009730584124124971
700,251188.64315095768,0.000012946185007415394
700,316227.7660168379,0.000016978591544456355
700,398107.17055349686,0.00002188224291720326
700,501187.2336272725,0.000027619388489205507
700,630957.344480193,0.00003401358188381935
700,794328.2347242822,0.00004071842531426846
700,1000000.0000000001,0.00004723082569213268
800,10,2.1247294969262177e-9
800,12.589254117941673,3.043350737432692e-9
800,15.848931924611131,4.374907356849437e-9
800,19.952623149688794,6.317717594088794e-9
800,25.118864315095795,9.175617342967587e-9
800,31.622776601683793,1.3422400024764459e-8
800,39.810717055349734,1.981222269467782e-8
800,50.11872336272722,2.957382562095349e-8
800,63.09573444801933,4.4760811677274934e-8
800,79.43282347242815,6.889557055184167e-8
800,100,1.0815743744371402e-7
800,125.89254117941675,1.734990983065757e-7
800,158.48931924611142,2.839002571098916e-7
800,199.52623149688787,4.6885485032208754e-7
800,251.18864315095797,7.596240477859182e-7
800,316.227766016838,0.0000011472558019000929
800,398.1071705534973,0.0000015340087693891962
800,501.18723362727246,0.0000018177868879951982
800,630.9573444801931,0.000002048090980007668
800,794.3282347242822,0.0000024146158594751746
800,1000.000000000001,0.0000031995661384671493
800,1258.9254117941687,0.00000475789038856338
800,1584.893192461114,0.000007263549771132646
800,1995.262314968881,0.000010641755247129425
800,2511.886431509582,0.000015963298307323833
800,3162.2776601683827,0.00002346324920599132
800,3981.071705534978,0.00002958512133525621
800,5011.872336272724,0.00003593915521333452
800,6309.573444801936,0.00005074662427927234
800,7943.282347242823,0.00005810707304669285
800,10000,0.00004428998532786158
800,12589.254117941662,0.000028540533713164156
800,15848.931924611112,0.000016299420319875592
800,19952.62314968879,0.000008072198356694217
800,25118.86431509577,0.00000344889330796362
800,31622.776601683792,0.0000013999585954585923
800,39810.71705534969,7.769869147551767e-7
800,50118.72336272726,7.691329529583496e-7
800,63095.7344480193,0.0000010026868070527348
800,79432.82347242822,0.0000013792667229693948
800,100000,0.000001907668001300761
800,125892.54117941689,0.00000263034105807061
800,158489.31924611138,0.0000036062556218885926
800,199526.23149688792,0.000004907812787906867
800,251188.6431509577,0.000006617828428168642
800,316227.7660168379,0.000008822761305737486
800,398107.1705534969,0.000011599645942639719
800,501187.23362727254,0.000014994745092588631
800,630957.344480193,0.00001899390702137715
800,794328.2347242822,0.00002348914440104558
800,1000000,0.00002825337776297144
900,10,1.5563570497021193e-9
900,12.589254117941673,2.2282964337630703e-9
900,15.848931924611135,3.2015257028408477e-9
900,19.952623149688794,4.620135996454384e-9
900,25.118864315095795,6.704398457048764e-9
900,31.622776601683796,9.796904066063391e-9
900,39.810717055349734,1.4441318202952625e-8
900,50.11872336272722,2.1520383366341078e-8
900,63.09573444801932,3.2503893285747246e-8
900,79.43282347242814,4.9903263158740666e-8
900,100,7.810997288547668e-8
900,125.89254117941675,1.2489833838755338e-7
900,158.48931924611142,2.037999141669492e-7
900,199.5262314968879,3.3626738865161025e-7
900,251.18864315095794,5.468806416846524e-7
900,316.22776601683796,8.352350078919194e-7
900,398.1071705534973,0.0000011350864424362718
900,501.1872336272724,0.0000013615460389761739
900,630.957344480193,0.000001534829594450976
900,794.3282347242821,0.0000017877104155645411
900,1000.000000000001,0.0000023232502743467097
900,1258.9254117941687,0.0000034050165761645226
900,1584.893192461114,0.000005200513836503978
900,1995.262314968881,0.0000076569603692624
900,2511.8864315095825,0.000011461848233742378
900,3162.2776601683827,0.000017291862692691424
900,3981.0717055349783,0.00002280918764609979
900,5011.872336272725,0.000028344307720938098
900,6309.573444801936,0.00004042630348880651
900,7943.282347242822,0.00005442046173253059
900,9999.999999999998,0.00004878300487013793
900,12589.254117941664,0.00003564678383343814
900,15848.931924611108,0.000024111941488615168
900,19952.62314968879,0.00001507981073123933
900,25118.86431509577,0.000008568930468564529
900,31622.776601683792,0.000004379388673509915
900,39810.71705534969,0.0000020541413905930365
900,50118.72336272725,0.0000010065241741932906
900,63095.73444801929,7.006962125965491e-7
900,79432.82347242821,7.675420100774034e-7
900,99999.99999999999,0.0000010215327376651277
900,125892.5411794169,0.0000014088048912993141
900,158489.3192461114,0.0000019427058428798642
900,199526.23149688792,0.000002663991846085631
900,251188.64315095768,0.0000036261788079370717
900,316227.7660168379,0.000004890785384347109
900,398107.1705534969,0.000006522175357710522
900,501187.23362727254,0.000008577978309785925
900,630957.3444801931,0.000011093363545749686
900,794328.2347242822,0.000014059106748381743
900,1000000,0.000017396712009321996
1000,10,1.1773947829981302e-9
1000,12.589254117941673,1.6851066392654784e-9
1000,15.848931924611135,2.419979340595781e-9
1000,19.952623149688794,3.490258617964954e-9
1000,25.118864315095795,5.061105297563182e-9
1000,31.622776601683793,7.3888198216563665e-9
1000,39.810717055349734,1.0879067779207725e-8
1000,50.11872336272723,1.6188564875468717e-8
1000,63.09573444801933,2.440720409844104e-8
1000,79.43282347242815,3.739108307194672e-8
1000,100,5.837645424943647e-8
1000,125.89254117941672,9.308545961822103e-8
1000,158.48931924611142,1.5151085056319527e-7
1000,199.5262314968879,2.4974602489942066e-7
1000,251.18864315095794,4.0734483413072826e-7
1000,316.22776601683796,6.27944850779754e-7
1000,398.1071705534974,8.65743214079553e-7
1000,501.18723362727246,0.0000010507605133572467
1000,630.957344480193,0.0000011866543544797728
1000,794.3282347242822,0.0000013689335516776289
1000,1000.0000000000011,0.0000017489096724318708
1000,1258.9254117941687,0.0000025268570934451205
1000,1584.893192461114,0.000003852372603947894
1000,1995.2623149688807,0.000005689519488022844
1000,2511.8864315095825,0.000008456767927947565
1000,3162.2776601683827,0.000012838706699387411
1000,3981.0717055349774,0.000017163434424301828
1000,5011.872336272726,0.00002126481661655631
1000,6309.573444801936,0.000029685463055502733
1000,7943.282347242822,0.00004203679881102264
1000,10000,0.00004112328297238621
1000,12589.254117941664,0.0000308080500112189
1000,15848.93192461111,0.00002074313917804188
1000,19952.623149688785,0.000013185350552860088
1000,25118.86431509577,0.000007810924808691922
1000,31622.77660168379,0.0000042478539997382054
1000,39810.71705534969,0.0000021049076054240216
1000,50118.72336272726,9.614602757026818e-7
1000,63095.7344480193,4.3423466549996286e-7
1000,79432.82347242821,2.396252483261512e-7
1000,100000,2.0614232484434304e-7
1000,125892.54117941688,2.49675642999683e-7
1000,158489.31924611138,3.3949176012157274e-7
1000,199526.23149688792,4.722365598895804e-7
1000,251188.64315095768,6.577576580461868e-7
1000,316227.7660168379,9.135212985717652e-7
1000,398107.17055349686,0.0000012633925050880633
1000,501187.2336272725,0.0000017379706934836383
1000,630957.344480193,0.0000023749986391304875
1000,794328.2347242822,0.0000032189085056817087
1000,1000000,0.0000043185539024526784
1100,10,9.173606420295425e-10
1100,12.589254117941673,1.3125166463951726e-9
1100,15.848931924611133,1.8841342752374293e-9
1100,19.952623149688797,2.716028540875953e-9
1100,25.118864315095795,3.935867165037565e-9
1100,31.622776601683796,5.741369142934886e-9
1100,39.81071705534974,8.44474268288124e-9
1100,50.11872336272723,1.2550049648451496e-8
1100,63.09573444801932,1.889135102113863e-8
1100,79.43282347242814,2.8884674637145487e-8
1100,100,4.4992069435902956e-8
1100,125.89254117941674,7.156001182614946e-8
1100,158.48931924611142,1.1619404673392024e-7
1100,199.5262314968879,1.9128706264004636e-7
1100,251.18864315095797,3.1257197771849334e-7
1100,316.22776601683796,4.853995610615189e-7
1100,398.1071705534973,6.775180947833286e-7
1100,501.18723362727246,8.314437111939979e-7
1100,630.957344480193,9.416795271890475e-7
1100,794.3282347242821,0.0000010784652493345983
1100,1000.0000000000011,0.0000013579050300432577
1100,1258.9254117941687,0.000001935600872230297
1100,1584.893192461114,0.0000029415945370622153
1100,1995.2623149688807,0.000004355997062437072
1100,2511.8864315095825,0.0000064357888980737355
1100,3162.277660168382,0.000009799186573237363
1100,3981.0717055349783,0.00001325885866444549
1100,5011.872336272725,0.000016399022686774094
1100,6309.573444801936,0.000022399020189534195
1100,7943.282347242823,0.00003273639347365667
1100,10000,0.000035039741038058716
1100,12589.25411794166,0.00002835804488104837
1100,15848.93192461111,0.000018741956559088892
1100,19952.623149688792,0.000011643815250420574
1100,25118.864315095765,0.000006954559307301335
1100,31622.776601683792,0.000004038731536802333
1100,39810.71705534969,0.000002402178005607172
1100,50118.72336272726,0.0000016677662377257749
1100,63095.734448019306,0.0000015445643521257976
1100,79432.82347242821,0.0000018369334951548764
1100,100000,0.0000024515648548948507
1100,125892.54117941688,0.000003383867546291413
1100,158489.3192461114,0.000004696611373263659
1100,199526.2314968879,0.000006504187454146345
1100,251188.64315095768,0.000008965799128694727
1100,316227.7660168379,0.000012284042644361368
1100,398107.1705534969,0.000016702936244913265
1100,501187.2336272725,0.000022498906256312446
1100,630957.344480193,0.000029957713003069456
1100,794328.2347242823,0.00003932996416567391
1100,1000000.0000000001,0.00005075964134485828
1200,10,7.300499849954385e-10
1200,12.589254117941675,1.0442282034307643e-9
1200,15.848931924611133,1.4984725586857088e-9
1200,19.952623149688797,2.1591240845997246e-9
1200,25.118864315095795,3.127085076048906e-9
1200,31.622776601683793,4.558349521333584e-9
1200,39.810717055349734,6.698736098082592e-9
1200,50.11872336272722,9.944192767709097e-9
1200,63.09573444801932,1.4948195192712226e-8
1200,79.43282347242814,2.281720667075251e-8
1200,100,3.54703540480997e-8
1200,125.89254117941675,5.62909927525262e-8
1200,158.48931924611145,9.120904225792533e-8
1200,199.52623149688787,1.499814467490415e-7
1200,251.18864315095794,2.4544218355183173e-7
1200,316.22776601683796,3.8356425183836144e-7
1200,398.1071705534974,5.413143721151013e-7
1200,501.18723362727246,6.713018606099661e-7
1200,630.9573444801931,7.630094327037477e-7
1200,794.3282347242821,8.690354029907556e-7
1200,1000.0000000000011,0.000001080763732788414
1200,1258.9254117941687,0.0000015218288370603345
1200,1584.8931924611143,0.000002304725755758024
1200,1995.2623149688811,0.000003423503564254442
1200,2511.886431509582,0.000005042593419666605
1200,3162.2776601683827,0.000007708091608001758
1200,3981.071705534978,0.00001061233490625882
1200,5011.872336272725,0.000013223047200268102
1200,6309.573444801936,0.00001771349676696324
1200,7943.282347242824,0.00002614799293123432
1200,9999.999999999998,0.000030026375184667307
1200,12589.254117941662,0.000027930818529595634
1200,15848.931924611108,0.000018911824091685404
1200,19952.62314968879,0.000011182620024867014
1200,25118.864315095772,0.000006298586584322727
1200,31622.776601683796,0.0000034681457403726443
1200,39810.71705534969,0.000001949124004650323
1200,50118.72336272726,0.0000012420545648633003
1200,63095.734448019306,0.0000010425261757956839
1200,79432.82347242821,0.0000011691566789550721
1200,100000,0.0000015302177735396644
1200,125892.54117941689,0.000002104988415794955
1200,158489.31924611138,0.0000029255459709454627
1200,199526.2314968879,0.0000040631689544191925
1200,251188.6431509577,0.000005622261837411575
1200,316227.7660168379,0.000007739806405849043
1200,398107.1705534969,0.00001058634879219688
1200,501187.2336272725,0.00001436420807969957
1200,630957.344480193,0.000019298227453696984
1200,794328.2347242823,0.00002561363249419481
1200,1000000,0.00003349529054130908
1300,10,5.919816717113553e-10
1300,12.589254117941673,8.465322298249319e-10
1300,15.848931924611135,1.2143985891538434e-9
1300,19.952623149688794,1.7491180370784436e-9
1300,25.118864315095795,2.5320123897267185e-9
1300,31.622776601683796,3.6886090507065916e-9
1300,39.810717055349734,5.416357001478105e-9
1300,50.11872336272722,8.032630796566007e-9
1300,63.09573444801933,1.2060017876213347e-8
1300,79.43282347242815,1.8381224144160084e-8
1300,100,2.8523865158144758e-8
1300,125.89254117941675,4.51774261288326e-8
1300,158.48931924611142,7.306111469692441e-8
1300,199.5262314968879,1.2000115791658486e-7
1300,251.18864315095794,1.9659129130426568e-7
1300,316.2277660168379,3.088497539065888e-7
1300,398.10717055349744,4.4012682811378685e-7
1300,501.1872336272724,5.511625780707108e-7
1300,630.957344480193,6.288410275963721e-7
1300,794.3282347242821,7.130203286533645e-7
1300,1000.0000000000009,8.769732535199024e-7
1300,1258.9254117941687,0.0000012206424446975422
1300,1584.8931924611143,0.0000018414857950812062
1300,1995.2623149688807,0.0000027444565098512497
1300,2511.886431509582,0.000004037623394223652
1300,3162.2776601683827,0.000006199101143276056
1300,3981.071705534978,0.000008729052977789274
1300,5011.872336272724,0.000011125941505230203
1300,6309.573444801937,0.00001483771567776141
1300,7943.282347242822,0.000021824200292019603
1300,10000,0.00002606183442986635
1300,12589.254117941664,0.000028275064039408318
1300,15848.931924611106,0.00002156455449624233
1300,19952.62314968879,0.000012616693274920272
1300,25118.864315095772,0.000006693718309821615
1300,31622.776601683792,0.0000033710052761944877
1300,39810.71705534969,0.000001717315370373626
1300,50118.72336272725,9.886227803165985e-7
1300,63095.7344480193,7.489799917366595e-7
1300,79432.82347242821,7.851935076333336e-7
1300,100000,0.000001002177661796143
1300,125892.54117941689,0.0000013710172035126696
1300,158489.3192461114,0.0000019061947598943611
1300,199526.23149688792,0.000002652959959080298
1300,251188.64315095765,0.000003681583237298813
1300,316227.7660168379,0.000005086752078974528
1300,398107.1705534969,0.000006989267990795979
1300,501187.2336272725,0.00000953704364632802
1300,630957.344480193,0.000012902264139822575
1300,794328.2347242822,0.000017270940430106065
1300,1000000.0000000001,0.000022820301703268527
1400,10,4.880115627453219e-10
1400,12.589254117941673,6.976924592886167e-10
1400,15.848931924611133,1.0005851880120766e-9
1400,19.952623149688797,1.440625024795063e-9
1400,25.118864315095795,2.0844660491153187e-9
1400,31.622776601683796,3.0348433152075613e-9
1400,39.810717055349734,4.453075577887698e-9
1400,50.11872336272722,6.597948368744902e-9
1400,63.09573444801933,9.894635388268403e-9
1400,79.43282347242814,1.505962501582545e-8
1400,100,2.3330145232469785e-8
1400,125.89254117941672,3.6881214196687535e-8
1400,158.48931924611142,5.9531836669549886e-8
1400,199.5262314968879,9.765621484225259e-8
1400,251.18864315095794,1.6009153598010678e-7
1400,316.227766016838,2.5263330173879036e-7
1400,398.1071705534973,3.631891923869083e-7
1400,501.1872336272725,4.5910631173974336e-7
1400,630.957344480193,5.261027766954484e-7
1400,794.3282347242822,5.946577687692961e-7
1400,1000.0000000000009,7.245364882535802e-7
1400,1258.925411794169,9.978117642882554e-7
1400,1584.8931924611143,0.0000014987818032965906
1400,1995.262314968881,0.000002239237782441553
1400,2511.8864315095825,0.000003291026337735155
1400,3162.2776601683827,0.000005063604577245204
1400,3981.0717055349774,0.000007270501672922084
1400,5011.872336272725,0.000009517181699534122
1400,6309.573444801937,0.000012938750572731773
1400,7943.282347242823,0.000019160318828630444
1400,10000,0.000023379621254910106
1400,12589.254117941662,0.000028366350876738894
1400,15848.931924611108,0.000026317111953031307
1400,19952.62314968879,0.000016467133054584118
1400,25118.86431509577,0.000008774548017727847
1400,31622.776601683792,0.0000041728921572891835
1400,39810.71705534969,0.0000018596668555068132
1400,50118.72336272724,8.925391473795565e-7
1400,63095.73444801929,5.764563481686615e-7
1400,79432.82347242821,5.531600748548984e-7
1400,100000,6.838689625668457e-7
1400,125892.54117941689,9.283441459636995e-7
1400,158489.31924611138,0.000001290092852816381
1400,199526.23149688792,0.000001798126217718458
1400,251188.64315095768,0.000002500847717638235
1400,316227.7660168379,0.0000034651470966230777
1400,398107.17055349686,0.000004778001245890268
1400,501187.2336272725,0.000006548367077131788
1400,630957.344480193,0.00000890720503798629
1400,794328.2347242822,0.0000120030545843935
1400,1000000.0000000001,0.000015989814740580773
1500,10,4.078010416922978e-10
1500,12.589254117941673,5.829030172401132e-10
1500,15.848931924611133,8.357531357989262e-10
1500,19.952623149688797,1.202924486947802e-9
1500,25.11886431509579,1.739843618904234e-9
1500,31.622776601683796,2.531833378772519e-9
1500,39.810717055349734,3.7126742380352356e-9
1500,50.11872336272722,5.4966125553723024e-9
1500,63.09573444801933,8.234983337273961e-9
1500,79.43282347242814,1.2518667228531748e-8
1500,100,1.9366077840789902e-8
1500,125.89254117941674,3.0565302541348874e-8
1500,158.48931924611142,4.9257658152101085e-8
1500,199.5262314968879,8.071445703141744e-8
1500,251.18864315095794,1.3238906566212217e-7
1500,316.22776601683796,2.0971084869639094e-7
1500,398.1071705534973,3.0379587435203904e-7
1500,501.18723362727246,3.8727977223050533e-7
1500,630.957344480193,4.456294047043642e-7
1500,794.3282347242821,5.023538194829825e-7
1500,1000.0000000000011,6.068482693506737e-7
1500,1258.9254117941687,8.273742484747025e-7
1500,1584.8931924611143,0.000001237065096117156
1500,1995.2623149688807,0.0000018519809839959769
1500,2511.886431509582,0.0000027193994736887935
1500,3162.277660168382,0.000004182153975149762
1500,3981.0717055349774,0.000006087425533408123
1500,5011.872336272725,0.000008119096188831083
1500,6309.573444801936,0.000011298618132138862
1500,7943.282347242821,0.00001716975303529925
1500,10000,0.000021541976797239576
1500,12589.254117941664,0.0000275181949558536
1500,15848.931924611106,0.00003122077249943705
1500,19952.623149688792,0.000022178087606178232
1500,25118.86431509577,0.000012763014339401594
1500,31622.776601683792,0.000006384406121348204
1500,39810.71705534969,0.0000027731952725719537
1500,50118.72336272725,0.0000011144768235783515
1500,63095.7344480193,5.31305780494059e-7
1500,79432.82347242821,4.157288405178456e-7
1500,99999.99999999999,4.84594866607218e-7
1500,125892.54117941688,6.503092621708679e-7
1500,158489.3192461114,9.024749426328811e-7
1500,199526.2314968879,0.0000012590649582758107
1500,251188.6431509577,0.000001754085650018963
1500,316227.7660168379,0.0000024357870531252893
1500,398107.1705534969,0.0000033678980137900597
1500,501187.23362727254,0.000004631628016767851
1500,630957.344480193,0.000006326863112378755
1500,794328.2347242822,0.000008570778493665654
1500,1000000,0.000011491478892628966
1600,10,3.442859158759979e-10
1600,12.589254117941673,4.920202224838326e-10
1600,15.848931924611131,7.05274964355843e-10
1600,19.952623149688794,1.0148106507193755e-9
1600,25.118864315095795,1.4671967391364956e-9
1600,31.622776601683793,2.1340335038382212e-9
1600,39.810717055349734,3.1274235218444667e-9
1600,50.11872336272722,4.626599049317134e-9
1600,63.09573444801933,6.92493395472056e-9
1600,79.43282347242815,1.051486550381885e-8
1600,100,1.6243563059201958e-8
1600,125.89254117941675,2.5596556421018264e-8
1600,158.48931924611142,4.1184740152992975e-8
1600,199.52623149688787,6.741104923770021e-8
1600,251.18864315095797,1.1061461978258023e-7
1600,316.227766016838,1.758414780931276e-7
1600,398.1071705534973,2.5662757869162373e-7
1600,501.18723362727246,3.29956922134312e-7
1600,630.9573444801931,3.814445539227468e-7
1600,794.3282347242822,4.292084768751833e-7
1600,1000.000000000001,5.14545088166427e-7
1600,1258.9254117941687,6.94905429738061e-7
1600,1584.893192461114,0.0000010339558192987793
1600,1995.262314968881,0.0000015501683166443372
1600,2511.886431509582,0.0000022741038307493435
1600,3162.2776601683827,0.0000034902205156283037
1600,3981.071705534978,0.000005130462935486166
1600,5011.872336272724,0.000006917640218255808
1600,6309.573444801936,0.000009763004712171338
1600,7943.282347242823,0.000015255790189889177
1600,10000,0.00001987802939097798
1600,12589.254117941662,0.00002583970817848182
1600,15848.931924611112,0.000034104427236668756
1600,19952.62314968879,0.000027980129966258174
1600,25118.86431509577,0.000017819581377651282
1600,31622.776601683792,0.00000996834457896431
1600,39810.71705534969,0.000004824634228299315
1600,50118.72336272726,0.0000019993174117236933
1600,63095.7344480193,7.667908933285497e-7
1600,79432.82347242822,3.8555216975736333e-7
1600,100000,3.5683484035833393e-7
1600,125892.54117941689,4.593970959880427e-7
1600,158489.31924611138,6.349449674558657e-7
1600,199526.23149688792,8.863506227596823e-7
1600,251188.6431509577,0.0000012366743728600912
1600,316227.7660168379,0.0000017279461820668542
1600,398107.1705534969,0.000002394999920554808
1600,501187.23362727254,0.0000033036731050241574
1600,630957.344480193,0.000004529913395757483
1600,794328.2347242822,0.000006165274610232639
1600,1000000,0.00000831408242403578
1800,10,2.5404689141081415e-10
1800,12.589254117941673,3.6293987578517736e-10
1800,15.848931924611135,5.200320307716502e-10
1800,19.952623149688794,7.478760821958493e-10
1800,25.118864315095795,1.080555214106611e-9
1800,31.622776601683796,1.5703618622874608e-9
1800,39.810717055349734,2.298966114393174e-9
1800,50.11872336272722,3.3965706844446864e-9
1800,63.09573444801932,5.07561201143514e-9
1800,79.43282347242814,7.69144557357722e-9
1800,100,1.1853362030365423e-8
1800,125.89254117941675,1.862706473998272e-8
1800,158.48931924611142,2.988563737032466e-8
1800,199.5262314968879,4.880975403232985e-8
1800,251.18864315095794,8.010313602780227e-8
1800,316.22776601683796,1.2799737482929132e-7
1800,398.1071705534973,1.8902501436994665e-7
1800,501.1872336272724,2.4659583966407726e-7
1800,630.957344480193,2.875720274082974e-7
1800,794.3282347242821,3.228510817088676e-7
1800,1000.000000000001,3.821722093093355e-7
1800,1258.9254117941687,5.074759010616752e-7
1800,1584.893192461114,7.475592918888202e-7
1800,1995.262314968881,0.0000011224210906803196
1800,2511.8864315095825,0.0000016443890139366856
1800,3162.2776601683827,0.000002508060289081143
1800,3981.0717055349783,0.000003733117351048302
1800,5011.872336272725,0.000005076206160956401
1800,6309.573444801936,0.000007168752170861013
1800,7943.282347242822,0.000011426112113937153
1800,9999.999999999998,0.000015707922436919895
1800,12589.254117941664,0.00002033641391297445
1800,15848.931924611108,0.000030165022170753684
1800,19952.62314968879,0.000030304550897462807
1800,25118.86431509577,0.00002194136448293223
1800,31622.776601683792,0.000014199570147761842
1800,39810.71705534969,0.000008445812581811704
1800,50118.72336272725,0.000004527229290919303
1800,63095.73444801929,0.0000021451888540709863
1800,79432.82347242821,8.971550237313943e-7
1800,99999.99999999999,3.6025796013237445e-7
1800,125892.5411794169,1.9392887525471788e-7
1800,158489.3192461114,1.883312687189921e-7
1800,199526.23149688792,2.479263056323944e-7
1800,251188.64315095768,3.456083895330192e-7
1800,316227.7660168379,4.839233746746931e-7
1800,398107.1705534969,6.764349163776293e-7
1800,501187.23362727254,9.430369739836493e-7
1800,630957.3444801931,0.0000013103489877539736
1800,794328.2347242822,0.0000018131901175328027
1800,1000000,0.0000024960792769345216
2000,10,1.9323297116937195e-10
2000,12.589254117941673,2.7598146010888815e-10
2000,15.848931924611135,3.9529510199285946e-10
2000,19.952623149688794,5.682338532066097e-10
2000,25.118864315095795,8.205409128688469e-10
2000,31.622776601683793,1.1916418306689469e-9
2000,39.810717055349734,1.7429806643832906e-9
2000,50.11872336272723,2.5722749325755833e-9
2000,63.09573444801933,3.838520905608109e-9
2000,79.43282347242815,5.806899749417957e-9
2000,100,8.930787994212983e-9
2000,125.89254117941672,1.4001465433428367e-8
2000,158.48931924611142,2.2409667068819088e-8
2000,199.5262314968879,3.6530501491328715e-8
2000,251.18864315095794,5.995353855138057e-8
2000,316.22776601683796,9.621362867212386e-8
2000,398.1071705534974,1.4355362710202587e-7
2000,501.18723362727246,1.8977600199712882e-7
2000,630.957344480193,2.232469509035194e-7
2000,794.3282347242822,2.503931496400137e-7
2000,1000.0000000000011,2.9329435545890326e-7
2000,1258.9254117941687,3.836143683309829e-7
2000,1584.893192461114,5.595208894623493e-7
2000,1995.2623149688807,8.406508809122771e-7
2000,2511.8864315095825,0.0000012313952434972824
2000,3162.2776601683827,0.0000018654367980865477
2000,3981.0717055349774,0.0000027994643161200205
2000,5011.872336272726,0.000003820168600514337
2000,6309.573444801936,0.0000053329739126059985
2000,7943.282347242822,0.000008441014929218936
2000,10000,0.000011914102864154214
2000,12589.254117941664,0.000015163234883779905
2000,15848.93192461111,0.000022803797573380636
2000,19952.623149688785,0.000025548767023021537
2000,25118.86431509577,0.000019878688956873897
2000,31622.77660168379,0.000012695731448689894
2000,39810.71705534969,0.000007502451078250771
2000,50118.72336272726,0.000004110130923868448
2000,63095.7344480193,0.0000020619289737318717
2000,79432.82347242821,9.44348533759602e-7
2000,100000,4.1252640760092656e-7
2000,125892.54117941688,2.0597275274344724e-7
2000,158489.31924611138,1.5811769344892843e-7
2000,199526.23149688792,1.829707701659547e-7
2000,251188.64315095768,2.4706113612022043e-7
2000,316227.7660168379,3.44317558413092e-7
2000,398107.17055349686,4.814245105688932e-7
2000,501187.2336272725,6.719297173206897e-7
2000,630957.344480193,9.350337681948997e-7
2000,794328.2347242822,0.0000012962309346971854
2000,1000000,0.0000017884540083265616
2250,10,1.4308829988766222e-10
2250,12.589254117941675,2.0430469703793864e-10
2250,15.848931924611133,2.925250230247048e-10
2250,19.952623149688794,4.203112329100824e-10
2250,25.118864315095795,6.06589680864423e-10
2250,31.622776601683796,8.802921179963756e-10
2250,39.810717055349734,1.2864092927228966e-9
2250,50.11872336272722,1.8963101527899293e-9
2250,63.09573444801932,2.825785162625119e-9
2250,79.43282347242814,4.26735283974405e-9
2250,100,6.549133409212894e-9
2250,125.89254117941674,1.0242338318470154e-8
2250,158.48931924611142,1.6350273283905894e-8
2250,199.5262314968879,2.659419848535007e-8
2250,251.18864315095794,4.3625367172732136e-8
2250,316.22776601683796,7.026082027861466e-8
2250,398.1071705534973,1.0584720977841993e-7
2250,501.18723362727246,1.4181809030030882e-7
2250,630.957344480193,1.6844717250384541e-7
2250,794.3282347242821,1.8891606619895162e-7
2250,1000.0000000000009,2.189960653508332e-7
2250,1258.925411794169,2.8183275534858923e-7
2250,1584.8931924611143,4.0618249748634197e-7
2250,1995.2623149688807,6.09997479820132e-7
2250,2511.8864315095825,8.942654788523326e-7
2250,3162.2776601683827,0.0000013443888104353144
2250,3981.0717055349774,0.0000020319396449449125
2250,5011.872336272725,0.0000027866419886437454
2250,6309.573444801936,0.0000038446134934932105
2250,7943.282347242823,0.000006013791224928534
2250,10000,0.00000874274166799404
2250,12589.254117941662,0.00001100539477201479
2250,15848.93192461111,0.00001651109725627693
2250,19952.62314968879,0.000020732843093156013
2250,25118.864315095772,0.00001981978085564278
2250,31622.776601683792,0.000013206130218050683
2250,39810.71705534969,0.00000745219503976271
2250,50118.72336272726,0.000003867004612085528
2250,63095.7344480193,0.0000018891289906138172
2250,79432.82347242821,9.138883938252498e-7
2250,99999.99999999999,4.991677297343863e-7
2250,125892.54117941689,3.814477483512692e-7
2250,158489.3192461114,4.215769356377524e-7
2250,199526.23149688792,5.572948487520898e-7
2250,251188.6431509577,7.7335350038091e-7
2250,316227.7660168379,0.0000010822368978626892
2250,398107.1705534969,0.000001513967326199846
2250,501187.2336272725,0.00000211323288810049
2250,630957.344480193,0.000002940823138457336
2250,794328.2347242822,0.000004077005999217728
2250,1000000,0.000005625393317358109
2500,10,1.090715958636844e-10
2500,12.589254117941673,1.556952331899252e-10
2500,15.848931924611133,2.228541185056142e-10
2500,19.952623149688797,3.2007600491057266e-10
2500,25.118864315095795,4.6169597185001044e-10
2500,31.6227766016838,6.695911376351672e-10
2500,39.810717055349734,9.777155446425257e-10
2500,50.11872336272722,1.4398089360297993e-9
2500,63.09573444801933,2.1428374836771648e-9
2500,79.43282347242815,3.2309963226581125e-9
2500,100,4.94936953721973e-9
2500,125.89254117941672,7.723659654386294e-9
2500,158.48931924611142,1.2301175105437607e-8
2500,199.52623149688787,1.9969051768318078e-8
2500,251.18864315095794,3.2742226731871945e-8
2500,316.22776601683796,5.2896582546805924e-8
2500,398.1071705534973,8.038025910492684e-8
2500,501.1872336272724,1.0905779517864034e-7
2500,630.957344480193,1.3080574712120933e-7
2500,794.3282347242821,1.4686473667386752e-7
2500,1000.000000000001,1.68819311613483e-7
2500,1258.9254117941687,2.1417083104693702e-7
2500,1584.8931924611143,3.0514650693112244e-7
2500,1995.2623149688807,4.5774289269499014e-7
2500,2511.8864315095825,6.722533508197471e-7
2500,3162.2776601683827,0.0000010042816682079998
2500,3981.0717055349774,0.0000015260167332894296
2500,5011.872336272725,0.0000021081947875603515
2500,6309.573444801937,0.0000028937812073961288
2500,7943.282347242822,0.000004507183079583248
2500,10000,0.0000068361201244738025
2500,12589.254117941664,0.000008794313716866196
2500,15848.93192461111,0.000012964145401597895
2500,19952.62314968879,0.00001726432374515163
2500,25118.86431509577,0.000020856144143033838
2500,31622.776601683792,0.000017367961583944745
2500,39810.71705534969,0.000010309464748834468
2500,50118.72336272726,0.000005290126630053984
2500,63095.734448019306,0.000002383694539709304
2500,79432.82347242822,9.77240985201676e-7
2500,100000,4.209164333083045e-7
2500,125892.54117941688,2.5518028101627616e-7
2500,158489.3192461114,2.498075992013856e-7
2500,199526.2314968879,3.188310315445923e-7
2500,251188.6431509577,4.395731655157509e-7
2500,316227.7660168379,6.151724996266876e-7
2500,398107.1705534969,8.618503293021385e-7
2500,501187.2336272724,0.0000012054573132983743
2500,630957.344480193,0.0000016818868358079696
2500,794328.2347242823,0.000002339243330052603
2500,1000000,0.0000032407316322995965
2750,10,8.573226636896438e-11
2750,12.589254117941675,1.2235388887196512e-10
2750,15.848931924611135,1.7508521544490488e-10
2750,19.952623149688797,2.5138461267110374e-10
2750,25.1188643150958,3.6246090261477353e-10
2750,31.622776601683796,5.25396861754132e-10
2750,39.810717055349734,7.666628200507972e-10
2750,50.118723362727216,1.128075281034749e-9
2750,63.09573444801933,1.6771608756479596e-9
2750,79.43282347242814,2.5256215207452082e-9
2750,100,3.8628619696114525e-9
2750,125.89254117941672,6.017196596394475e-9
2750,158.48931924611142,9.564475988794131e-9
2750,199.5262314968879,1.5498931430335337e-8
2750,251.18864315095794,2.5394799280301598e-8
2750,316.22776601683796,4.1107905406823194e-8
2750,398.1071705534974,6.286923285584572e-8
2750,501.1872336272725,8.615636169982728e-8
2750,630.957344480193,1.0420334315577334e-7
2750,794.3282347242822,1.1717505308371536e-7
2750,1000.0000000000011,1.3381163707373876e-7
2750,1258.9254117941687,1.6772214604752927e-7
2750,1584.8931924611143,2.3645057196598976e-7
2750,1995.2623149688807,3.539866089762748e-7
2750,2511.886431509582,5.208704371239804e-7
2750,3162.277660168382,7.742796572427225e-7
2750,3981.0717055349783,0.0000011802628003849404
2750,5011.872336272724,0.0000016420609208387954
2750,6309.573444801937,0.0000022443018563782707
2750,7943.282347242823,0.0000034701797904320563
2750,10000,0.000005440093278278744
2750,12589.254117941664,0.0000072915028176760525
2750,15848.93192461111,0.000010881214620851755
2750,19952.62314968879,0.000014905542435274341
2750,25118.864315095772,0.0000202544122794512
2750,31622.77660168379,0.00002237091397703364
2750,39810.71705534969,0.00001555335424668013
2750,50118.72336272725,0.000009057870626450699
2750,63095.7344480193,0.0000045972800780337085
2750,79432.82347242821,0.0000019803303499545487
2750,99999.99999999999,7.189750694727222e-7
2750,125892.54117941689,2.465747905347389e-7
2750,158489.3192461114,1.2550434055681553e-7
2750,199526.23149688792,1.2578977085545923e-7
2750,251188.64315095768,1.66947540742336e-7
2750,316227.7660168379,2.3292691385398905e-7
2750,398107.1705534969,3.270027791806875e-7
2750,501187.2336272725,4.589077453403329e-7
2750,630957.3444801931,6.430312351507437e-7
2750,794328.2347242822,8.991857170739625e-7
2750,1000000.0000000001,0.0000012541462231576452
3000,10,6.874906255343777e-11
3000,12.589254117941673,9.809808512689892e-11
3000,15.848931924611133,1.4034332829888283e-10
3000,19.952623149688797,2.0144403585495342e-10
3000,25.11886431509579,2.9034706973699266e-10
3000,31.622776601683796,4.2067144585083687e-10
3000,39.810717055349734,6.134901881250059e-10
3000,50.11872336272722,9.020381503650865e-10
3000,63.09573444801933,1.3398828471991913e-9
3000,79.43282347242814,2.015452561256114e-9
3000,100,3.078374232417922e-9
3000,125.89254117941674,4.787543225108246e-9
3000,158.48931924611142,7.596709271437531e-9
3000,199.5262314968879,1.2290946846366728e-8
3000,251.18864315095794,2.0125582927839133e-8
3000,316.22776601683796,3.263427191981852e-8
3000,398.1071705534973,5.019576794708752e-8
3000,501.18723362727246,6.942145278356642e-8
3000,630.957344480193,8.46397118343614e-8
3000,794.3282347242821,9.536686585924814e-8
3000,1000.0000000000011,1.083200314645543e-7
3000,1258.9254117941687,1.3432078755676108e-7
3000,1584.8931924611143,1.874762120861243e-7
3000,1995.2623149688807,2.7996814687728154e-7
3000,2511.886431509582,4.127551123287991e-7
3000,3162.277660168382,6.110793584513058e-7
3000,3981.0717055349774,9.328880202738135e-7
3000,5011.872336272725,0.0000013062970128068424
3000,6309.573444801936,0.0000017772959789704689
3000,7943.282347242821,0.0000027172454373253407
3000,10000,0.000004335981592700989
3000,12589.254117941664,0.000005937515282525216
3000,15848.931924611106,0.000008932962736331116
3000,19952.623149688792,0.000012564807129720663
3000,25118.86431509577,0.000017390428694376968
3000,31622.776601683792,0.000022625321755196343
3000,39810.71705534969,0.000018033249464653858
3000,50118.72336272725,0.000011594524491427133
3000,63095.7344480193,0.000006755376113674026
3000,79432.82347242821,0.0000035160194096109567
3000,99999.99999999999,0.0000015958827950941352
3000,125892.54117941688,6.273331655210615e-7
3000,158489.3192461114,2.3473997823179594e-7
3000,199526.2314968879,1.246260852655126e-7
3000,251188.6431509577,1.2626455204688692e-7
3000,316227.7660168379,1.6930515035714774e-7
3000,398107.1705534969,2.3705846487552578e-7
3000,501187.23362727254,3.3283195379507514e-7
3000,630957.344480193,4.667196955027528e-7
3000,794328.2347242822,6.53254160678463e-7
3000,1000000,9.122017591461708e-7
3500,10,4.659007440553016e-11
3500,12.589254117941675,6.645865730798362e-11
3500,15.848931924611135,9.504120935073179e-11
3500,19.952623149688797,1.363513123399278e-10
3500,25.1188643150958,1.9640437987420442e-10
3500,31.622776601683796,2.8433827857208217e-10
3500,39.810717055349734,4.142577084378349e-10
3500,50.118723362727216,6.083442060539035e-10
3500,63.09573444801933,9.022335932378409e-10
3500,79.43282347242814,1.3545428892155294e-9
3500,100,2.0640919560592467e-9
3500,125.89254117941672,3.201309105807754e-9
3500,158.48931924611142,5.064403330597776e-9
3500,199.52623149688787,8.1708015170549e-9
3500,251.18864315095794,1.336023384295853e-8
3500,316.22776601683796,2.1715018362915848e-8
3500,398.1071705534974,3.370365647197384e-8
3500,501.1872336272724,4.73373013326584e-8
3500,630.957344480193,5.855884046161814e-8
3500,794.3282347242822,6.629623429063207e-8
3500,1000.0000000000011,7.469324161681722e-8
3500,1258.9254117941687,9.095976122624838e-8
3500,1584.893192461114,1.2463896617387524e-7
3500,1995.262314968881,1.8497081051598181e-7
3500,2511.8864315095825,2.7362643297575307e-7
3500,3162.2776601683827,4.0273821272078363e-7
3500,3981.071705534978,6.147852412234429e-7
3500,5011.872336272725,8.712935450798331e-7
3500,6309.573444801936,0.00000117670900590547
3500,7943.282347242824,0.0000017547143533219445
3500,9999.999999999998,0.0000028371405366224726
3500,12589.254117941664,0.000003942418366292407
3500,15848.931924611108,0.000005814552598980965
3500,19952.623149688792,0.00000841271033975556
3500,25118.86431509577,0.000011357343063838913
3500,31622.776601683796,0.000016416993846220104
3500,39810.71705534969,0.00001644437002526652
3500,50118.72336272725,0.000011193331400235388
3500,63095.7344480193,0.000006393361222493627
3500,79432.82347242821,0.000003319125775798169
3500,100000,0.0000015686357271215156
3500,125892.54117941688,6.765306545045576e-7
3500,158489.3192461114,2.7518011302422185e-7
3500,199526.2314968879,1.243653673107647e-7
3500,251188.64315095768,8.764004207480664e-8
3500,316227.7660168379,9.903777784388125e-8
3500,398107.17055349686,1.3375974979175546e-7
3500,501187.2336272725,1.8695864570775716e-7
3500,630957.344480193,2.6226868382914067e-7
3500,794328.2347242823,3.6751379630847854e-7
3500,1000000,5.139659384517008e-7
4000,10,3.320495962656345e-11
4000,12.589254117941673,4.735261270188307e-11
4000,15.848931924611135,6.769502248135474e-11
4000,19.952623149688794,9.707741065486561e-11
4000,25.118864315095795,1.3975775085168134e-10
4000,31.622776601683793,2.0219267533989542e-10
4000,39.810717055349734,2.9432717236511897e-10
4000,50.11872336272723,4.3176241194924325e-10
4000,63.09573444801933,6.394918278547108e-10
4000,79.43282347242815,9.584992394053989e-10
4000,100,1.4576557722653215e-9
4000,125.89254117941672,2.2553966693032324e-9
4000,158.48931924611142,3.558629976654539e-9
4000,199.5262314968879,5.727107362624061e-9
4000,251.18864315095794,9.351524740610663e-9
4000,316.22776601683796,1.522527542320927e-8
4000,398.1071705534974,2.3806919370125955e-8
4000,501.18723362727246,3.389036395988526e-8
4000,630.957344480193,4.2503264297935394e-8
4000,794.3282347242822,4.8403010582893766e-8
4000,1000.0000000000011,5.424386448750142e-8
4000,1258.9254117941687,6.509747904395196e-8
4000,1584.893192461114,8.775111878321016e-8
4000,1995.2623149688807,1.2930224476117802e-7
4000,2511.8864315095825,1.917733368976221e-7
4000,3162.2776601683827,2.8126373068793983e-7
4000,3981.0717055349774,4.2836151080868753e-7
4000,5011.872336272726,6.139332434990494e-7
4000,6309.573444801936,8.259952104334034e-7
4000,7943.282347242822,0.000001206299718509613
4000,10000,0.0000019587002420104645
4000,12589.254117941664,0.000002774594294952853
4000,15848.93192461111,0.000004058874458063617
4000,19952.623149688785,0.000006103796420848388
4000,25118.86431509577,0.000008168802277878548
4000,31622.77660168379,0.000012257397968104707
4000,39810.71705534969,0.0000158527200665451
4000,50118.72336272726,0.000014778479729393991
4000,63095.7344480193,0.000009159103236401029
4000,79432.82347242821,0.000004816189722511898
4000,100000,0.0000021919166030061413
4000,125892.54117941688,8.638679194129439e-7
4000,158489.31924611138,3.1788911186957964e-7
4000,199526.23149688792,1.4447433805393343e-7
4000,251188.64315095768,1.1548272327301828e-7
4000,316227.7660168379,1.3991866302810367e-7
4000,398107.17055349686,1.918340001873605e-7
4000,501187.2336272725,2.689331083021658e-7
4000,630957.344480193,3.7788695428556876e-7
4000,794328.2347242822,5.305171760415515e-7
4000,1000000,7.436532532577719e-7
4500,10,2.4758443192863622e-11
4500,12.589254117941675,3.5299704173209146e-11
4500,15.848931924611133,5.0450601754163385e-11
4500,19.952623149688794,7.232355060949303e-11
4500,25.118864315095795,1.0407608150374783e-10
4500,31.622776601683796,1.5048928356551815e-10
4500,39.810717055349734,2.189147741333584e-10
4500,50.11872336272722,3.2086230662000877e-10
4500,63.09573444801932,4.747284448335721e-10
4500,79.43282347242814,7.106026356815407e-10
4500,100,1.0789131102162907e-9
4500,125.89254117941674,1.6661626425369736e-9
4500,158.48931924611142,2.623229518122963e-9
4500,199.5262314968879,4.212698501551384e-9
4500,251.18864315095794,6.869102228854465e-9
4500,316.22776601683796,1.1192876270470656e-8
4500,398.1071705534973,1.7592788110751327e-8
4500,501.18723362727246,2.530236883221143e-8
4500,630.957344480193,3.209218754593872e-8
4500,794.3282347242821,3.6753814083764855e-8
4500,1000.0000000000009,4.105485691113099e-8
4500,1258.925411794169,4.872138910785312e-8
4500,1584.8931924611143,6.478239504174691e-8
4500,1995.2623149688807,9.476215371955879e-8
4500,2511.8864315095825,1.4071946197501667e-7
4500,3162.2776601683827,2.0592271272181212e-7
4500,3981.0717055349774,3.1249982003655366e-7
4500,5011.872336272725,4.518860618046262e-7
4500,6309.573444801936,6.070147056201236e-7
4500,7943.282347242823,8.719443007544612e-7
4500,10000,0.00000141358989450971
4500,12589.254117941662,0.0000020398263605090997
4500,15848.93192461111,0.0000029659417178204296
4500,19952.62314968879,0.000004647383131087845
4500,25118.864315095772,0.000006423543507938809
4500,31622.776601683792,0.00000968857750014273
4500,39810.71705534969,0.000013674965527134073
4500,50118.72336272726,0.00001739849638783045
4500,63095.7344480193,0.000013348644869777413
4500,79432.82347242821,0.00000819023582827496
4500,99999.99999999999,0.00000447784355835593
4500,125892.54117941689,0.000002137090254469624
4500,158489.3192461114,8.669886645559241e-7
4500,199526.23149688792,3.0206125655958744e-7
4500,251188.6431509577,1.1182336446950912e-7
4500,316227.7660168379,7.654506038872481e-8
4500,398107.1705534969,9.27110532908796e-8
4500,501187.2336272725,1.2854229495784256e-7
4500,630957.344480193,1.8069340599148793e-7
4500,794328.2347242822,2.540452128701142e-7
4500,1000000,3.5677948004489996e-7
5000,10,1.8976517382729307e-11
5000,12.589254117941673,2.7050690344306476e-11
5000,15.848931924611133,3.865141976771758e-11
5000,19.952623149688797,5.539143101769492e-11
5000,25.118864315095795,7.96786964877905e-11
5000,31.6227766016838,1.1515451860776347e-10
5000,39.810717055349734,1.6740913809431762e-10
5000,50.11872336272722,2.4517860263554234e-10
5000,63.09573444801933,3.62396751669049e-10
5000,79.43282347242815,5.418006387467225e-10
5000,100,8.214032551803336e-10
5000,125.89254117941672,1.266263022153669e-9
5000,158.48931924611142,1.9896919005377445e-9
5000,199.52623149688787,3.189074930124435e-9
5000,251.18864315095794,5.193364371747519e-9
5000,316.22776601683796,8.468589939992286e-9
5000,398.1071705534973,1.337440089350429e-8
5000,501.1872336272724,1.9422316803900936e-8
5000,630.957344480193,2.4909153323441378e-8
5000,794.3282347242821,2.870496837856375e-8
5000,1000.000000000001,3.199686341079428e-8
5000,1258.9254117941687,3.760512104407512e-8
5000,1584.8931924611143,4.93732777006458e-8
5000,1995.2623149688807,7.16887824278917e-8
5000,2511.8864315095825,1.0655414567789023e-7
5000,3162.2776601683827,1.5576419307249975e-7
5000,3981.0717055349774,2.3547244037953777e-7
5000,5011.872336272725,3.432919460556079e-7
5000,6309.573444801937,4.6119807336971064e-7
5000,7943.282347242822,6.532738952292745e-7
5000,10000,0.000001053259314892751
5000,12589.254117941664,0.0000015438198474546086
5000,15848.93192461111,0.0000022162536781405797
5000,19952.62314968879,0.0000035180229541637692
5000,25118.86431509577,0.00000490914702958258
5000,31622.776601683792,0.000007376479175267664
5000,39810.71705534969,0.00001042136664916381
5000,50118.72336272726,0.000014583102265938045
5000,63095.734448019306,0.000013112061712595106
5000,79432.82347242822,0.000008339301720308115
5000,100000,0.000004677256728778557
5000,125892.54117941688,0.000002374123432380335
5000,158489.3192461114,0.0000010800184984986502
5000,199526.2314968879,4.3926067153553915e-7
5000,251188.6431509577,1.6836199430455195e-7
5000,316227.7660168379,7.805617779470796e-8
5000,398107.1705534969,6.344020240376161e-8
5000,501187.2336272724,7.836219948565239e-8
5000,630957.344480193,1.0828574386687689e-7
5000,794328.2347242823,1.52067891743454e-7
5000,1000000,2.1371828407899433e-7
6000,10,1.2042615561749216e-11
6000,12.589254117941673,1.7160925085135057e-11
6000,15.848931924611133,2.4510318930628696e-11
6000,19.952623149688797,3.510757560685976e-11
6000,25.11886431509579,5.0468082078539454e-11
6000,31.622776601683796,7.28783448013841e-11
6000,39.810717055349734,1.0583948174854271e-10
6000,50.11872336272722,1.5480597040303713e-10
6000,63.09573444801933,2.2844680558444723e-10
6000,79.43282347242814,3.40852007434463e-10
6000,100,5.154791203432882e-10
6000,125.89254117941674,7.923137283220583e-10
6000,158.48931924611142,1.2407979499443734e-9
6000,199.5262314968879,1.981959149610582e-9
6000,251.18864315095794,3.2194190215603304e-9
6000,316.22776601683796,5.2519592230407684e-9
6000,398.1071705534973,8.349843312186567e-9
6000,501.18723362727246,1.2308341238780973e-8
6000,630.957344480193,1.6082342674075954e-8
6000,794.3282347242821,1.8757148633149086e-8
6000,1000.0000000000011,2.088550399321856e-8
6000,1258.9254117941687,2.4208458347222206e-8
6000,1584.8931924611143,3.115049710741307e-8
6000,1995.2623149688807,4.4607242353020874e-8
6000,2511.886431509582,6.626800568238889e-8
6000,3162.277660168382,9.676452826390471e-8
6000,3981.0717055349774,1.4514025290643193e-7
6000,5011.872336272725,2.140759707178707e-7
6000,6309.573444801936,2.8837580877606385e-7
6000,7943.282347242821,4.000689737539023e-7
6000,10000,6.345875176665503e-7
6000,12589.254117941664,9.541509067860895e-7
6000,15848.931924611106,0.0000013407143899731385
6000,19952.623149688792,0.0000021377027471157883
6000,25118.86431509577,0.000003057539212997314
6000,31622.776601683792,0.00000460796872695498
6000,39810.71705534969,0.000006565167861699561
6000,50118.72336272725,0.00000983385457410055
6000,63095.7344480193,0.00001307645502734639
6000,79432.82347242821,0.000011820700380263495
6000,99999.99999999999,0.000007214324991651899
6000,125892.54117941688,0.0000037630280368805973
6000,158489.3192461114,0.000001681967514892919
6000,199526.2314968879,6.322705273142806e-7
6000,251188.6431509577,2.0766725199872862e-7
6000,316227.7660168379,7.823587286048777e-8
6000,398107.1705534969,5.6458170861257975e-8
6000,501187.23362727254,6.834537004334092e-8
6000,630957.344480193,9.429259908100214e-8
6000,794328.2347242822,1.3252347983721882e-7
6000,1000000,1.8653107204364003e-7
7000,10,8.218491723330395e-12
7000,12.589254117941675,1.1708535035232335e-11
7000,15.848931924611135,1.671756351996311e-11
7000,19.952623149688797,2.393598140217622e-11
7000,25.1188643150958,3.43912975052381e-11
7000,31.622776601683796,4.963123282622605e-11
7000,39.810717055349734,7.20208462309032e-11
7000,50.118723362727216,1.0523589770575721e-10
7000,63.09573444801933,1.5510226082877937e-10
7000,79.43282347242814,2.3105959787099096e-10
7000,100,3.487713264183442e-10
7000,125.89254117941672,5.348511596213464e-10
7000,158.48931924611142,8.354060794791983e-10
7000,199.52623149688787,1.330791638280258e-9
7000,251.18864315095794,2.157061669764813e-9
7000,316.22776601683796,3.5187158007828097e-9
7000,398.1071705534974,5.6199116469185256e-9
7000,501.1872336272724,8.37741783996187e-9
7000,630.957344480193,1.1111206981732991e-8
7000,794.3282347242822,1.3098589608049816e-8
7000,1000.0000000000011,1.4591701887181664e-8
7000,1258.9254117941687,1.674204640281067e-8
7000,1584.893192461114,2.1194642854280655e-8
7000,1995.262314968881,2.9971172301585994e-8
7000,2511.8864315095825,4.446203181987311e-8
7000,3162.2776601683827,6.496657336742589e-8
7000,3981.071705534978,9.682662791567113e-8
7000,5011.872336272725,1.439681336395491e-7
7000,6309.573444801936,1.9487581637682476e-7
7000,7943.282347242824,2.665191127001217e-7
7000,9999.999999999998,4.1541001508676835e-7
7000,12589.254117941664,6.368882970581511e-7
7000,15848.931924611108,8.841269481002843e-7
7000,19952.623149688792,0.00000139806435219249
7000,25118.86431509577,0.000002048395935213689
7000,31622.776601683796,0.0000031063771892765027
7000,39810.71705534969,0.000004578059251736243
7000,50118.72336272725,0.000006833298818212705
7000,63095.7344480193,0.000009955351861019078
7000,79432.82347242821,0.00001236194610963693
7000,100000,0.00000937067443526097
7000,125892.54117941688,0.000005529105415114239
7000,158489.3192461114,0.0000029207614578605096
7000,199526.2314968879,0.0000013754518401940747
7000,251188.64315095768,5.698970149537282e-7
7000,316227.7660168379,2.0894545307399084e-7
7000,398107.17055349686,7.615606033428134e-8
7000,501187.2336272725,4.161593832364624e-8
7000,630957.344480193,4.3015336036342564e-8
7000,794328.2347242823,5.780679012319353e-8
7000,1000000,8.108244108160449e-8
8000,10,5.8948467020831774e-12
8000,12.589254117941673,8.396344791138105e-12
8000,15.848931924611135,1.1985163304310333e-11
8000,19.952623149688794,1.715438753313356e-11
8000,25.118864315095795,2.4636980251709425e-11
8000,31.622776601683793,3.5535391672020215e-11
8000,39.810717055349734,5.153135160819946e-11
8000,50.11872336272723,7.523327190874698e-11
8000,63.09573444801933,1.1076561983559517e-10
8000,79.43282347242815,1.6479363055302809e-10
8000,100,2.4834578420682495e-10
8000,125.89254117941672,3.8010871620549607e-10
8000,158.48931924611142,5.923870384471958e-10
8000,199.5262314968879,9.414708563333984e-10
8000,251.18864315095794,1.523138485966925e-9
8000,316.22776601683796,2.4840941860330164e-9
8000,398.1071705534974,3.981791296526978e-9
8000,501.18723362727246,5.991221345516274e-9
8000,630.957344480193,8.051689179851887e-9
8000,794.3282347242822,9.58882577164234e-9
8000,1000.0000000000011,1.0697412050984804e-8
8000,1258.9254117941687,1.217498318123653e-8
8000,1584.893192461114,1.5196395882239312e-8
8000,1995.2623149688807,2.1234510106068418e-8
8000,2511.8864315095825,3.143309837935976e-8
8000,3162.2776601683827,4.599460801797794e-8
8000,3981.0717055349774,6.819167514666991e-8
8000,5011.872336272726,1.0196279073840524e-7
8000,6309.573444801936,1.3888872311062448e-7
8000,7943.282347242822,1.8802813300466003e-7
8000,10000,2.880620302123639e-7
8000,12589.254117941664,4.483376241221695e-7
8000,15848.93192461111,6.190788147790413e-7
8000,19952.623149688785,9.644893296371665e-7
8000,25118.86431509577,0.0000014363342772642745
8000,31622.77660168379,0.0000021512144881190974
8000,39810.71705534969,0.0000032274896953954594
8000,50118.72336272726,0.000004776635742280506
8000,63095.7344480193,0.000006981325482782653
8000,79432.82347242821,0.000009997184746041852
8000,100000,0.000010565196584602534
8000,125892.54117941688,0.0000069318875618631255
8000,158489.31924611138,0.000003692077530072717
8000,199526.23149688792,0.0000016995814954875925
8000,251188.64315095768,6.666692899477056e-7
8000,316227.7660168379,2.2680358470248375e-7
8000,398107.17055349686,7.818139499871098e-8
8000,501187.2336272725,4.283206934758178e-8
8000,630957.344480193,4.4701419075028976e-8
8000,794328.2347242822,5.999690673761922e-8
8000,1000000,8.410945855598177e-8
10000,10,3.3956687864592157e-12
10000,12.589254117941673,4.834963192541499e-12
10000,15.848931924611133,6.89855437268259e-12
10000,19.952623149688797,9.86851136232828e-12
10000,25.118864315095795,1.4163306111261736e-11
10000,31.6227766016838,2.041087834348438e-11
10000,39.810717055349734,2.9566416648952303e-11
10000,50.11872336272722,4.3106519900674544e-11
10000,63.09573444801933,6.335701885115022e-11
10000,79.43282347242815,9.406017253430457e-11
10000,100,1.4137890933067645e-10
10000,125.89254117941672,2.1570663680495907e-10
10000,158.48931924611142,3.349417021723374e-10
10000,199.52623149688787,5.302370700995246e-10
10000,251.18864315095794,8.549306438368318e-10
10000,316.22776601683796,1.3928662300367445e-9
10000,398.1071705534973,2.2430512246591375e-9
10000,501.1872336272724,3.422018911116232e-9
10000,630.957344480193,4.6975348144746415e-9
10000,794.3282347242821,5.697531175898071e-9
10000,1000.000000000001,6.3893247596091176e-9
10000,1258.9254117941687,7.197251653470864e-9
10000,1584.8931924611143,8.793808301781933e-9
10000,1995.2623149688807,1.204097400221364e-8
10000,2511.8864315095825,1.771686050874992e-8
10000,3162.2776601683827,2.599130804559779e-8
10000,3981.0717055349774,3.8252638027912894e-8
10000,5011.872336272725,5.7523131455350715e-8
10000,6309.573444801937,7.93964761283669e-8
10000,7943.282347242822,1.0618107921709307e-7
10000,10000,1.579849888385276e-7
10000,12589.254117941664,2.500030627201201e-7
10000,15848.93192461111,3.4577437698506453e-7
10000,19952.62314968879,5.219520086928188e-7
10000,25118.86431509577,7.962594786366262e-7
10000,31622.776601683792,0.000001165785751887827
10000,39810.71705534969,0.0000018106375883112931
10000,50118.72336272726,0.0000027159536277547855
10000,63095.734448019306,0.000004015877535861786
10000,79432.82347242822,0.000006023324815514136
10000,100000,0.000008800289263043682
10000,125892.54117941688,0.000009320398326227266
10000,158489.3192461114,0.00000612018186879692
10000,199526.2314968879,0.000003289680334322223
10000,251188.6431509577,0.0000015542803950220993
10000,316227.7660168379,6.388819939155155e-7
10000,398107.1705534969,2.2781191423892976e-7
10000,501187.2336272724,7.353368727305407e-8
10000,630957.344480193,2.7577161870012955e-8
10000,794328.2347242823,1.9848934662968764e-8
10000,1000000,2.423574142346351e-8
100000,10,1.2833303367095528e-14
100000,12.589254117941675,1.822506961807771e-14
100000,15.848931924611135,2.5918066192741823e-14
100000,19.952623149688797,3.692276256228193e-14
100000,25.118864315095795,5.27156300991825e-14
100000,31.622776601683793,7.547160298110056e-14
100000,39.810717055349734,1.0842620299403993e-13
100000,50.11872336272722,1.5645017321946867e-13
100000,63.09573444801933,2.269802790766291e-13
100000,79.43282347242814,3.3156107394262055e-13
100000,100,4.88459059358269e-13
100000,125.89254117941672,7.271985676314142e-13
100000,158.48931924611142,1.0965916754427472e-12
100000,199.5262314968879,1.6791199622780965e-12
100000,251.18864315095794,2.616463849986856e-12
100000,316.22776601683796,4.152166330043598e-12
100000,398.1071705534973,6.688976150109488e-12
100000,501.18723362727246,1.0805543491416249e-11
100000,630.9573444801929,1.701111878436003e-11
100000,794.3282347242821,2.4906443179186245e-11
100000,1000.000000000001,3.249152410751462e-11
100000,1258.9254117941687,3.791228271546452e-11
100000,1584.893192461114,4.202469574892785e-11
100000,1995.262314968881,4.796312440680062e-11
100000,2511.886431509582,6.002142653691468e-11
100000,3162.2776601683827,8.32818823790554e-11
100000,3981.0717055349783,1.214282040815129e-10
100000,5011.872336272725,1.7661804772398443e-10
100000,6309.573444801936,2.6173773902765207e-10
100000,7943.282347242822,3.789563010161081e-10
100000,10000,5.027174480421504e-10
100000,12589.254117941662,6.808317852053771e-10
100000,15848.93192461111,1.0396881665232834e-9
100000,19952.62314968879,1.5532785794286977e-9
100000,25118.86431509577,2.111916936743771e-9
100000,31622.776601683796,3.2169628508549537e-9
100000,39810.71705534968,4.6467895788383626e-9
100000,50118.72336272726,6.829735644397137e-9
100000,63095.734448019306,1.0167870758564067e-8
100000,79432.82347242821,1.5243754284004428e-8
100000,100000,2.2670991097138793e-8
100000,125892.54117941689,3.423396713347916e-8
100000,158489.3192461114,5.213896068704199e-8
100000,199526.2314968879,7.985484236671894e-8
100000,251188.6431509577,1.220167501265474e-7
100000,316227.7660168379,1.8768443286232182e-7
100000,398107.1705534969,2.942859002853173e-7
100000,501187.23362727254,4.6352103120549574e-7
100000,630957.3444801931,7.203259919791939e-7
100000,794328.2347242822,0.000001140634636546477
100000,1000000,0.0000018299425430687648
1000000,10,5.684318204673027e-17
1000000,12.589254117941675,8.060226796136844e-17
1000000,15.848931924611135,1.1440569910662107e-16
1000000,19.952623149688797,1.62588924066899e-16
1000000,25.118864315095795,2.3142866621576875e-16
1000000,31.622776601683796,3.3006700612840986e-16
1000000,39.810717055349734,4.719180251742427e-16
1000000,50.118723362727216,6.768417755169316e-16
1000000,63.095734448019336,9.745628750536907e-16
1000000,79.43282347242814,1.4101517835131212e-15
1000000,100,2.0530022328795833e-15
1000000,125.89254117941674,3.011869855872671e-15
1000000,158.48931924611142,4.460642514311811e-15
1000000,199.52623149688787,6.6834245407473234e-15
1000000,251.18864315095794,1.0154558488389876e-14
1000000,316.22776601683796,1.5680528784262874e-14
1000000,398.1071705534973,2.4642181017177817e-14
1000000,501.1872336272724,3.9353790921903335e-14
1000000,630.957344480193,6.335243236010055e-14
1000000,794.3282347242822,1.0064939239512719e-13
1000000,1000.0000000000011,1.516930938625628e-13
1000000,1258.9254117941687,2.0684372081761052e-13
1000000,1584.893192461114,2.505981161923656e-13
1000000,1995.2623149688807,2.8046208946336356e-13
1000000,2511.886431509582,3.1239561378428515e-13
1000000,3162.277660168382,3.719905042636845e-13
1000000,3981.071705534978,4.910950036029242e-13
1000000,5011.872336272725,7.012203550969624e-13
1000000,6309.573444801937,1.019872049315444e-12
1000000,7943.282347242823,1.4939090691486067e-12
1000000,10000,2.192547371435419e-12
1000000,12589.254117941662,2.9627221455549638e-12
1000000,15848.93192461111,3.888981717798932e-12
1000000,19952.62314968879,5.594725235377777e-12
1000000,25118.86431509577,8.598942160854336e-12
1000000,31622.776601683792,1.1778237164609117e-11
1000000,39810.71705534969,1.676560027755096e-11
1000000,50118.72336272726,2.5165024371706994e-11
1000000,63095.734448019306,3.518782182459004e-11
1000000,79432.82347242821,5.2774666286241374e-11
1000000,100000,7.629604266555951e-11
1000000,125892.54117941686,1.1339636272128293e-10
1000000,158489.3192461114,1.6779336605894643e-10
1000000,199526.23149688792,2.486374365171228e-10
1000000,251188.64315095768,3.7307590855651006e-10
1000000,316227.76601683797,5.603307549022155e-10
1000000,398107.17055349686,8.398194637023061e-10
1000000,501187.2336272726,1.2699621450428649e-9
1000000,630957.344480193,1.9409354171496233e-9
1000000,794328.2347242822,2.9476259330170507e-9
1000000,1000000,4.474472853069626e-9
10000000,10,2.816264202340742e-19
10000000,12.589254117941675,3.9895426874475717e-19
10000000,15.848931924611133,5.655825592090444e-19
10000000,19.952623149688794,8.025562684916352e-19
10000000,25.1188643150958,1.14016173896832e-18
10000000,31.622776601683796,1.6221863169181422e-18
10000000,39.810717055349734,2.312298230597045e-18
10000000,50.11872336272722,3.3037221521841824e-18
10000000,63.09573444801932,4.734127985003495e-18
10000000,79.43282347242815,6.8089270392566676e-18
10000000,100.00000000000001,9.83841219693497e-18
10000000,125.89254117941675,1.4298201171168868e-17
10000000,158.48931924611145,2.092978327022059e-17
10000000,199.5262314968879,3.091153941840287e-17
10000000,251.18864315095794,4.615569045356165e-17
10000000,316.22776601683796,6.983179203512017e-17
10000000,398.1071705534973,1.0729124095314845e-16
10000000,501.18723362727246,1.676511901305651e-16
10000000,630.9573444801931,2.662119145237688e-16
10000000,794.3282347242821,4.268071894762902e-16
10000000,1000.0000000000011,6.786946034756235e-16
10000000,1258.925411794169,1.0334558337028837e-15
10000000,1584.8931924611138,1.4381036827655035e-15
10000000,1995.262314968881,1.780531811340303e-15
10000000,2511.886431509582,2.0138416888396062e-15
10000000,3162.277660168382,2.2277825634723752e-15
10000000,3981.0717055349774,2.59284518331506e-15
10000000,5011.872336272724,3.325408477847086e-15
10000000,6309.573444801936,4.662684796486398e-15
10000000,7943.282347242822,6.7706909901506655e-15
10000000,10000,9.898466578573805e-15
10000000,12589.254117941662,1.4541783109540677e-14
10000000,15848.93192461111,1.989232799358169e-14
10000000,19952.62314968879,2.591259671903569e-14
10000000,25118.86431509577,3.620625444248652e-14
10000000,31622.77660168379,5.5388740605172054e-14
10000000,39810.71705534969,7.753604224653378e-14
10000000,50118.72336272724,1.0666510064641723e-13
10000000,63095.73444801929,1.604472023696251e-13
10000000,79432.82347242821,2.2379453317328705e-13
10000000,99999.99999999999,3.2921042134912024e-13
10000000,125892.54117941688,4.741297802054114e-13
10000000,158489.31924611138,6.984439018447705e-13
10000000,199526.23149688792,1.0163906228908997e-12
10000000,251188.6431509577,1.4927643994123515e-12
10000000,316227.7660168379,2.2106106012186204e-12
10000000,398107.1705534969,3.2796126399762757e-12
10000000,501187.23362727254,4.851488104468153e-12
10000000,630957.344480193,7.208511605781331e-12
10000000,794328.2347242822,1.0824635845679442e-11
10000000,1000000,1.6263563065619933e-11
