100,10.,1.695378506965865e-7
100,12.589254117941673,2.459837953805128e-7
100,15.848931924611131,3.594486519343309e-7
100,19.952623149688794,5.300267627111503e-7
100,25.118864315095795,7.906142967687483e-7
100,31.622776601683793,1.196776702612858e-6
100,39.810717055349734,1.8458483193846726e-6
100,50.11872336272722,2.915560389044873e-6
100,63.09573444801933,4.745725167551516e-6
100,79.43282347242815,8.017982705731342e-6
100,100.,0.000014159457779139771
100,125.89254117941675,0.00002621051629856004
100,158.48931924611142,0.000050219908750363034
100,199.52623149688787,0.00009444302627539575
100,251.18864315095797,0.00015546929112001645
100,316.227766016838,0.000203079096699794
100,398.1071705534973,0.00022372762516411962
100,501.18723362727246,0.0002464672176952595
100,630.9573444801931,0.00032085818454930486
100,794.3282347242822,0.0005314815169384688
100,1000.000000000001,0.000970108277510593
100,1258.9254117941687,0.00163334917650175
100,1584.893192461114,0.002507428418380077
100,1995.262314968881,0.003393408173603887
100,2511.886431509582,0.004892370436362349
100,3162.2776601683827,0.008153024752066371
100,3981.071705534978,0.011851327628857261
100,5011.872336272724,0.018369851892569573
100,6309.573444801936,0.02762228726480507
100,7943.282347242823,0.042935644319519
100,10000.,0.066379938962945
100,12589.254117941662,0.10407411873131467
100,15848.931924611112,0.1621826596332137
100,19952.62314968879,0.2632474400276946
100,25118.86431509577,0.4285380349488671
100,31622.776601683792,0.7076394831337215
100,39810.71705534969,1.2870534433502085
100,50118.72336272726,2.3230089992517273
100,63095.7344480193,4.34816431711751
100,79432.82347242822,8.624444899927887
100,100000.,17.399714231689046
100,125892.54117941689,34.7644067527338
100,158489.31924611138,83.86426950739047
100,199526.23149688792,127.03452123211227
100,251188.6431509577,218.48986535364776
100,316227.7660168379,273.03358151323914
100,398107.1705534969,455.60805225878573
100,501187.23362727254,621.8861377734031
100,630957.344480193,944.2492445389863
100,794328.2347242822,1413.1785169480868
100,1.e6,1948.1007456059244
150,10.,5.22489415355736e-8
150,12.589254117941675,7.555073478301258e-8
150,15.848931924611133,1.0992243857259505e-7
150,19.952623149688797,1.6119265008898736e-7
150,25.118864315095795,2.387488399190016e-7
150,31.622776601683793,3.5814389002197784e-7
150,39.810717055349734,5.46012251797041e-7
150,50.11872336272722,8.497386422106648e-7
150,63.09573444801932,1.357323639105921e-6
150,79.43282347242814,2.239966556589628e-6
150,100.,3.846356504567874e-6
150,125.89254117941675,6.911191062292567e-6
150,158.48931924611145,0.000012966513691508002
150,199.52623149688787,0.00002474375783993219
150,251.18864315095794,0.00004439558200398439
150,316.22776601683796,0.00006621575986057351
150,398.1071705534974,0.00007890866937043947
150,501.18723362727246,0.00008476531264824259
150,630.9573444801931,0.00009765833043084946
150,794.3282347242821,0.00013969674179793826
150,1000.0000000000011,0.00025053812242264485
150,1258.9254117941687,0.0004613408665079928
150,1584.8931924611143,0.0007691272644600527
150,1995.2623149688811,0.0011229820026797499
150,2511.886431509582,0.0015076433745380338
150,3162.2776601683827,0.002267252251844249
150,3981.071705534978,0.0037414502654555233
150,5011.872336272725,0.00525129159375163
150,6309.573444801936,0.008324636283838574
150,7943.282347242824,0.012111403916501628
150,9999.999999999998,0.018974482800310256
150,12589.254117941662,0.029011799237525844
150,15848.931924611108,0.04501053708777825
150,19952.62314968879,0.0695683536940245
150,25118.864315095772,0.110752933745559
150,31622.776601683796,0.1753098814631337
150,39810.71705534969,0.27428217991603143
150,50118.72336272726,0.4503152506193855
150,63095.734448019306,0.7269882743486795
150,79432.82347242821,1.2314851041735888
150,100000.,2.299517771023482
150,125892.54117941689,4.127234512067927
150,158489.31924611138,8.124957848150306
150,199526.2314968879,15.328732553952943
150,251188.6431509577,31.500802387984997
150,316227.7660168379,76.46997880811676
150,398107.1705534969,176.7064027728083
150,501187.2336272725,279.8244795040124
150,630957.344480193,423.8994057701185
150,794328.2347242823,651.7768766344996
150,1.e6,903.7583130603831
200,10.,2.316586109253606e-8
200,12.589254117941673,3.3428496608522206e-8
200,15.848931924611131,4.8509812977210035e-8
200,19.952623149688794,7.089950681366022e-8
200,25.118864315095795,1.0456715870775933e-7
200,31.622776601683793,1.5601095477753903e-7
200,39.810717055349734,2.3620307070315014e-7
200,50.11872336272722,3.6434705009236153e-7
200,63.09573444801933,5.754516456098006e-7
200,79.43282347242815,9.362647942275528e-7
200,100.,1.5800518660105775e-6
200,125.89254117941675,2.783616298217703e-6
200,158.48931924611142,5.1283733988420144e-6
200,199.52623149688787,9.739252984741082e-6
200,251.18864315095797,0.000018043688265549683
200,316.227766016838,0.00002914265563507139
200,398.1071705534973,0.00003752282670244532
200,501.18723362727246,0.00004106373488427111
200,630.9573444801931,0.00004499322939231525
200,794.3282347242822,0.000058089089238639054
200,1000.000000000001,0.00009639706274683303
200,1258.9254117941687,0.0001830845803269571
200,1584.893192461114,0.000322960124407364
200,1995.262314968881,0.000510033159575298
200,2511.886431509582,0.0006901062011563429
200,3162.2776601683827,0.0009680879423643505
200,3981.071705534978,0.001582834698603301
200,5011.872336272724,0.00238556645208999
200,6309.573444801936,0.003460029048033739
200,7943.282347242823,0.005431700123665929
200,10000.,0.007902957840164135
200,12589.254117941662,0.012275905623862396
200,15848.931924611112,0.018925516510323842
200,19952.62314968879,0.028970750041656397
200,25118.86431509577,0.04458430396751223
200,31622.776601683792,0.07091141079333371
200,39810.71705534969,0.1106819112646352
200,50118.72336272726,0.17294031698196424
200,63095.7344480193,0.2828783167349047
200,79432.82347242822,0.44118926797831015
200,100000.,0.7192748551717048
200,125892.54117941689,1.1927218538726718
200,158489.31924611138,2.0901300367760483
200,199526.23149688792,3.882640167987105
200,251188.6431509577,7.4676332695471
200,316227.7660168379,13.108747430905325
200,398107.1705534969,29.33950222154394
200,501187.23362727254,64.47652831522926
200,630957.344480193,156.2172489733258
200,794328.2347242822,363.5008256001018
200,1.e6,515.3879996613347
250,10.,1.2429668938386726e-8
250,12.589254117941673,1.791045966707665e-8
250,15.848931924611135,2.5943624286489608e-8
250,19.952623149688794,3.7830399495850526e-8
250,25.118864315095795,5.563072061059104e-8
250,31.622776601683793,8.268812512133608e-8
250,39.810717055349734,1.2459182478560885e-7
250,50.11872336272723,1.9101059242044515e-7
250,63.09573444801933,2.993378444166329e-7
250,79.43282347242815,4.822524977560404e-7
250,100.,8.040228511825036e-7
250,125.89254117941672,1.3964682014761484e-6
250,158.48931924611142,2.5359800637751734e-6
250,199.5262314968879,4.776449172054589e-6
250,251.18864315095794,8.962652106709434e-6
250,316.22776601683796,0.000015205467333519311
250,398.1071705534974,0.00002088106513643199
250,501.18723362727246,0.000023570855012846104
250,630.957344480193,0.000025314057093862964
250,794.3282347242822,0.00003054813899993121
250,1000.0000000000011,0.00004680573688180082
250,1258.9254117941687,0.0000873453302772046
250,1584.893192461114,0.00016053875136291899
250,1995.2623149688807,0.00026607629864207826
250,2511.8864315095825,0.0003772453959976782
250,3162.2776601683827,0.0005141584154233371
250,3981.0717055349774,0.0008001534034333714
250,5011.872336272726,0.0012996444298376151
250,6309.573444801936,0.0018078383749835644
250,7943.282347242822,0.0028847117328211994
250,10000.,0.004139245101855789
250,12589.254117941664,0.00647290233411607
250,15848.93192461111,0.009764305385663481
250,19952.623149688785,0.014950086715275014
250,25118.86431509577,0.022824600980631087
250,31622.77660168379,0.03562792699248628
250,39810.71705534969,0.05583185540823818
250,50118.72336272726,0.08625854964979818
250,63095.7344480193,0.13732772483763706
250,79432.82347242821,0.22052210474271408
250,100000.,0.34138265162256987
250,125892.54117941688,0.5667376815694685
250,158489.31924611138,0.875083147391227
250,199526.23149688792,1.5111608882893541
250,251188.64315095768,2.5410842567933623
250,316227.7660168379,4.927312118666897
250,398107.17055349686,8.761878707092933
250,501187.2336272725,16.741159074967808
250,630957.344480193,36.93275921722464
250,794328.2347242822,83.2510829457385
250,1.e6,208.08119138327197
300,10.,7.515995509886391e-9
300,12.589254117941675,1.0818700959366377e-8
300,15.848931924611133,1.5650101313285022e-8
300,19.952623149688797,2.2781794684733675e-8
300,25.118864315095795,3.3428764846686404e-8
300,31.622776601683793,4.955056458415653e-8
300,39.810717055349734,7.439831408225126e-8
300,50.11872336272722,1.1354696156492309e-7
300,63.09573444801932,1.769250362269622e-7
300,79.43282347242814,2.829786330730908e-7
300,100.,4.6756132869930525e-7
300,125.89254117941675,8.034405875970233e-7
300,158.48931924611145,1.4425357426971403e-6
300,199.52623149688787,2.6945545574030477e-6
300,251.18864315095794,5.079122995000827e-6
300,316.22776601683796,8.890095391959041e-6
300,398.1071705534974,0.00001284917685406322
300,501.18723362727246,0.000014999801300503501
300,630.9573444801931,0.00001602885373901478
300,794.3282347242821,0.000018509927998919332
300,1000.0000000000011,0.000026523752442430144
300,1258.9254117941687,0.0000476067929265643
300,1584.8931924611143,0.0000888982387936257
300,1995.2623149688811,0.00015121550979431707
300,2511.886431509582,0.00022447001940255172
300,3162.2776601683827,0.00030494450357268727
300,3981.071705534978,0.00046016056752083814
300,5011.872336272725,0.0007742425932683708
300,6309.573444801936,0.0010962038256682495
300,7943.282347242824,0.0016850034719777965
300,9999.999999999998,0.0025160247290320096
300,12589.254117941662,0.0038011648656999025
300,15848.931924611108,0.005755251915132896
300,19952.62314968879,0.008868274473853306
300,25118.864315095772,0.013517027511875807
300,31622.776601683796,0.020725429109938527
300,39810.71705534969,0.03243912432124424
300,50118.72336272726,0.04981186923807447
300,63095.734448019306,0.07727682042815612
300,79432.82347242821,0.12511112822307527
300,100000.,0.19387182821739488
300,125892.54117941689,0.3112552378521867
300,158489.31924611138,0.500471454820411
300,199526.2314968879,0.7874582070177367
300,251188.6431509577,1.288404115226257
300,316227.7660168379,2.167326808044213
300,398107.1705534969,3.8372977359744116
300,501187.2336272725,7.565903459334468
300,630957.344480193,13.817344554802071
300,794328.2347242823,26.273312407268776
300,1.e6,58.01286444932425
400,10.,3.4193206450775503e-9
400,12.589254117941673,4.914361595168795e-9
400,15.848931924611131,7.0952980555144036e-9
400,19.952623149688794,1.0303310314782375e-8
400,25.118864315095795,1.5071461747147703e-8
400,31.622776601683793,2.225151563737508e-8
400,39.810717055349734,3.324114712642237e-8
400,50.11872336272722,5.040634674650433e-8
400,63.09573444801933,7.78986812971993e-8
400,79.43282347242815,1.2330400029843613e-7
400,100.,2.0110719490109754e-7
400,125.89254117941675,3.4021553570685907e-7
400,158.48931924611142,6.003759205244614e-7
400,199.52623149688787,1.1050983928257367e-6
400,251.18864315095797,2.082590335465403e-6
400,316.227766016838,3.7767275149323315e-6
400,398.1071705534973,5.8832362122008725e-6
400,501.18723362727246,7.330691408034963e-6
400,630.9573444801931,7.917563105687414e-6
400,794.3282347242822,8.697418519952267e-6
400,1000.000000000001,0.000011307141340665578
400,1258.9254117941687,0.00001866821265751435
400,1584.893192461114,0.000034699200436726964
400,1995.262314968881,0.000060543237843164156
400,2511.886431509582,0.00009482702490339588
400,3162.2776601683827,0.00013021791183226162
400,3981.071705534978,0.00019134915983807713
400,5011.872336272724,0.00032358139761915904
400,6309.573444801936,0.000505996499991248
400,7943.282347242823,0.000720093813229405
400,10000.,0.0011542822282607616
400,12589.254117941662,0.0016460660825588695
400,15848.931924611112,0.0025775537103879557
400,19952.62314968879,0.0039005812449417736
400,25118.86431509577,0.005916700406553697
400,31622.776601683792,0.008987097035664166
400,39810.71705534969,0.013974555555312008
400,50118.72336272726,0.021635725923537616
400,63095.7344480193,0.033025066122922345
400,79432.82347242822,0.05169655505944587
400,100000.,0.08170258293611594
400,125892.54117941689,0.12491944778281813
400,158489.31924611138,0.2043134078036276
400,199526.23149688792,0.31776221898796303
400,251188.6431509577,0.5171098719173268
400,316227.7660168379,0.8115584734007035
400,398107.1705534969,1.3405465523451912
400,501187.23362727254,2.0756441823965646
400,630957.344480193,3.5951953949056255
400,794328.2347242822,6.700045722276357
400,1.e6,12.186637956972017
500,10.,1.869117852776392e-9
500,12.589254117941673,2.6834930618883704e-9
500,15.848931924611135,3.869160826683313e-9
500,19.952623149688794,5.608903360916261e-9
500,25.118864315095795,8.186724215781844e-9
500,31.622776601683793,1.2053424559769838e-8
500,39.810717055349734,1.7942935974488602e-8
500,50.11872336272723,2.7086250776851995e-8
500,63.09573444801933,4.162046247145163e-8
500,79.43282347242815,6.540374772975772e-8
500,100.,1.0570738745039068e-7
500,125.89254117941672,1.7685540772087565e-7
500,158.48931924611142,3.081690589934493e-7
500,199.5262314968879,5.604418729245849e-7
500,251.18864315095794,1.0511802713638734e-6
500,316.22776601683796,1.9387922790375003e-6
500,398.1071705534974,3.1732344548154744e-6
500,501.18723362727246,4.184173934153827e-6
500,630.957344480193,4.622607350446686e-6
500,794.3282347242822,4.964521566749496e-6
500,1000.0000000000011,6.059033162145771e-6
500,1258.9254117941687,9.316699130066557e-6
500,1584.893192461114,0.00001695532474250513
500,1995.2623149688807,0.00003013715105600457
500,2511.8864315095825,0.00004874098874313123
500,3162.2776601683827,0.00006833852837430483
500,3981.0717055349774,0.00009830000487271125
500,5011.872336272726,0.00016232043221405475
500,6309.573444801936,0.0002746566618839671
500,7943.282347242822,0.0003845148711254841
500,10000.,0.0006131593798691112
500,12589.254117941664,0.0008897872492196224
500,15848.93192461111,0.0013756061698070835
500,19952.623149688785,0.002059308782482951
500,25118.86431509577,0.003158269040549517
500,31622.77660168379,0.004807025138979843
500,39810.71705534969,0.007363782377779654
500,50118.72336272726,0.01143793189453879
500,63095.7344480193,0.01743832924842118
500,79432.82347242821,0.02675850057721278
500,100000.,0.0425122778411486
500,125892.54117941688,0.06503095099434515
500,158489.31924611138,0.10147153618363952
500,199526.23149688792,0.16332719069979493
500,251188.64315095768,0.25012975996846876
500,316227.7660168379,0.4165259215685383
500,398107.17055349686,0.6391313775481566
500,501187.2336272725,1.0602105737671201
500,630957.344480193,1.6824527666868319
500,794328.2347242822,2.6358234699435963
500,1.e6,4.482962198226556
600,10.,1.1453726096250777e-9
600,12.589254117941675,1.643096280134216e-9
600,15.848931924611133,2.3666779690145998e-9
600,19.952623149688797,3.4264334173534754e-9
600,25.118864315095795,4.993051644417117e-9
600,31.622776601683793,7.33610857172935e-9
600,39.810717055349734,1.0891874457690781e-8
600,50.11872336272722,1.638696155213845e-8
600,63.09573444801932,2.507258794098603e-8
600,79.43282347242814,3.918681984070986e-8
600,100.,6.290501782009943e-8
600,125.89254117941675,1.043678391337159e-7
600,158.48931924611145,1.8009823193018413e-7
600,199.52623149688787,3.2432321204548767e-7
600,251.18864315095794,6.048244254816025e-7
600,316.22776601683796,1.1247787116684267e-6
600,398.1071705534974,1.9037725709515849e-6
600,501.18723362727246,2.63112658842228e-6
600,630.9573444801931,2.9845548644679878e-6
600,794.3282347242821,3.1778621384576864e-6
600,1000.0000000000011,3.7184758397443965e-6
600,1258.9254117941687,5.397174474427372e-6
600,1584.8931924611143,9.54871076227974e-6
600,1995.2623149688811,0.00001717625110816375
600,2511.886431509582,0.000028363827298934798
600,3162.2776601683827,0.00004078133434124442
600,3981.071705534978,0.000057590909500753704
600,5011.872336272725,0.00009301362471932762
600,6309.573444801936,0.00016335244044088463
600,7943.282347242824,0.000235390031656758
600,9999.999999999998,0.0003608143997505148
600,12589.254117941662,0.0005487840874430436
600,15848.931924611108,0.0008150313024291348
600,19952.62314968879,0.0012400386005123423
600,25118.864315095772,0.0019053058652532128
600,31622.776601683796,0.002884196024364722
600,39810.71705534969,0.004376286943054848
600,50118.72336272726,0.006804203160549734
600,63095.734448019306,0.010432914960585604
600,79432.82347242821,0.015890669766951387
600,100000.,0.02500072488528227
600,125892.54117941689,0.03877755235928372
600,158489.31924611138,0.058979070875078345
600,199526.2314968879,0.09508705090339789
600,251188.6431509577,0.14459933520690932
600,316227.7660168379,0.2342743697986404
600,398107.1705534969,0.3650138403757044
600,501187.2336272725,0.6017960981397003
600,630957.344480193,0.9263184233594235
600,794328.2347242823,1.544793736381444
600,1.e6,2.4571808849316423
700,10.,7.58250895737092e-10
700,12.589254117941673,1.0870570030441407e-9
700,15.848931924611133,1.5645088803977858e-9
700,19.952623149688797,2.262752494235977e-9
700,25.118864315095795,3.293042128499018e-9
700,31.622776601683796,4.8303769712025005e-9
700,39.810717055349734,7.156608249283763e-9
700,50.11872336272722,1.0738509227319963e-8
700,63.09573444801933,1.6374583023898544e-8
700,79.43282347242814,2.5482440526292048e-8
700,100.,4.0684954410513706e-8
700,125.89254117941672,6.70521705717709e-8
700,158.48931924611142,1.1479787489280198e-7
700,199.5262314968879,2.050278082271607e-7
700,251.18864315095794,3.8014120784368897e-7
700,316.227766016838,7.09680419304387e-7
700,398.1071705534973,1.2300577950526592e-6
700,501.1872336272725,1.76783469930126e-6
700,630.957344480193,2.060198384359516e-6
700,794.3282347242822,2.1910169475136052e-6
700,1000.0000000000009,2.4890340752825323e-6
700,1258.925411794169,3.4455773913222837e-6
700,1584.8931924611143,5.911356429673846e-6
700,1995.262314968881,0.000010696737847945314
700,2511.8864315095825,0.000017932380976275945
700,3162.2776601683827,0.000026418676118387413
700,3981.0717055349774,0.00003674675176968253
700,5011.872336272725,0.00005810117155023759
700,6309.573444801937,0.00010296400021886267
700,7943.282347242823,0.0001554400639577349
700,10000.,0.00022987068415391177
700,12589.254117941662,0.00036480722802712765
700,15848.931924611108,0.0005248337351539384
700,19952.62314968879,0.0008147682658178425
700,25118.86431509577,0.0012378945310427406
700,31622.776601683792,0.0018686743212846676
700,39810.71705534969,0.0028324420684027306
700,50118.72336272724,0.004390798796661869
700,63095.73444801929,0.006768866346615065
700,79432.82347242821,0.01029708439651262
700,100000.,0.01600451545306248
700,125892.54117941689,0.025110633113875937
700,158489.31924611138,0.03794429279212999
700,199526.23149688792,0.060273844087015485
700,251188.64315095768,0.0934359167840689
700,316227.7660168379,0.14460780295873232
700,398107.17055349686,0.23262623952557665
700,501187.2336272725,0.3626935049968584
700,630957.344480193,0.5863519413807984
700,794328.2347242822,0.9578208196371438
700,1.0000000000000001e6,1.4762887914825922
800,10.,5.318347323109747e-10
800,12.589254117941673,7.62061421436345e-10
800,15.848931924611131,1.0960479561497677e-9
800,19.952623149688794,1.5838938347270215e-9
800,25.118864315095795,2.3026423630094402e-9
800,31.622776601683793,3.3730770186827695e-9
800,39.810717055349734,4.988959452303515e-9
800,50.11872336272722,7.469679355276532e-9
800,63.09573444801933,1.1358643255163489e-8
800,79.43282347242815,1.7614584784131773e-8
800,100.,2.7999110494416172e-8
800,125.89254117941675,4.58927253944784e-8
800,158.48931924611142,7.806057721446308e-8
800,199.52623149688787,1.3843791748131e-7
800,251.18864315095797,2.552593623570943e-7
800,316.227766016838,4.771652909151566e-7
800,398.1071705534973,8.411430332346862e-7
800,501.18723362727246,1.248363525467744e-6
800,630.9573444801931,1.4930481942800122e-6
800,794.3282347242822,1.5929332407047754e-6
800,1000.000000000001,1.7720895309528192e-6
800,1258.9254117941687,2.360085036542482e-6
800,1584.893192461114,3.927329399327773e-6
800,1995.262314968881,7.112368929828171e-6
800,2511.886431509582,0.000012063617370032901
800,3162.2776601683827,0.00001815528605206067
800,3981.071705534978,0.000024979308923400708
800,5011.872336272724,0.0000385472561961947
800,6309.573444801936,0.0000678022739678652
800,7943.282347242823,0.00010689352961605023
800,10000.,0.00015509871822842693
800,12589.254117941662,0.0002535974093605249
800,15848.931924611112,0.0003613918827602653
800,19952.62314968879,0.0005669566636489926
800,25118.86431509577,0.0008502750283825211
800,31622.776601683792,0.0012876214308801938
800,39810.71705534969,0.0019559278261195934
800,50118.72336272726,0.003014431726694691
800,63095.7344480193,0.004657444516450534
800,79432.82347242822,0.007082940252831609
800,100000.,0.01091264881118565
800,125892.54117941689,0.017209430876707406
800,158489.31924611138,0.026083953916534664
800,199526.23149688792,0.04070080643570978
800,251188.6431509577,0.06433710889481142
800,316227.7660168379,0.09730530328647882
800,398107.1705534969,0.15827147461465618
800,501187.23362727254,0.2380326917259757
800,630957.344480193,0.3951165723115148
800,794328.2347242822,0.6138945812119214
800,1.e6,0.9884789046209126
900,10.,3.8955566158445686e-10
900,12.589254117941673,5.579476125639188e-10
900,15.848931924611135,8.020351332485581e-10
900,19.952623149688794,1.158207624619477e-9
900,25.118864315095795,1.6822944224866278e-9
900,31.622776601683796,2.461575602864595e-9
900,39.810717055349734,3.6355980160041494e-9
900,50.11872336272722,5.4334772807754405e-9
900,63.09573444801932,8.243233632641088e-9
900,79.43282347242814,1.274583888424685e-8
900,100.,2.01851600793912e-8
900,125.89254117941675,3.293324611873957e-8
900,158.48931924611142,5.570928958231719e-8
900,199.5262314968879,9.820147261357992e-8
900,251.18864315095794,1.8014292419453582e-7
900,316.22776601683796,3.3672030215969694e-7
900,398.1071705534973,6.009545610222841e-7
900,501.1872336272724,9.160141192827889e-7
900,630.957344480193,1.1226050502578544e-6
900,794.3282347242821,1.2046732638941352e-6
900,1000.000000000001,1.3200577228763096e-6
900,1258.9254117941687,1.7028383990921221e-6
900,1584.893192461114,2.7523852201802608e-6
900,1995.262314968881,4.97006798106446e-6
900,2511.8864315095825,8.511570159747144e-6
900,3162.2776601683827,0.000013044004753850765
900,3981.0717055349783,0.0000178491480846824
900,5011.872336272725,0.00002685326886142265
900,6309.573444801936,0.000046481647365843126
900,7943.282347242822,0.00007563872489963231
900,9999.999999999998,0.00010897945213941781
900,12589.254117941664,0.0001814007655007057
900,15848.931924611108,0.000261459829829771
900,19952.62314968879,0.00041001219242442054
900,25118.86431509577,0.0006111761356004421
900,31622.776601683792,0.0009315614312181215
900,39810.71705534969,0.001415705663069076
900,50118.72336272725,0.0021668211824024475
900,63095.73444801929,0.003351237119623992
900,79432.82347242821,0.005098590792244361
900,99999.99999999999,0.007805861439451545
900,125892.5411794169,0.012311778440274614
900,158489.3192461114,0.01879518118538189
900,199526.23149688792,0.028920368286786236
900,251188.64315095768,0.04618960303592415
900,316227.7660168379,0.06944706441272278
900,398107.1705534969,0.1123466417433521
900,501187.23362727254,0.1694808861362013
900,630957.3444801931,0.2766097052839633
900,794328.2347242822,0.4200868488364542
900,1.e6,0.7012808243329711
1000,10.,2.9469370201794426e-10
1000,12.589254117941673,4.2192193340931655e-10
1000,15.848931924611135,6.062144965434408e-10
1000,19.952623149688794,8.749007808216157e-10
1000,25.118864315095795,1.2698257197403903e-9
1000,31.622776601683793,1.856248464519871e-9
1000,39.810717055349734,2.7382063509462924e-9
1000,50.11872336272723,4.0859299521148065e-9
1000,63.09573444801933,6.186564836593382e-9
1000,79.43282347242815,9.541742507796271e-9
1000,100.,1.5063053711410926e-8
1000,125.89254117941672,2.4479403621972915e-8
1000,158.48931924611142,4.1212563452111025e-8
1000,199.5262314968879,7.226427968854356e-8
1000,251.18864315095794,1.319458664058703e-7
1000,316.22776601683796,2.4644688189311286e-7
1000,398.1071705534974,4.4405326677595455e-7
1000,501.18723362727246,6.924881437010944e-7
1000,630.957344480193,8.684658161870449e-7
1000,794.3282347242822,9.389351083048467e-7
1000,1000.0000000000011,1.0174161088211222e-6
1000,1258.9254117941687,1.2774777612183648e-6
1000,1584.893192461114,2.008940735493485e-6
1000,1995.2623149688807,3.607944060395123e-6
1000,2511.8864315095825,6.231204068536332e-6
1000,3162.2776601683827,9.698660663506229e-6
1000,3981.0717055349774,0.000013269663845640074
1000,5011.872336272726,0.000019519698995343344
1000,6309.573444801936,0.000033186710788227745
1000,7943.282347242822,0.00005527029912531617
1000,10000.,0.00007953507185690537
1000,12589.254117941664,0.00013308636819692155
1000,15848.93192461111,0.0001964720262655758
1000,19952.623149688785,0.00030525587532138074
1000,25118.86431509577,0.00045603049511133513
1000,31622.77660168379,0.0006989489603821941
1000,39810.71705534969,0.00105996790954822
1000,50118.72336272726,0.0016121869830043028
1000,63095.7344480193,0.0024951035720508297
1000,79432.82347242821,0.0038040461528840858
1000,100000.,0.00579673951481075
1000,125892.54117941688,0.00911470989662575
1000,158489.31924611138,0.01403464592180683
1000,199526.23149688792,0.02139653318383905
1000,251188.64315095768,0.034239683083001016
1000,316227.7660168379,0.05172524315219082
1000,398107.17055349686,0.0824023107815858
1000,501187.2336272725,0.1265997652259353
1000,630957.344480193,0.20110199641626908
1000,794328.2347242822,0.3077555435406415
1000,1.e6,0.5084665020415653
1100,10.,2.296042414724239e-10
1100,12.589254117941673,3.286224758058074e-10
1100,15.848931924611133,4.719646597551734e-10
1100,19.952623149688797,6.807874736452816e-10
1100,25.118864315095795,9.874265869114557e-10
1100,31.622776601683796,1.4422023972712108e-9
1100,39.81071705534974,2.125129857695224e-9
1100,50.11872336272723,3.166734054952599e-9
1100,63.09573444801932,4.786400581022393e-9
1100,79.43282347242814,7.365814369780653e-9
1100,100.,1.159539237564283e-8
1100,125.89254117941674,1.8778053871365138e-8
1100,158.48931924611142,3.147993825944233e-8
1100,199.5262314968879,5.493392060274603e-8
1100,251.18864315095797,9.985468794758188e-8
1100,316.22776601683796,1.8622634162223457e-7
1100,398.1071705534973,3.378657291867056e-7
1100,501.18723362727246,5.370003739628176e-7
1100,630.957344480193,6.879207741388174e-7
1100,794.3282347242821,7.501309768142e-7
1100,1000.0000000000011,8.064274319878284e-7
1100,1258.9254117941687,9.899934167535011e-7
1100,1584.893192461114,1.517724284733624e-6
1100,1995.2623149688807,2.704699826076926e-6
1100,2511.8864315095825,4.7027505198393545e-6
1100,3162.277660168382,7.4166915922220536e-6
1100,3981.0717055349783,0.000010188686059439737
1100,5011.872336272725,0.000014706083108634245
1100,6309.573444801936,0.00002456648125911563
1100,7943.282347242823,0.000041631321980135975
1100,10000.,0.00006009970487006715
1100,12589.25411794166,0.00010011380046434027
1100,15848.93192461111,0.00015222246997428335
1100,19952.623149688792,0.0002331463897252383
1100,25118.864315095765,0.00035135488289427804
1100,31622.776601683792,0.0005397303065384657
1100,39810.71705534969,0.0008157121710281667
1100,50118.72336272726,0.00123495419826729
1100,63095.734448019306,0.0019099356714436196
1100,79432.82347242821,0.002920156889136263
1100,100000.,0.004442132421090755
1100,125892.54117941688,0.0069500085429966985
1100,158489.3192461114,0.010778383125797219
1100,199526.2314968879,0.016343292351764363
1100,251188.64315095768,0.026056150065042492
1100,316227.7660168379,0.03970787511671582
1100,398107.1705534969,0.0621025811540551
1100,501187.2336272725,0.09745854677484353
1100,630957.344480193,0.15090132830239253
1100,794328.2347242823,0.23725551230700626
1100,1.0000000000000001e6,0.37889090784392887
1200,10.,1.8271899392777234e-10
1200,12.589254117941675,2.614423522764412e-10
1200,15.848931924611133,3.753444162124044e-10
1200,19.952623149688797,5.4116758832973e-10
1200,25.118864315095795,7.844608811218622e-10
1200,31.622776601683793,1.1449085448031837e-9
1200,39.810717055349734,1.685470940314059e-9
1200,50.11872336272722,2.508579301796799e-9
1200,63.09573444801932,3.7858630645247615e-9
1200,79.43282347242814,5.814850354770061e-9
1200,100.,9.131557106843382e-9
1200,125.89254117941675,1.4743116605685053e-8
1200,158.48931924611145,2.462460751244873e-8
1200,199.52623149688787,4.2791050821790484e-8
1200,251.18864315095794,7.747296342380491e-8
1200,316.22776601683796,1.4425510339647862e-7
1200,398.1071705534974,2.631514353373781e-7
1200,501.18723362727246,4.251682018789497e-7
1200,630.9573444801931,5.555112808610778e-7
1200,794.3282347242821,6.113362226798841e-7
1200,1000.0000000000011,6.536089113561074e-7
1200,1258.9254117941687,7.874439990196046e-7
1200,1584.8931924611143,1.179835618459904e-6
1200,1995.2623149688811,2.0843727411783204e-6
1200,2511.886431509582,3.644539603113007e-6
1200,3162.2776601683827,5.810474011986588e-6
1200,3981.071705534978,8.031886511995894e-6
1200,5011.872336272725,0.000011415282822097093
1200,6309.573444801936,0.000018764745966487493
1200,7943.282347242824,0.00003217115414262241
1200,9999.999999999998,0.00004672623393133961
1200,12589.254117941662,0.0000770650684322279
1200,15848.931924611108,0.00012074987240055373
1200,19952.62314968879,0.00018224466433809888
1200,25118.864315095772,0.0002780289792450842
1200,31622.776601683796,0.0004265859913760491
1200,39810.71705534969,0.0006425660911525326
1200,50118.72336272726,0.0009707757235933531
1200,63095.734448019306,0.0015002279757091155
1200,79432.82347242821,0.0022978331670262253
1200,100000.,0.0034907859896047585
1200,125892.54117941689,0.005433045316130098
1200,158489.31924611138,0.0084696318946336
1200,199526.2314968879,0.012803910517619591
1200,251188.6431509577,0.020276184299982975
1200,316227.7660168379,0.03126472702457907
1200,398107.1705534969,0.04814877214218619
1200,501187.2336272725,0.07672865195509998
1200,630957.344480193,0.11644193963913238
1200,794328.2347242823,0.18694431575118647
1200,1.e6,0.28916658991506383
1300,10.,1.4816027036590567e-10
1300,12.589254117941673,2.1194029879547043e-10
1300,15.848931924611135,3.041780508869064e-10
1300,19.952623149688794,4.383821884015465e-10
1300,25.118864315095795,6.351384710326385e-10
1300,31.622776601683796,9.263685110745329e-10
1300,39.810717055349734,1.3626158516121813e-9
1300,50.11872336272722,2.0259158936232964e-9
1300,63.09573444801933,3.0533424994216946e-9
1300,79.43282347242815,4.68175969571688e-9
1300,100.,7.336352558897384e-9
1300,125.89254117941675,1.1812882572880307e-8
1300,158.48931924611142,1.9665828052425166e-8
1300,199.5262314968879,3.404581617826364e-8
1300,251.18864315095794,6.141480587305357e-8
1300,316.2277660168379,1.1415546779512902e-7
1300,398.10717055349744,2.0911812950921776e-7
1300,501.1872336272724,3.426467687557079e-7
1300,630.957344480193,4.558794147915387e-7
1300,794.3282347242821,5.064026753600524e-7
1300,1000.0000000000009,5.39228710253829e-7
1300,1258.9254117941687,6.389744910421171e-7
1300,1584.8931924611143,9.369121933225298e-7
1300,1995.2623149688807,1.639294944144997e-6
1300,2511.886431509582,2.8802167341866677e-6
1300,3162.2776601683827,4.6357996652028116e-6
1300,3981.071705534978,6.45784655977514e-6
1300,5011.872336272724,9.05810666811086e-6
1300,6309.573444801937,0.000014665300415054777
1300,7943.282347242822,0.0000253414130225336
1300,10000.,0.000037113188877630945
1300,12589.254117941664,0.00006039112251040118
1300,15848.931924611106,0.00009734831705287861
1300,19952.62314968879,0.00014514630047776037
1300,25118.864315095772,0.0002243340839789214
1300,31622.776601683792,0.0003426662948695973
1300,39810.71705534969,0.000514984458563328
1300,50118.72336272725,0.0007777360616274152
1300,63095.7344480193,0.001200352008413649
1300,79432.82347242821,0.0018421921844608917
1300,100000.,0.0027952157990431404
1300,125892.54117941689,0.00432733069682485
1300,158489.3192461114,0.006775490699221837
1300,199526.23149688792,0.010255935290078367
1300,251188.64315095765,0.01613005235680396
1300,316227.7660168379,0.02513011811920479
1300,398107.1705534969,0.038252333351250736
1300,501187.2336272725,0.061499785849925014
1300,630957.344480193,0.09228806230359488
1300,794328.2347242822,0.14985204859710027
1300,1.0000000000000001e6,0.2264569376955421
1400,10.,1.2213690957760952e-10
1400,12.589254117941673,1.7467261483757336e-10
1400,15.848931924611133,2.506154323430008e-10
1400,19.952623149688797,3.6104942097063204e-10
1400,25.118864315095795,5.228434171912484e-10
1400,31.622776601683796,7.621141925480747e-10
1400,39.810717055349734,1.120136162313869e-9
1400,50.11872336272722,1.6637506432260796e-9
1400,63.09573444801933,2.5043510403086116e-9
1400,79.43282347242814,3.833843049499607e-9
1400,100.,5.995529869902753e-9
1400,125.89254117941672,9.629527709315995e-9
1400,158.48931924611142,1.5981562643811052e-8
1400,199.5262314968879,2.7568862978713823e-8
1400,251.18864315095794,4.9553895960479343e-8
1400,316.227766016838,9.192429111627956e-8
1400,398.1071705534973,1.6892555019627442e-7
1400,501.1872336272725,2.8021455066992125e-7
1400,630.957344480193,3.79250179035525e-7
1400,794.3282347242822,4.254629527120293e-7
1400,1000.0000000000009,4.519821239668194e-7
1400,1258.925411794169,5.281876681240023e-7
1400,1584.8931924611143,7.59434992653401e-7
1400,1995.262314968881,1.3151301316044066e-6
1400,2511.8864315095825,2.318577286339772e-6
1400,3162.2776601683827,3.7620303817356538e-6
1400,3981.0717055349774,5.286693143621688e-6
1400,5011.872336272725,7.336806062412144e-6
1400,6309.573444801937,0.000011713349421256359
1400,7943.282347242823,0.000020329945887025726
1400,10000.,0.000030054812785351102
1400,12589.254117941662,0.00004819945226082183
1400,15848.931924611108,0.00007951151668803972
1400,19952.62314968879,0.00011753286044794233
1400,25118.86431509577,0.00018412414002811516
1400,31622.776601683792,0.00027992713454551304
1400,39810.71705534969,0.0004207313873085419
1400,50118.72336272724,0.0006358448661966131
1400,63095.73444801929,0.00097895412401721
1400,79432.82347242821,0.001503075215600679
1400,100000.,0.002280037745112879
1400,125892.54117941689,0.0035169335322264308
1400,158489.31924611138,0.005514969856539884
1400,199526.23149688792,0.008345578238318323
1400,251188.64315095768,0.013020838159311236
1400,316227.7660168379,0.020466985742218606
1400,398107.17055349686,0.030906344545462365
1400,501187.2336272725,0.04987481268909487
1400,630957.344480193,0.07468367293664735
1400,794328.2347242822,0.12163545905195164
1400,1.0000000000000001e6,0.18241065211876922
1500,10.,1.0206081263825339e-10
1500,12.589254117941673,1.4593137299946442e-10
1500,15.848931924611133,2.0932450410210143e-10
1500,19.952623149688797,3.0146556109017526e-10
1500,25.11886431509579,4.363789968355107e-10
1500,31.622776601683796,6.35748615388777e-10
1500,39.810717055349734,9.337878725455836e-10
1500,50.11872336272722,1.3857973980109513e-9
1500,63.09573444801933,2.0837309240594626e-9
1500,79.43282347242814,3.1855929880806546e-9
1500,100.,4.973209928508426e-9
1500,125.89254117941674,7.970382404571945e-9
1500,158.48931924611142,1.3193162875204376e-8
1500,199.5262314968879,2.2689262245299798e-8
1500,251.18864315095794,4.065735782803921e-8
1500,316.22776601683796,7.528327826798435e-8
1500,398.1071705534973,1.3868721048571328e-7
1500,501.18723362727246,2.3246542608702347e-7
1500,630.957344480193,3.194597771573117e-7
1500,794.3282347242821,3.6175804582204794e-7
1500,1000.0000000000011,3.836892749162854e-7
1500,1258.9254117941687,4.429149010496526e-7
1500,1584.8931924611143,6.253966513990987e-7
1500,1995.2623149688807,1.0717983639443246e-6
1500,2511.886431509582,1.895178973922119e-6
1500,3162.277660168382,3.0969550276271307e-6
1500,3981.0717055349774,4.39012281009505e-6
1500,5011.872336272725,6.038375495753701e-6
1500,6309.573444801936,9.516232365720139e-6
1500,7943.282347242821,0.000016540036289447807
1500,10000.,0.00002468396850324361
1500,12589.254117941664,0.00003900269641101413
1500,15848.931924611106,0.00006551120688669062
1500,19952.623149688792,0.00009647918695567694
1500,25118.86431509577,0.0001530247251914346
1500,31622.776601683792,0.0002314403362257066
1500,39810.71705534969,0.0003483483002602993
1500,50118.72336272725,0.0005270956613335421
1500,63095.7344480193,0.0008095920773686792
1500,79432.82347242821,0.0012441279179110562
1500,99999.99999999999,0.001885301349317931
1500,125892.54117941688,0.0028946450220253047
1500,158489.3192461114,0.00454438039187624
1500,199526.2314968879,0.006903246544467383
1500,251188.6431509577,0.01070605415600156
1500,316227.7660168379,0.01693497775023433
1500,398107.1705534969,0.02549217130146314
1500,501187.23362727254,0.04105978982250019
1500,630957.344480193,0.061642060720897236
1500,794328.2347242822,0.0997938974206583
1500,1.e6,0.14934021789185548
1600,10.,8.616354281378701e-11
1600,12.589254117941673,1.2317613461813252e-10
1600,15.848931924611131,1.76639780070674e-10
1600,19.952623149688794,2.5431247549198463e-10
1600,25.118864315095795,3.679751172225559e-10
1600,31.622776601683793,5.358185832764502e-10
1600,39.810717055349734,7.86499700144592e-10
1600,50.11872336272722,1.1662508131422537e-9
1600,63.09573444801933,1.7517777609685578e-9
1600,79.43282347242815,2.674549262454753e-9
1600,100.,4.16838509022913e-9
1600,125.89254117941675,6.6664919318031155e-9
1600,158.48931924611142,1.1006499556418366e-8
1600,199.52623149688787,1.887206302304694e-8
1600,251.18864315095797,3.371397710254321e-8
1600,316.227766016838,6.230622433485562e-8
1600,398.1071705534973,1.1501836908062984e-7
1600,501.18723362727246,1.9468735245218474e-7
1600,630.9573444801931,2.7161902998281753e-7
1600,794.3282347242822,3.106852917731465e-7
1600,1000.000000000001,3.2935828702863047e-7
1600,1258.9254117941687,3.761356491989523e-7
1600,1584.893192461114,5.222159786158692e-7
1600,1995.262314968881,8.854451373398643e-7
1600,2511.886431509582,1.5689373326804707e-6
1600,3162.2776601683827,2.5802262853255968e-6
1600,3981.071705534978,3.6909464371673986e-6
1600,5011.872336272724,5.040369765986189e-6
1600,6309.573444801936,7.847790119759683e-6
1600,7943.282347242823,0.000013630792000800158
1600,10000.,0.000020532098969213846
1600,12589.254117941662,0.0000319659848011079
1600,15848.931924611112,0.00005433662117166676
1600,19952.62314968879,0.00007994965183722283
1600,25118.86431509577,0.00012836157184808715
1600,31622.776601683792,0.0001936826506553969
1600,39810.71705534969,0.0002926451787782588
1600,50118.72336272726,0.0004433987754938638
1600,63095.7344480193,0.0006789745078421886
1600,79432.82347242822,0.0010431513253209986
1600,100000.,0.0015804202441833744
1600,125892.54117941689,0.0024202016725177284
1600,158489.31924611138,0.003797296883875873
1600,199526.23149688792,0.005774412271014615
1600,251188.6431509577,0.008896736456833948
1600,316227.7660168379,0.014133974384459447
1600,398107.1705534969,0.021256839341074984
1600,501187.23362727254,0.034085778178902
1600,630957.344480193,0.05158661586093645
1600,794328.2347242822,0.08271571861813456
1600,1.e6,0.12491130728921238
1800,10.,6.357826076720709e-11
1800,12.589254117941673,9.085844660592208e-11
1800,15.848931924611135,1.3023935287597398e-10
1800,19.952623149688794,1.874076576056311e-10
1800,25.118864315095795,2.7098280640819854e-10
1800,31.622776601683796,3.942442211854842e-10
1800,39.810717055349734,5.780552050744319e-10
1800,50.11872336272722,8.559670807174917e-10
1800,63.09573444801932,1.2834368519610123e-9
1800,79.43282347242814,1.955099796682829e-9
1800,100.,3.038432201145271e-9
1800,125.89254117941675,4.842028735588716e-9
1800,158.48931924611142,7.95920926469075e-9
1800,199.5262314968879,1.3576724048381487e-8
1800,251.18864315095794,2.4123107468543777e-8
1800,316.22776601683796,4.441075333904033e-8
1800,398.1071705534973,8.217325140747776e-8
1800,501.1872336272724,1.4119955862157052e-7
1800,630.957344480193,2.020655771048856e-7
1800,794.3282347242821,2.354465420290342e-7
1800,1000.000000000001,2.4978760631243103e-7
1800,1258.9254117941687,2.8038418957898294e-7
1800,1584.893192461114,3.7800787905214665e-7
1800,1995.262314968881,6.275563280523466e-7
1800,2511.8864315095825,1.1140135313328178e-6
1800,3162.2776601683827,1.851338604060804e-6
1800,3981.0717055349783,2.6940888938420105e-6
1800,5011.872336272725,3.641728563011522e-6
1800,6309.573444801936,5.546976894770251e-6
1800,7943.282347242822,9.57619159810227e-6
1800,9999.999999999998,0.000014680075045985912
1800,12589.254117941664,0.00002223621127048183
1800,15848.931924611108,0.00003820262251995559
1800,19952.62314968879,0.000056436698000003045
1800,25118.86431509577,0.00009237059697476412
1800,31622.776601683792,0.00013954504681594194
1800,39810.71705534969,0.0002130767156343308
1800,50118.72336272725,0.00032345689053406507
1800,63095.73444801929,0.0004925446171350292
1800,79432.82347242821,0.0007569328377233623
1800,99999.99999999999,0.0011468314093086962
1800,125892.5411794169,0.001746093241710536
1800,158489.3192461114,0.002733609381937078
1800,199526.23149688792,0.0041836256627207375
1800,251188.64315095768,0.00638224759495064
1800,316227.7660168379,0.010163388533830097
1800,398107.1705534969,0.01536381177499625
1800,501187.23362727254,0.024294766751333997
1800,630957.3444801931,0.0374684814936717
1800,794328.2347242822,0.05859484861094523
1800,1.e6,0.09060347704566389
2000,10.,4.835779449830313e-11
2000,12.589254117941673,6.908722415501091e-11
2000,15.848931924611135,9.899567000793942e-11
2000,19.952623149688794,1.4238388907151288e-10
2000,25.118864315095795,2.05760258143927e-10
2000,31.622776601683793,2.991324346458742e-10
2000,39.810717055349734,4.3818702060454306e-10
2000,50.11872336272723,6.480809355058801e-10
2000,63.09573444801933,9.702613491071017e-10
2000,79.43282347242815,1.4751904510779982e-9
2000,100.,2.2870319638515905e-9
2000,125.89254117941672,3.633492743295315e-9
2000,158.48931924611142,5.9502338568946336e-9
2000,199.5262314968879,1.0104914908850911e-8
2000,251.18864315095794,1.7870239760258085e-8
2000,316.22776601683796,3.2784427608915004e-8
2000,398.1071705534974,6.075105129481672e-8
2000,501.18723362727246,1.0568705618693401e-7
2000,630.957344480193,1.5469449384871768e-7
2000,794.3282347242822,1.8352755510485246e-7
2000,1000.0000000000011,1.951916677386755e-7
2000,1258.9254117941687,2.161111441770489e-7
2000,1584.893192461114,2.8399795574843545e-7
2000,1995.2623149688807,4.619146766454167e-7
2000,2511.8864315095825,8.200849667610517e-7
2000,3162.2776601683827,1.375240065872086e-6
2000,3981.0717055349774,2.0330689184125256e-6
2000,5011.872336272726,2.7319122121920803e-6
2000,6309.573444801936,4.082188717591336e-6
2000,7943.282347242822,6.982890163280245e-6
2000,10000.,0.000010892535094220584
2000,12589.254117941664,0.00001614690252818898
2000,15848.93192461111,0.000027763683127035027
2000,19952.623149688785,0.00004134194602417166
2000,25118.86431509577,0.00006827011176975507
2000,31622.77660168379,0.00010402937363206421
2000,39810.71705534969,0.0001605933292546151
2000,50118.72336272726,0.00024379292222067287
2000,63095.7344480193,0.0003695147724284574
2000,79432.82347242821,0.000568057689637211
2000,100000.,0.0008621328078195843
2000,125892.54117941688,0.0013074724925219814
2000,158489.31924611138,0.0020382278449895723
2000,199526.23149688792,0.003138647977992075
2000,251188.64315095768,0.004759421209723926
2000,316227.7660168379,0.007555241701887857
2000,398107.17055349686,0.011522383508096527
2000,501187.2336272725,0.017951833494397378
2000,630957.344480193,0.028183913131064765
2000,794328.2347242822,0.0431160166319828
2000,1.e6,0.06823698489767994
2250,10.,3.580808286689835e-11
2250,12.589254117941675,5.1142853128062354e-11
2250,15.848931924611133,7.325587309365817e-11
2250,19.952623149688794,1.0531336924761963e-10
2250,25.118864315095795,1.5209900304545533e-10
2250,31.622776601683796,2.2095388880012242e-10
2250,39.810717055349734,3.2335760464707196e-10
2250,50.11872336272722,4.776681180535186e-10
2250,63.09573444801932,7.140301865400309e-10
2250,79.43282347242814,1.0834925116706449e-9
2250,100.,1.6756106555152985e-9
2250,125.89254117941674,2.6538130265757663e-9
2250,158.48931924611142,4.329158285827972e-9
2250,199.5262314968879,7.3182046923697374e-9
2250,251.18864315095794,1.2877602884395399e-8
2250,316.22776601683796,2.3529393470044223e-8
2250,398.1071705534973,4.361998398123394e-8
2250,501.18723362727246,7.672361380091567e-8
2250,630.957344480193,1.1484510902835617e-7
2250,794.3282347242821,1.389699598107207e-7
2250,1000.0000000000009,1.484336706344366e-7
2250,1258.925411794169,1.6222389769707596e-7
2250,1584.8931924611143,2.0756008472226073e-7
2250,1995.2623149688807,3.2954638992316603e-7
2250,2511.8864315095825,5.836987211593237e-7
2250,3162.2776601683827,9.879852019042482e-7
2250,3981.0717055349774,1.4860650246256709e-6
2250,5011.872336272725,1.9913504748039823e-6
2250,6309.573444801936,2.914206339783062e-6
2250,7943.282347242823,4.917547839436807e-6
2250,10000.,7.826142403129183e-6
2250,12589.254117941662,0.000011387458470521988
2250,15848.93192461111,0.000019447744979673232
2250,19952.62314968879,0.00002936333130736278
2250,25118.864315095772,0.000048379716661553566
2250,31622.776601683792,0.00007507109754830696
2250,39810.71705534969,0.00011716815165557747
2250,50118.72336272726,0.00017759889231767445
2250,63095.7344480193,0.000268206953449703
2250,79432.82347242821,0.0004122939861614974
2250,99999.99999999999,0.0006274306128685997
2250,125892.54117941689,0.0009490991570624942
2250,158489.3192461114,0.0014702996570909314
2250,199526.23149688792,0.0022770779314795985
2250,251188.6431509577,0.003439604856528253
2250,316227.7660168379,0.005419364366883129
2250,398107.1705534969,0.008356710967015353
2250,501187.2336272725,0.01281682607434632
2250,630957.344480193,0.0204404525864839
2250,794328.2347242822,0.030774695542745936
2250,1.e6,0.049582542335159435
2500,10.,2.729480746314276e-11
2500,12.589254117941673,3.8973585713293e-11
2500,15.848931924611133,5.5806447393336126e-11
2500,19.952623149688797,8.019439525713008e-11
2500,25.118864315095795,1.157596661438268e-10
2500,31.6227766016838,1.6805121065509917e-10
2500,39.810717055349734,2.4572772410423917e-10
2500,50.11872336272722,3.6260104702133445e-10
2500,63.09573444801933,5.412833679523965e-10
2500,79.43282347242815,8.199345677150953e-10
2500,100.,1.2652337883771778e-9
2500,125.89254117941672,1.998326662199734e-9
2500,158.48931924611142,3.2487240145479513e-9
2500,199.52623149688787,5.469398641735824e-9
2500,251.18864315095794,9.58146531570627e-9
2500,316.22776601683796,1.7441594497658033e-8
2500,398.1071705534973,3.233478198795459e-8
2500,501.1872336272724,5.740233640202324e-8
2500,630.957344480193,8.768255430879282e-8
2500,794.3282347242821,1.0817987071726636e-7
2500,1000.000000000001,1.1621277242123094e-7
2500,1258.9254117941687,1.2574439113170344e-7
2500,1584.8931924611143,1.5721059480089332e-7
2500,1995.2623149688807,2.4395453390886025e-7
2500,2511.8864315095825,4.3033373827955435e-7
2500,3162.2776601683827,7.344378613245802e-7
2500,3981.0717055349774,1.121841850906099e-6
2500,5011.872336272725,1.5047827870781948e-6
2500,6309.573444801937,2.1627423409812795e-6
2500,7943.282347242822,3.5974404475907914e-6
2500,10000.,5.826014442801985e-6
2500,12589.254117941664,8.38399950373455e-6
2500,15848.93192461111,0.00001414420845007482
2500,19952.62314968879,0.000021703254703305368
2500,25118.86431509577,0.00003532856634927284
2500,31622.776601683792,0.00005599593782779739
2500,39810.71705534969,0.00008816326711435561
2500,50118.72336272726,0.0001336800663772466
2500,63095.734448019306,0.0002018157865819385
2500,79432.82347242822,0.0003099828732150776
2500,100000.,0.0004726046997799593
2500,125892.54117941688,0.0007141461074867614
2500,158489.3192461114,0.0011003692265048137
2500,199526.2314968879,0.0017099544246435097
2500,251188.6431509577,0.0025794128629130723
2500,316227.7660168379,0.004028973121310893
2500,398107.1705534969,0.006270788081034779
2500,501187.2336272724,0.009498268107649834
2500,630957.344480193,0.015245794866519809
2500,794328.2347242823,0.022871398569190803
2500,1.e6,0.037021568322897755
2750,10.,2.1453929392680118e-11
2750,12.589254117941675,3.062703051085335e-11
2750,15.848931924611135,4.3843203364226786e-11
2750,19.952623149688797,6.298170855772977e-11
2750,25.1188643150958,9.087428272300035e-11
2750,31.622776601683796,1.3185263752343144e-10
2750,39.810717055349734,1.9266429962872048e-10
2750,50.118723362727216,2.8405019810315665e-10
2750,63.09573444801933,4.2355181488176944e-10
2750,79.43282347242814,6.406870921042729e-10
2750,100.,9.86865114976275e-10
2750,125.89254117941672,1.5551449066553465e-9
2750,158.48931924611142,2.5211360971779636e-9
2750,199.5262314968879,4.2301365385606804e-9
2750,251.18864315095794,7.382658326445284e-9
2750,316.22776601683796,1.339419124329175e-8
2750,398.1071705534974,2.4815549633480113e-8
2750,501.1872336272725,4.433948419093363e-8
2750,630.957344480193,6.881014050090429e-8
2750,794.3282347242822,8.63075315430315e-8
2750,1000.0000000000011,9.326076710606865e-8
2750,1258.9254117941687,1.0016946616532209e-7
2750,1584.8931924611143,1.228768153704328e-7
2750,1995.2623149688807,1.8677643835622651e-7
2750,2511.886431509582,3.276406065853821e-7
2750,3162.277660168382,5.62928886762081e-7
2750,3981.0717055349783,8.710999462949191e-7
2750,5011.872336272724,1.1727267467937377e-6
2750,6309.573444801937,1.6601006371522394e-6
2750,7943.282347242823,2.722663495421533e-6
2750,10000.,4.468820401178805e-6
2750,12589.254117941664,6.394934901736466e-6
2750,15848.93192461111,0.000010621292712870651
2750,19952.62314968879,0.000016540404422170416
2750,25118.864315095772,0.00002646231983075527
2750,31622.77660168379,0.000042694317982595646
2750,39810.71705534969,0.00006774829613174799
2750,50118.72336272725,0.00010320742893962036
2750,63095.7344480193,0.00015629101009382207
2750,79432.82347242821,0.0002399634354055418
2750,99999.99999999999,0.00036635249559714125
2750,125892.54117941689,0.0005531107543791654
2750,158489.3192461114,0.0008484099639645805
2750,199526.23149688792,0.001320037258842426
2750,251188.64315095768,0.0019907573024957994
2750,316227.7660168379,0.0030823913366216497
2750,398107.1705534969,0.0048353194773978776
2750,501187.2336272725,0.00728170110179344
2750,630957.3444801931,0.011671188625939674
2750,794328.2347242822,0.017580167504771635
2750,1.0000000000000001e6,0.028259673064731986
3000,10.,1.7203766156957504e-11
3000,12.589254117941673,2.455499201900004e-11
3000,15.848931924611133,3.514259810795457e-11
3000,19.952623149688797,5.0467918392296475e-11
3000,25.11886431509579,7.27908204854296e-11
3000,31.622776601683796,1.055637936195889e-10
3000,39.810717055349734,1.5415647970299343e-10
3000,50.11872336272722,2.2710068080970529e-10
3000,63.09573444801933,3.3829967281149745e-10
3000,79.43282347242814,5.110896476539463e-10
3000,100.,7.859946545682638e-10
3000,125.89254117941674,1.2361300712236868e-9
3000,158.48931924611142,1.998988614331835e-9
3000,199.5262314968879,3.3440172032025184e-9
3000,251.18864315095794,5.8166693393172094e-9
3000,316.22776601683796,1.0521250862622627e-8
3000,398.1071705534973,1.9478397344828878e-8
3000,501.18723362727246,3.499280384186959e-8
3000,630.957344480193,5.507656804654986e-8
3000,794.3282347242821,7.01661593042141e-8
3000,1000.0000000000011,7.63010407687033e-8
3000,1258.9254117941687,8.148844495858153e-8
3000,1584.8931924611143,9.832417154290119e-8
3000,1995.2623149688807,1.4661617936498685e-7
3000,2511.886431509582,2.5553904102319874e-7
3000,3162.277660168382,4.415902517997786e-7
3000,3981.0717055349774,6.910570290798888e-7
3000,5011.872336272725,9.351240802155389e-7
3000,6309.573444801936,1.3065512349768452e-6
3000,7943.282347242821,2.114103532753042e-6
3000,10000.,3.5057979127235017e-6
3000,12589.254117941664,5.0088763361915355e-6
3000,15848.931924611106,8.178088241690309e-6
3000,19952.623149688792,0.000012905457223188436
3000,25118.86431509577,0.000020272888732506538
3000,31622.776601683792,0.00003308128915772999
3000,39810.71705534969,0.00005278635460858451
3000,50118.72336272725,0.00008119488549940179
3000,63095.7344480193,0.00012371142155924157
3000,79432.82347242821,0.00018993271186121784
3000,99999.99999999999,0.0002903707749534689
3000,125892.54117941688,0.00043801579672005607
3000,158489.3192461114,0.0006690035894802351
3000,199526.2314968879,0.0010415612403208048
3000,251188.6431509577,0.0015756630501908417
3000,316227.7660168379,0.0024229403235750315
3000,398107.1705534969,0.003816679361533774
3000,501187.23362727254,0.005736241530513233
3000,630957.344480193,0.009142883609434625
3000,794328.2347242822,0.0138677079720076
3000,1.e6,0.022032353488037493
3500,10.,1.1658439227821191e-11
3500,12.589254117941675,1.6634805728420207e-11
3500,15.848931924611135,2.3797771114705782e-11
3500,19.952623149688797,3.415827195108076e-11
3500,25.1188643150958,4.92352679867426e-11
3500,31.622776601683796,7.134425029485935e-11
3500,39.810717055349734,1.0407699723382696e-10
3500,50.118723362727216,1.531224754323202e-10
3500,63.09573444801933,2.27716760726686e-10
3500,79.43282347242814,3.432947297427713e-10
3500,100.,5.265251405589202e-10
3500,125.89254117941672,8.252540494918588e-10
3500,158.48931924611142,1.3289107336750002e-9
3500,199.52623149688787,2.211717931037843e-9
3500,251.18864315095794,3.824902681311818e-9
3500,316.22776601683796,6.881062528346068e-9
3500,398.1071705534974,1.2713699740264317e-8
3500,501.1872336272724,2.3020382977969484e-8
3500,630.957344480193,3.707564865972277e-8
3500,794.3282347242822,4.855940124031852e-8
3500,1000.0000000000011,5.3502640720774346e-8
3500,1258.9254117941687,5.6703853744862317e-8
3500,1584.893192461114,6.659291648147655e-8
3500,1995.262314968881,9.593683315666998e-8
3500,2511.8864315095825,1.6472445074433884e-7
3500,3162.2776601683827,2.8716894370157794e-7
3500,3981.071705534978,4.578650768395098e-7
3500,5011.872336272725,6.279145581906098e-7
3500,6309.573444801936,8.593309334985203e-7
3500,7943.282347242824,1.3563592015858065e-6
3500,9999.999999999998,2.2784683638893155e-6
3500,12589.254117941664,3.272235822834074e-6
3500,15848.931924611108,5.166297659639879e-6
3500,19952.623149688792,8.334176942491843e-6
3500,25118.86431509577,0.000012700201736712324
3500,31622.776601683796,0.000021022375954329818
3500,39810.71705534969,0.0000335897234131117
3500,50118.72336272725,0.00005302248646081004
3500,63095.7344480193,0.00008198027542283425
3500,79432.82347242821,0.00012580871040095425
3500,100000.,0.00019268681063350319
3500,125892.54117941688,0.00029063390221162593
3500,158489.3192461114,0.0004412404140974658
3500,199526.2314968879,0.0006858950315142243
3500,251188.64315095768,0.0010430335090051061
3500,316227.7660168379,0.0015853886858763792
3500,398107.17055349686,0.002501810137459171
3500,501187.2336272725,0.00377348816811977
3500,630957.344480193,0.005915218431873964
3500,794328.2347242823,0.009150984053767339
3500,1.e6,0.014138888502591665
4000,10.,8.308845871677681e-12
4000,12.589254117941673,1.1852166887026125e-11
4000,15.848931924611135,1.6949793256083903e-11
4000,19.952623149688794,2.4318234199683123e-11
4000,25.118864315095795,3.503237688586708e-11
4000,31.622776601683793,5.072765609169096e-11
4000,39.810717055349734,7.393513511130875e-11
4000,50.11872336272723,1.0865274773436689e-10
4000,63.09573444801933,1.6135011861831088e-10
4000,79.43282347242815,2.4279797241424266e-10
4000,100.,3.715249884563037e-10
4000,125.89254117941672,5.806100000856181e-10
4000,158.48931924611142,9.31553173985649e-10
4000,199.5262314968879,1.5435412082391672e-9
4000,251.18864315095794,2.655921417441594e-9
4000,316.22776601683796,4.754809496928174e-9
4000,398.1071705534974,8.765288812183607e-9
4000,501.18723362727246,1.596206375804747e-8
4000,630.957344480193,2.6203417449344573e-8
4000,794.3282347242822,3.5199268986415874e-8
4000,1000.0000000000011,3.933293292438371e-8
4000,1258.9254117941687,4.152139540684002e-8
4000,1584.893192461114,4.77432999398525e-8
4000,1995.2623149688807,6.675537791842138e-8
4000,2511.8864315095825,1.1276245859065623e-7
4000,3162.2776601683827,1.9772069137511274e-7
4000,3981.0717055349774,3.1996930767688367e-7
4000,5011.872336272726,4.454938685609995e-7
4000,6309.573444801936,6.006854040099501e-7
4000,7943.282347242822,9.275844710929459e-7
4000,10000.,1.5660809620221833e-6
4000,12589.254117941664,2.2755237797399494e-6
4000,15848.93192461111,3.488697820255231e-6
4000,19952.623149688785,5.718335507717962e-6
4000,25118.86431509577,8.545697427390288e-6
4000,31622.77660168379,0.000014234109025403505
4000,39810.71705534969,0.000022577923683561734
4000,50118.72336272726,0.00003647187225513201
4000,63095.7344480193,0.00005725927456248232
4000,79432.82347242821,0.00008800524356858804
4000,100000.,0.00013512767225045742
4000,125892.54117941688,0.00020418465229202752
4000,158489.31924611138,0.0003086771718859326
4000,199526.23149688792,0.0004780607561707995
4000,251188.64315095768,0.0007310369194059039
4000,316227.7660168379,0.0011033200905484668
4000,398107.17055349686,0.0017347173435408299
4000,501187.2336272725,0.0026381437523124666
4000,630957.344480193,0.00406806817498985
4000,794328.2347242822,0.0063930345385675375
4000,1.e6,0.009677628277661672
4500,10.,6.1951907064399335e-12
4500,12.589254117941675,8.835198100890905e-12
4500,15.848931924611133,1.2631717089886512e-11
4500,19.952623149688794,1.8116639105086618e-11
4500,25.118864315095795,2.6086896925711283e-11
4500,31.622776601683796,3.77531760880523e-11
4500,39.810717055349734,5.498574608121622e-11
4500,50.11872336272722,8.073229759083188e-11
4500,63.09573444801932,1.1975048776558492e-10
4500,79.43282347242814,1.7993674108777102e-10
4500,100.,2.7482720522698646e-10
4500,125.89254117941674,4.2849122590941706e-10
4500,158.48931924611142,6.85483955203438e-10
4500,199.5262314968879,1.1317748597050434e-9
4500,251.18864315095794,1.939402160669556e-9
4500,316.22776601683796,3.4577518410825787e-9
4500,398.1071705534973,6.35906407257685e-9
4500,501.18723362727246,1.1619936987976411e-8
4500,630.957344480193,1.9344516520449164e-8
4500,794.3282347242821,2.6522425676170216e-8
4500,1000.0000000000009,3.002075113749051e-8
4500,1258.925411794169,3.1644027658194906e-8
4500,1584.8931924611143,3.582287856997326e-8
4500,1995.2623149688807,4.888735674582704e-8
4500,2511.8864315095825,8.128453485181545e-8
4500,3162.2776601683827,1.4291806666658228e-7
4500,3981.0717055349774,2.33821655350232e-7
4500,5011.872336272725,3.3003470208942615e-7
4500,6309.573444801936,4.4030896237110017e-7
4500,7943.282347242823,6.672370792190224e-7
4500,10000.,1.1260309711834384e-6
4500,12589.254117941662,1.6587160767247114e-6
4500,15848.93192461111,2.4822927267741424e-6
4500,19952.62314968879,4.106969149249899e-6
4500,25118.864315095772,6.0712349741355825e-6
4500,31622.776601683792,0.00001009404562999483
4500,39810.71705534969,0.00001586133151321232
4500,50118.72336272726,0.00002590863132873497
4500,63095.7344480193,0.00004128810133312004
4500,79432.82347242821,0.00006394877193855131
4500,99999.99999999999,0.00009871072777704694
4500,125892.54117941689,0.00014973038892949052
4500,158489.3192461114,0.00022585139594204657
4500,199526.23149688792,0.000348144742172438
4500,251188.6431509577,0.0005348040269647413
4500,316227.7660168379,0.0008043246007361156
4500,398107.1705534969,0.0012568737472882121
4500,501187.2336272725,0.0019284709913540308
4500,630957.344480193,0.0029354638820871626
4500,794328.2347242822,0.004653955456192069
4500,1.e6,0.006974198905854483
5000,10.,4.748330402032321e-12
5000,12.589254117941673,6.7703999345539565e-12
5000,15.848931924611133,9.677184675400855e-12
5000,19.952623149688797,1.3874697449686029e-11
5000,25.118864315095795,1.9970563194864755e-11
5000,31.6227766016838,2.8886577165728833e-11
5000,39.810717055349734,4.204431522346044e-11
5000,50.11872336272722,6.167974227311439e-11
5000,63.09573444801933,9.139307805524929e-11
5000,79.43282347242815,1.3714285579645944e-10
5000,100.,2.091099875503231e-10
5000,125.89254117941672,3.2533105720190614e-10
5000,158.48931924611142,5.190600336310887e-10
5000,199.52623149688787,8.542015277511492e-10
5000,251.18864315095794,1.458222300332796e-9
5000,316.22776601683796,2.589929275433523e-9
5000,398.1071705534973,4.751987883449367e-9
5000,501.1872336272724,8.707733933738681e-9
5000,630.957344480193,1.4680721668051489e-8
5000,794.3282347242821,2.0526436328437847e-8
5000,1000.000000000001,2.3548183990594704e-8
5000,1258.9254117941687,2.4823178042733723e-8
5000,1584.8931924611143,2.7733662392198688e-8
5000,1995.2623149688807,3.7022764882121046e-8
5000,2511.8864315095825,6.058274189435425e-8
5000,3162.2776601683827,1.0667022999735692e-7
5000,3981.0717055349774,1.7621736924325586e-7
5000,5011.872336272725,2.522119856611788e-7
5000,6309.573444801937,3.341064311808309e-7
5000,7943.282347242822,4.978233880257466e-7
5000,10000.,8.371631150292963e-7
5000,12589.254117941664,1.2516942144472488e-6
5000,15848.93192461111,1.8369701964405622e-6
5000,19952.62314968879,3.051114718688358e-6
5000,25118.86431509577,4.491581695366476e-6
5000,31622.776601683792,7.413795719450692e-6
5000,39810.71705534969,0.00001157437956823414
5000,50118.72336272726,0.00001896527419800555
5000,63095.734448019306,0.000030513658350295253
5000,79432.82347242822,0.000047831531298806704
5000,100000.,0.00007437608675543256
5000,125892.54117941688,0.00011338284592227936
5000,158489.3192461114,0.00017097286754557127
5000,199526.2314968879,0.0002624646114472354
5000,251188.6431509577,0.0004045819587648765
5000,316227.7660168379,0.0006079200805700284
5000,398107.1705534969,0.0009436173530735228
5000,501187.2336272724,0.0014582248729272792
5000,630957.344480193,0.00219839499118813
5000,794328.2347242823,0.0034943211499366225
5000,1.e6,0.005230737003648863
6000,10.,3.0132469133939647e-12
6000,12.589254117941673,4.294994700490665e-12
6000,15.848931924611133,6.13640024794558e-12
6000,19.952623149688797,8.793385270804506e-12
6000,25.11886431509579,1.264822171511826e-11
6000,31.622776601683796,1.8279482730491618e-11
6000,39.810717055349734,2.657692374074957e-11
6000,50.11872336272722,3.8935303862890885e-11
6000,63.09573444801933,5.759139809671097e-11
6000,79.43282347242814,8.6229783462491e-11
6000,100.,1.31111800678599e-10
6000,125.89254117941674,2.0326166721267826e-10
6000,158.48931924611142,3.2286709216839065e-10
6000,199.5262314968879,5.284536773045552e-10
6000,251.18864315095794,8.964101142548474e-10
6000,316.22776601683796,1.5815761118857773e-9
6000,398.1071705534973,2.888362811677107e-9
6000,501.18723362727246,5.307907170797485e-9
6000,630.957344480193,9.115745633573356e-9
6000,794.3282347242821,1.315986361891661e-8
6000,1000.0000000000011,1.5476205721333888e-8
6000,1258.9254117941687,1.6372689871430458e-8
6000,1584.8931924611143,1.796439811567712e-8
6000,1995.2623149688807,2.3175453227142214e-8
6000,2511.886431509582,3.685081392067872e-8
6000,3162.277660168382,6.47692284081754e-8
6000,3981.0717055349774,1.084616269980392e-7
6000,5011.872336272725,1.5887481845714257e-7
6000,6309.573444801936,2.0892823328387573e-7
6000,7943.282347242821,3.027512437858288e-7
6000,10000.,5.030609936005384e-7
6000,12589.254117941664,7.730005915193442e-7
6000,15848.931924611106,1.1044558416162486e-6
6000,19952.623149688792,1.8261797827376693e-6
6000,25118.86431509577,2.702032841806681e-6
6000,31622.776601683792,4.364736037128814e-6
6000,39810.71705534969,6.805467622535092e-6
6000,50118.72336272725,0.000011129335553974375
6000,63095.7344480193,0.000017906040205912067
6000,79432.82347242821,0.000028698884629745164
6000,99999.99999999999,0.00004551479868441353
6000,125892.54117941688,0.00007017791297241624
6000,158489.3192461114,0.00010598154033702846
6000,199526.2314968879,0.0001617097395362019
6000,251188.6431509577,0.00024982332510782004
6000,316227.7660168379,0.0003755978712252499
6000,398107.1705534969,0.000575512953366179
6000,501187.23362727254,0.0008980350204922671
6000,630957.344480193,0.0013447651727340804
6000,794328.2347242822,0.002123342749704981
6000,1.e6,0.0032115481920621056
7000,10.,2.0563531057303316e-12
7000,12.589254117941675,2.93030925528415e-12
7000,15.848931924611135,4.18526409414176e-12
7000,19.952623149688797,5.994961304432451e-12
7000,25.1188643150958,8.61853696515616e-12
7000,31.622776601683796,1.2447488944978641e-11
7000,39.810717055349734,1.80825646532262e-11
7000,50.118723362727216,2.6463014075839938e-11
7000,63.09573444801933,3.909041863745356e-11
7000,79.43282347242814,5.842923103254739e-11
7000,100.,8.86495922421531e-11
7000,125.89254117941672,1.37058282202048e-10
7000,158.48931924611142,2.1696420977692555e-10
7000,199.52623149688787,3.536251477981772e-10
7000,251.18864315095794,5.968770745939749e-10
7000,316.22776601683796,1.0475379658372576e-9
7000,398.1071705534974,1.9053149979433327e-9
7000,501.1872336272724,3.505494894933196e-9
7000,630.957344480193,6.098590015263814e-9
7000,794.3282347242822,9.026526952031843e-9
7000,1000.0000000000011,1.0847294777739909e-8
7000,1258.9254117941687,1.1535344536064002e-8
7000,1584.893192461114,1.2498898041166988e-8
7000,1995.262314968881,1.569744815797977e-8
7000,2511.8864315095825,2.433089553533624e-8
7000,3162.2776601683827,4.258173720054308e-8
7000,3981.071705534978,7.205881382520069e-8
7000,5011.872336272725,1.0765569236334093e-7
7000,6309.573444801936,1.4154052835249228e-7
7000,7943.282347242824,2.0070085516358866e-7
7000,9999.999999999998,3.287542824521252e-7
7000,12589.254117941664,5.161155175689898e-7
7000,15848.931924611108,7.264372820931008e-7
7000,19952.623149688792,1.1840522556073304e-6
7000,25118.86431509577,1.7743338686658396e-6
7000,31622.776601683796,2.795861785238054e-6
7000,39810.71705534969,4.381576967534502e-6
7000,50118.72336272725,7.0979896462075675e-6
7000,63095.7344480193,0.000011304134690876737
7000,79432.82347242821,0.000018268822516885773
7000,100000.,0.000029675576291687185
7000,125892.54117941688,0.00004657342500124968
7000,158489.3192461114,0.00007076142647062254
7000,199526.2314968879,0.00010769353379374761
7000,251188.64315095768,0.00016643326786084528
7000,316227.7660168379,0.0002511195180534206
7000,398107.17055349686,0.00038090954571397707
7000,501187.2336272725,0.0005957374561990447
7000,630957.344480193,0.0008937017184148804
7000,794328.2347242823,0.001392526193528685
7000,1.e6,0.0021398046108695003
8000,10.,1.4749268469636937e-12
8000,12.589254117941673,2.1013144975294767e-12
8000,15.848931924611135,3.0004081076968326e-12
8000,19.952623149688794,4.2962753727738664e-12
8000,25.118864315095795,6.173727652959899e-12
8000,31.622776601683793,8.911545368453264e-12
8000,39.810717055349734,1.2936716869621434e-11
8000,50.11872336272723,1.8915333968674004e-11
8000,63.09573444801933,2.7909450603717708e-11
8000,79.43282347242815,4.165670062862041e-11
8000,100.,6.308669080387993e-11
8000,125.89254117941672,9.731135345181789e-11
8000,158.48931924611142,1.5359922722544804e-10
8000,199.5262314968879,2.4945633070858145e-10
8000,251.18864315095794,4.192751765476352e-10
8000,316.22776601683796,7.32491109420182e-10
8000,398.1071705534974,1.3273928228121635e-9
8000,501.18723362727246,2.443209245601158e-9
8000,630.957344480193,4.293700597282311e-9
8000,794.3282347242822,6.491742563420854e-9
8000,1000.0000000000011,7.95977337512121e-9
8000,1258.9254117941687,8.518121197826844e-9
8000,1584.893192461114,9.143123363433191e-9
8000,1995.2623149688807,1.122539790490977e-8
8000,2511.8864315095825,1.6990849290773108e-8
8000,3162.2776601683827,2.9555548745886902e-8
8000,3981.0717055349774,5.045081409241436e-8
8000,5011.872336272726,7.66834606741058e-8
8000,6309.573444801936,1.0119375889075527e-7
8000,7943.282347242822,1.409353225160462e-7
8000,10000.,2.2749150577862835e-7
8000,12589.254117941664,3.634716654892051e-7
8000,15848.93192461111,5.083095263091002e-7
8000,19952.623149688785,8.137275531313106e-7
8000,25118.86431509577,1.2384076145531578e-6
8000,31622.77660168379,1.906801473432182e-6
8000,39810.71705534969,3.0113313599053463e-6
8000,50118.72336272726,4.8184198082130256e-6
8000,63095.7344480193,7.627340037216032e-6
8000,79432.82347242821,0.000012339787976122262
8000,100000.,0.000020290381697287994
8000,125892.54117941688,0.00003246553730644079
8000,158489.31924611138,0.0000498262923621899
8000,199526.23149688792,0.00007580828029605296
8000,251188.64315095768,0.00011709540437599995
8000,316227.7660168379,0.0001774972539113784
8000,398107.17055349686,0.0002674010308531022
8000,501187.2336272725,0.0004174738189307003
8000,630957.344480193,0.0006298807567681812
8000,794328.2347242822,0.0009685629433001321
8000,1.e6,0.0015072832392522839
10000,10.,8.495937639143962e-13
10000,12.589254117941673,1.2099798865277078e-12
10000,15.848931924611133,1.7269246039686828e-12
10000,19.952623149688797,2.471383112444873e-12
10000,25.118864315095795,3.548834461342959e-12
10000,31.6227766016838,5.117992169980842e-12
10000,39.810717055349734,7.421212789697704e-12
10000,50.11872336272722,1.0835195374715887e-11
10000,63.09573444801933,1.5957975664461235e-11
10000,79.43282347242815,2.376302451651487e-11
10000,100.,3.5881878263703604e-11
10000,125.89254117941672,5.514219108941656e-11
10000,158.48931924611142,8.663230824614676e-11
10000,199.52623149688787,1.3988663186090998e-10
10000,251.18864315095794,2.334978564334168e-10
10000,316.22776601683796,4.0484132345887714e-10
10000,398.1071705534973,7.288066499555173e-10
10000,501.1872336272724,1.340194435696749e-9
10000,630.957344480193,2.3875365884275715e-9
10000,794.3282347242821,3.730297698445608e-9
10000,1000.000000000001,4.736780575373785e-9
10000,1258.9254117941687,5.14293776932049e-9
10000,1584.8931924611143,5.460348020167697e-9
10000,1995.2623149688807,6.484815147116962e-9
10000,2511.8864315095825,9.435957462452284e-9
10000,3162.2776601683827,1.616697478894538e-8
10000,3981.0717055349774,2.7911013269394506e-8
10000,5011.872336272725,4.355570522634536e-8
10000,6309.573444801937,5.8261922493942344e-8
10000,7943.282347242822,7.910035383390093e-8
10000,10000.,1.2431880122176321e-7
10000,12589.254117941664,2.0292578722815091e-7
10000,15848.93192461111,2.841559987396855e-7
10000,19952.62314968879,4.3876423512549895e-7
10000,25118.86431509577,6.849631881075423e-7
10000,31622.776601683792,1.01762456856741e-6
10000,39810.71705534969,1.625903513225756e-6
10000,50118.72336272726,2.537761732141253e-6
10000,63095.734448019306,4.0009163420296964e-6
10000,79432.82347242822,6.440827067304604e-6
10000,100000.,0.000010482538995354675
10000,125892.54117941688,0.000017222776034064543
10000,158489.3192461114,0.000027410302356916316
10000,199526.2314968879,0.0000422230048088713
10000,251188.6431509577,0.00006525177751989377
10000,316227.7660168379,0.00009979461791270004
10000,398107.1705534969,0.0001494421169877964
10000,501187.2336272724,0.00023127436202958007
10000,630957.344480193,0.00035343133301534444
10000,794328.2347242823,0.0005330239906420928
10000,1.e6,0.0008385529276431932
100000,10.,3.2101601755579203e-15
100000,12.589254117941675,4.559593393212201e-15
100000,15.848931924611135,6.4855801130666604e-15
100000,19.952623149688797,9.241816950839274e-15
100000,25.118864315095795,1.3199482936968135e-14
100000,31.622776601683793,1.890631118911834e-14
100000,39.810717055349734,2.7179089356450833e-14
100000,50.11872336272722,3.925148216087993e-14
100000,63.09573444801933,5.701583233830817e-14
100000,79.43282347242814,8.342920589774541e-14
100000,100.,1.232155323905607e-13
100000,125.89254117941672,1.8411959432744926e-13
100000,158.48931924611142,2.792262682551938e-13
100000,199.5262314968879,4.314112383008883e-13
100000,251.18864315095794,6.82204526228031e-13
100000,316.22776601683796,1.1100321710531104e-12
100000,398.1071705534973,1.868436304524226e-12
100000,501.18723362727246,3.2640354487017567e-12
100000,630.9573444801929,5.890112830009809e-12
100000,794.3282347242821,1.0694432909804432e-11
100000,1000.000000000001,1.824584873540121e-11
100000,1258.9254117941687,2.6461069065917617e-11
100000,1584.893192461114,3.143343779685754e-11
100000,1995.262314968881,3.335459642216053e-11
100000,2511.886431509582,3.614378173446052e-11
100000,3162.2776601683827,4.512576423974586e-11
100000,3981.0717055349783,6.881864712057332e-11
100000,5011.872336272725,1.1849386855931555e-10
100000,6309.573444801936,1.9835992560761889e-10
100000,7943.282347242822,2.898445206422842e-10
100000,10000.,3.75180990547458e-10
100000,12589.254117941662,5.251256341169885e-10
100000,15848.93192461111,8.438469956643466e-10
100000,19952.62314968879,1.2897317834986989e-9
100000,25118.86431509577,1.7778110608007252e-9
100000,31622.776601683796,2.7794328468359294e-9
100000,39810.71705534968,4.080874350203145e-9
100000,50118.72336272726,6.090279064898271e-9
100000,63095.734448019306,9.204008969974827e-9
100000,79432.82347242821,1.3984203467532236e-8
100000,100000.,2.1019953571936863e-8
100000,125892.54117941689,3.2060862156207157e-8
100000,158489.3192461114,4.926464197127146e-8
100000,199526.2314968879,7.603133735587709e-8
100000,251188.6431509577,1.1690561429026014e-7
100000,316227.7660168379,1.8082313633998904e-7
100000,398107.1705534969,2.8511833479598147e-7
100000,501187.23362727254,4.519837668671871e-7
100000,630957.3444801931,7.101701502605324e-7
100000,794328.2347242822,1.145166318191732e-6
100000,1.e6,1.872296921684533e-6
1000000,10.,1.4216904711661872e-17
1000000,12.589254117941675,2.0161575126485185e-17
1000000,15.848931924611135,2.862134856946555e-17
1000000,19.952623149688797,4.0683472050674085e-17
1000000,25.118864315095795,5.792347984818265e-17
1000000,31.622776601683796,8.263895311474737e-17
1000000,39.810717055349734,1.1820664485742065e-16
1000000,50.118723362727216,1.6963709801245106e-16
1000000,63.095734448019336,2.444525148032427e-16
1000000,79.43282347242814,3.5410706378863297e-16
1000000,100.,5.163424492396806e-16
1000000,125.89254117941674,7.592047754589527e-16
1000000,158.48931924611142,1.1281080884249738e-15
1000000,199.52623149688787,1.6986784507150863e-15
1000000,251.18864315095794,2.60095700900747e-15
1000000,316.22776601683796,4.066704192950484e-15
1000000,398.1071705534973,6.525072354435523e-15
1000000,501.1872336272724,1.0800846403384317e-14
1000000,630.957344480193,1.8522812863877158e-14
1000000,794.3282347242822,3.288667031583648e-14
1000000,1000.0000000000011,5.952108700357726e-14
1000000,1258.9254117941687,1.0459646913917873e-13
1000000,1584.893192461114,1.6289036220146874e-13
1000000,1995.2623149688807,2.0864524700272883e-13
1000000,2511.886431509582,2.2845628781939693e-13
1000000,3162.277660168382,2.415889257712008e-13
1000000,3981.071705534978,2.798565042921941e-13
1000000,5011.872336272725,3.8934320995357424e-13
1000000,6309.573444801937,6.42696838242806e-13
1000000,7943.282347242823,1.1015025545036821e-12
1000000,10000.,1.708147667214306e-12
1000000,12589.254117941662,2.259584814147952e-12
1000000,15848.93192461111,2.9748578362116614e-12
1000000,19952.62314968879,4.506479277934683e-12
1000000,25118.86431509577,7.173162455208915e-12
1000000,31622.776601683792,9.94770992849685e-12
1000000,39810.71705534969,1.4446935825104894e-11
1000000,50118.72336272726,2.2178168966601844e-11
1000000,63095.734448019306,3.1367673418074806e-11
1000000,79432.82347242821,4.787229057031511e-11
1000000,100000.,7.000163675580206e-11
1000000,125892.54117941686,1.0530774306738238e-10
1000000,158489.3192461114,1.5738424078642793e-10
1000000,199526.23149688792,2.3521831583591945e-10
1000000,251188.64315095768,3.557547595421192e-10
1000000,316227.76601683797,5.379370940336642e-10
1000000,398107.17055349686,8.108121078247671e-10
1000000,501187.2336272726,1.2323145117368604e-9
1000000,630957.344480193,1.891962416123296e-9
1000000,794328.2347242822,2.88379764023928e-9
1000000,1.e6,4.390999514739725e-9
10000000,10.,7.043017173276688e-20
10000000,12.589254117941675,9.97809043796794e-20
10000000,15.848931924611133,1.414719591860436e-19
10000000,19.952623149688794,2.0077716017697155e-19
10000000,25.1188643150958,2.8529144024537276e-19
10000000,31.622776601683796,4.060053092589384e-19
10000000,39.810717055349734,5.789184968356439e-19
10000000,50.11872336272722,8.274958153435787e-19
10000000,63.09573444801932,1.1864641439940604e-18
10000000,79.43282347242815,1.7077917075224763e-18
10000000,100.00000000000001,2.470304199241592e-18
10000000,125.89254117941675,3.595525688137565e-18
10000000,158.48931924611145,5.2744852125173155e-18
10000000,199.5262314968879,7.81445430839303e-18
10000000,251.18864315095794,1.1723131891830345e-17
10000000,316.22776601683796,1.786565363653695e-17
10000000,398.1071705534973,2.776813073189336e-17
10000000,501.18723362727246,4.4224933918044974e-17
10000000,630.9573444801931,7.254585854564392e-17
10000000,794.3282347242821,1.2312097477083925e-16
10000000,1000.0000000000011,2.1632835948217226e-16
10000000,1258.925411794169,3.891190293246551e-16
10000000,1584.8931924611138,6.888249849447595e-16
10000000,1995.262314968881,1.1054398926006509e-15
10000000,2511.886431509582,1.4767725748189661e-15
10000000,3162.277660168382,1.6600475475534077e-15
10000000,3981.0717055349774,1.7516777223805691e-15
10000000,5011.872336272724,1.968158374700268e-15
10000000,6309.573444801936,2.6071843667401837e-15
10000000,7943.282347242822,4.153396241509665e-15
10000000,10000.,7.13698159300732e-15
10000000,12589.254117941662,1.1379453458181857e-14
10000000,15848.93192461111,1.541516863541387e-14
10000000,19952.62314968879,1.987201400076658e-14
10000000,25118.86431509577,2.903037386488789e-14
10000000,31622.77660168379,4.6319565572132284e-14
10000000,39810.71705534969,6.575195879577396e-14
10000000,50118.72336272724,9.19729423561033e-14
10000000,63095.73444801929,1.416601427139784e-13
10000000,79432.82347242821,2.0006006762497037e-13
10000000,99999.99999999999,2.9904245495513843e-13
10000000,125892.54117941688,4.3585281290196425e-13
10000000,158489.31924611138,6.498455948139899e-13
10000000,199526.23149688792,9.54636409492154e-13
10000000,251188.6431509577,1.4142215095489864e-12
10000000,316227.7660168379,2.1105891917399793e-12
10000000,398107.1705534969,3.1521131604457347e-12
10000000,501187.23362727254,4.688702289327908e-12
10000000,630957.344480193,7.000334630007406e-12
10000000,794328.2347242822,1.0558092432128256e-11
10000000,1.e6,1.592192934293032e-11
