100,10,6.766676026922663e-7
100,12.589254117941673,9.810838305979382e-7
100,15.848931924611131,0.0000014321839193326023
100,19.952623149688794,0.0000021087514980128894
100,25.118864315095795,0.000003138684991465129
100,31.622776601683793,0.000004735273937491244
100,39.810717055349734,0.000007264700479401231
100,50.11872336272722,0.00001137405961782658
100,63.09573444801933,0.000018233565622650394
100,79.43282347242815,0.000029968098243110165
100,100,0.000050256305989989675
100,125.89254117941675,0.00008434488630530746
100,158.48931924611142,0.00013547480673200855
100,199.52623149688787,0.00019539235126001079
100,251.18864315095797,0.00024533085087660077
100,316.227766016838,0.0002825740250789073
100,398.1071705534973,0.00033179603231813616
100,501.18723362727246,0.0004360493995441288
100,630.9573444801931,0.0006521504502123409
100,794.3282347242822,0.0010012556506888471
100,1000.000000000001,0.0013954020164328985
100,1258.9254117941687,0.0018300813030828855
100,1584.893192461114,0.0025011043917087367
100,1995.262314968881,0.003466737218648969
100,2511.886431509582,0.00472381579224629
100,3162.2776601683827,0.006477417097868766
100,3981.071705534978,0.008867632735680916
100,5011.872336272724,0.01213079035185849
100,6309.573444801936,0.016566206735680933
100,7943.282347242823,0.022619709482100712
100,10000,0.031081531129451896
100,12589.254117941662,0.04355003455478934
100,15848.931924611112,0.06285199032927449
100,19952.62314968879,0.0928935698260936
100,25118.86431509577,0.13963159337203235
100,31622.776601683792,0.2135866045827436
100,39810.71705534969,0.3316547032013616
100,50118.72336272726,0.5141626960566004
100,63095.7344480193,0.7629435421050927
100,79432.82347242822,1.0384909843095587
100,100000,1.3330654066275707
100,125892.54117941689,1.6722258514030375
100,158489.31924611138,2.0741864262715177
100,199526.23149688792,2.5578643506302567
100,251188.6431509577,3.1467896981614247
100,316227.7660168379,3.8670122910120863
100,398107.1705534969,4.738811976768359
100,501187.23362727254,5.741493343993872
100,630957.344480193,6.651557279405931
100,794328.2347242822,6.745756075085802
100,1000000,5.781345622732903
150,10,2.0858510057157447e-7
150,12.589254117941675,3.014240103380827e-7
150,15.848931924611133,4.381799560066009e-7
150,19.952623149688797,6.417687021949091e-7
150,25.118864315095795,9.488430817826078e-7
150,31.622776601683793,0.0000014194998570614448
150,39.810717055349734,0.000002155016843872735
150,50.11872336272722,0.000003331027609791715
150,63.09573444801932,0.0000052602030606054665
150,79.43282347242814,0.000008507870186410652
150,100,0.000014080944222099589
150,125.89254117941675,0.00002360721238006103
150,158.48931924611145,0.00003893591452670244
150,199.52623149688787,0.00005978903770300946
150,251.18864315095794,0.0000807728260834626
150,316.22776601683796,0.00009629534908888448
150,398.1071705534974,0.000109838151679707
150,501.18723362727246,0.00013337389132523283
150,630.9573444801931,0.0001855337065596853
150,794.3282347242821,0.00028898097341122087
150,1000.0000000000011,0.0004411230097200956
150,1258.9254117941687,0.0005994576196415942
150,1584.8931924611143,0.0007852784366739213
150,1995.2623149688811,0.0010802871341478225
150,2511.886431509582,0.001481287995221712
150,3162.2776601683827,0.0019981481313352837
150,3981.071705534978,0.0027131358090043784
150,5011.872336272725,0.003675853375585305
150,6309.573444801936,0.004987999219171229
150,7943.282347242824,0.006769862345888602
150,9999.999999999998,0.009184554125089544
150,12589.254117941662,0.012446551568520675
150,15848.931924611108,0.01684312135416325
150,19952.62314968879,0.02281228033451467
150,25118.864315095772,0.031207964042918486
150,31622.776601683796,0.04387734210478867
150,39810.71705534969,0.06378995162390041
150,50118.72336272726,0.09486421551228066
150,63095.734448019306,0.14366019475873404
150,79432.82347242821,0.22191189277799123
150,100000,0.3482174175754955
150,125892.54117941689,0.5431866005512822
150,158489.31924611138,0.7988858557567116
150,199526.2314968879,1.0682227722289563
150,251188.6431509577,1.3571608572592164
150,316227.7660168379,1.6904610145505674
150,398107.1705534969,2.079810730865486
150,501187.2336272725,2.5209796612103377
150,630957.344480193,2.9284788942115263
150,794328.2347242823,2.9908371276737564
150,1000000,2.570417093562218
200,10,9.249289029132048e-8
200,12.589254117941673,1.3339317230109623e-7
200,15.848931924611131,1.9342330374116258e-7
200,19.952623149688794,2.823868634566387e-7
200,25.118864315095795,4.158188710698409e-7
200,31.622776601683793,6.189187919767209e-7
200,39.810717055349734,9.33647455628695e-7
200,50.11872336272722,0.0000014318557880310873
200,63.09573444801933,0.000002239949312359846
200,79.43282347242815,0.0000035847980103522752
200,100,0.000005872979075025865
200,125.89254117941675,0.00000979157359486442
200,158.48931924611142,0.000016270999571832977
200,199.52623149688787,0.000025755454662136143
200,251.18864315095797,0.00003653814213452033
200,316.227766016838,0.00004528889038639684
200,398.1071705534973,0.00005176389582046445
200,501.18723362727246,0.0000604449907271006
200,630.9573444801931,0.00007914155767992776
200,794.3282347242822,0.00011921399301719226
200,1000.000000000001,0.00018866561393997907
200,1258.9254117941687,0.00027241680100524763
200,1584.893192461114,0.0003575316076877374
200,1995.262314968881,0.0004801375033345916
200,2511.886431509582,0.0006667476878843744
200,3162.2776601683827,0.0009006095879938249
200,3981.071705534978,0.0012155353342305165
200,5011.872336272724,0.0016400180193417724
200,6309.573444801936,0.0022083888107442265
200,7943.282347242823,0.0029709072734936037
200,10000,0.00399893752043636
200,12589.254117941662,0.005389739533087095
200,15848.931924611112,0.007270965578914052
200,19952.62314968879,0.009809803706272682
200,25118.86431509577,0.013223677286907444
200,31622.776601683792,0.017808341069864054
200,39810.71705534969,0.02404893315100234
200,50118.72336272726,0.03300893826705757
200,63095.7344480193,0.04693428499407316
200,79432.82347242822,0.06893797398091739
200,100000,0.10339085961354552
200,125892.54117941689,0.15809152779854818
200,158489.31924611138,0.24691820181158164
200,199526.23149688792,0.3906682985902764
200,251188.6431509577,0.6065860415626589
200,316227.7660168379,0.8660534101549278
200,398107.1705534969,1.125417372947029
200,501187.23362727254,1.396112100324582
200,630957.344480193,1.6417831117314134
200,794328.2347242822,1.6907252030280646
200,1000000,1.4569437556768627
250,10,4.963139126908371e-8
250,12.589254117941673,7.147864514001037e-8
250,15.848931924611135,1.0346331256355378e-7
250,19.952623149688794,1.5071454817813088e-7
250,25.118864315095795,2.2130649481314226e-7
250,31.622776601683793,3.2823610391461266e-7
250,39.810717055349734,4.929586324036106e-7
250,50.11872336272723,7.518718336074229e-7
250,63.09573444801933,0.0000011684279898838392
250,79.43282347242815,0.000001855734394817681
250,100,0.0000030165999213343236
250,125.89254117941672,0.000005001064622959126
250,158.48931924611142,0.000008324820894677915
250,199.5262314968879,0.000013399776729448158
250,251.18864315095794,0.000019658475674035677
250,316.22776601683796,0.000025217115129347092
250,398.1071705534974,0.000029166608674313234
250,501.18723362727246,0.0000333874628667838
250,630.957344480193,0.00004180120883268906
250,794.3282347242822,0.000060329046114931024
250,1000.0000000000011,0.00009532649897680114
250,1258.9254117941687,0.0001434391787133297
250,1584.893192461114,0.00019290623923723453
250,1995.2623149688807,0.00025588286569786986
250,2511.8864315095825,0.00035694013464915845
250,3162.2776601683827,0.00048964114337211
250,3981.0717055349774,0.0006586360901785193
250,5011.872336272726,0.0008899074845814202
250,6309.573444801936,0.0011953795977312147
250,7943.282347242822,0.0016035467275070017
250,10000,0.0021472920966955724
250,12589.254117941664,0.002873253272504842
250,15848.93192461111,0.0038471619731072788
250,19952.623149688785,0.005160611387298402
250,25118.86431509577,0.006933785530312721
250,31622.77660168379,0.009323180796113557
250,39810.71705534969,0.012532007400159795
250,50118.72336272726,0.01683107326085786
250,63095.7344480193,0.022655196603263178
250,79432.82347242821,0.03096429608084599
250,100000,0.04390483119301175
250,125892.54117941688,0.0644600571654391
250,158489.31924611138,0.09672796908353144
250,199526.23149688792,0.1480228621221279
250,251188.64315095768,0.2315551627746535
250,316227.7660168379,0.3675280222792667
250,398107.17055349686,0.5735482800568722
250,501187.2336272725,0.8171219680124995
250,630957.344480193,1.0154612104786909
250,794328.2347242822,1.0725172488297403
250,1000000,0.9381387047618304
300,10,3.0013084083611276e-8
300,12.589254117941675,4.318008501988444e-8
300,15.848931924611133,6.242073508183715e-8
300,19.952623149688797,9.077879250962688e-8
300,25.118864315095795,1.3302190405692644e-7
300,31.622776601683793,1.9678033211542156e-7
300,39.810717055349734,2.9456772404924943e-7
300,50.11872336272722,4.474618472812247e-7
300,63.09573444801932,6.91945125599981e-7
300,79.43282347242814,0.0000010926696404399378
300,100,0.0000017654074206045167
300,125.89254117941675,0.000002912261724203174
300,158.48931924611145,0.000004845728279729401
300,199.52623149688787,0.000007876994697359647
300,251.18864315095794,0.000011832874020310178
300,316.22776601683796,0.00001561951251076657
300,398.1071705534974,0.00001833948747718224
300,501.18723362727246,0.00002080027317242117
300,630.9573444801931,0.00002522517823448365
300,794.3282347242821,0.00003499664207975228
300,1000.0000000000011,0.00005427230417284107
300,1258.9254117941687,0.00008305993463007935
300,1584.8931924611143,0.00011418674912163395
300,1995.2623149688811,0.0001510766664321244
300,2511.886431509582,0.00021109119673291794
300,3162.2776601683827,0.00029574314030367
300,3981.071705534978,0.00039970240127512325
300,5011.872336272725,0.0005414772657081788
300,6309.573444801936,0.0007282553895750405
300,7943.282347242824,0.000976687339638971
300,9999.999999999998,0.0013057969253938812
300,12589.254117941662,0.0017426315015869772
300,15848.931924611108,0.0023227993509318703
300,19952.62314968879,0.003095930242270659
300,25118.864315095772,0.004132810589154837
300,31622.776601683796,0.005530594309455655
300,39810.71705534969,0.007414880697254963
300,50118.72336272726,0.009948763771551482
300,63095.734448019306,0.013342998558422484
300,79432.82347242821,0.017888518651722266
300,100000,0.024090720571463664
300,125892.54117941689,0.033192016810403346
300,158489.31924611138,0.047666199756626434
300,199526.2314968879,0.07059201553115683
300,251188.6431509577,0.1066361086849035
300,316227.7660168379,0.1642892451462444
300,398107.1705534969,0.25800863672906005
300,501187.2336272725,0.4051596837606404
300,630957.344480193,0.5938701195367727
300,794328.2347242823,0.6964466452701475
300,1000000,0.6327482832214124
400,10,1.3655396280600583e-8
400,12.589254117941673,1.9617004016660302e-8
400,15.848931924611131,2.8305077875825823e-8
400,19.952623149688794,4.1066968822492606e-8
400,25.118864315095795,5.99978395140434e-8
400,31.622776601683793,8.842249771577603e-8
400,39.810717055349734,1.317410727992826e-7
400,50.11872336272722,1.9895306607727627e-7
400,63.09573444801933,3.054657876841134e-7
400,79.43282347242815,4.78323514019272e-7
400,100,7.657511815367415e-7
400,125.89254117941675,0.000001252862989698229
400,158.48931924611142,0.000002078496588971509
400,199.52623149688787,0.0000034136892366705053
400,251.18864315095797,0.000005290678216767382
400,316.227766016838,0.0000073049632620918864
400,398.1071705534973,0.000008856124279250871
400,501.18723362727246,0.000010019278327983555
400,630.9573444801931,0.000011679547705615065
400,794.3282347242822,0.000015250100494037741
400,1000.000000000001,0.000022628007292830996
400,1258.9254117941687,0.000034816839659644765
400,1584.893192461114,0.00004930211668431469
400,1995.262314968881,0.0000652376692242099
400,2511.886431509582,0.00009033568747629281
400,3162.2776601683827,0.00013066696504576957
400,3981.071705534978,0.00018106722304413834
400,5011.872336272724,0.0002464286631482963
400,6309.573444801936,0.00033427904497954173
400,7943.282347242823,0.00044933958693479513
400,10000,0.0006014934044311028
400,12589.254117941662,0.0008021658094951535
400,15848.931924611112,0.0010667893117779184
400,19952.62314968879,0.001416003687628055
400,25118.86431509577,0.0018772672124074854
400,31622.776601683792,0.002487829558436005
400,39810.71705534969,0.0033002589522245843
400,50118.72336272726,0.004390286775837349
400,63095.7344480193,0.005859350263566352
400,79432.82347242822,0.007837312433192401
400,100000,0.010491210088498414
400,125892.54117941689,0.014033948719925917
400,158489.31924611138,0.01877385938541666
400,199526.23149688792,0.025318379603653483
400,251188.6431509577,0.035278332529355305
400,316227.7660168379,0.05126457064284068
400,398107.1705534969,0.07630534926181509
400,501187.23362727254,0.11500440949596082
400,630957.344480193,0.1734928506029358
400,794328.2347242822,0.24855090894111095
400,1000000,0.29072822997523073
500,10,7.464991325301173e-9
500,12.589254117941673,1.0712868219398245e-8
500,15.848931924611135,1.5437149750779527e-8
500,19.952623149688794,2.2360203518849124e-8
500,25.118864315095795,3.25995191894894e-8
500,31.622776601683793,4.791768792057196e-8
500,39.810717055349734,7.115757544991362e-8
500,50.11872336272723,1.0702026636585615e-7
500,63.09573444801933,1.6348872689978396e-7
500,79.43282347242815,2.544697526107124e-7
500,100,4.0464667252812643e-7
500,125.89254117941672,6.577540247141851e-7
500,158.48931924611142,0.000001087108830287508
500,199.5262314968879,0.0000017928497634171203
500,251.18864315095794,0.0000028308805442324064
500,316.22776601683796,0.0000040375536068219825
500,398.1071705534974,0.000005042252186162077
500,501.18723362727246,0.000005747772203975694
500,630.957344480193,0.000006563659498565411
500,794.3282347242822,0.000008223230314788195
500,1000.0000000000011,0.000011740525256058172
500,1258.9254117941687,0.000017951991712748974
500,1584.893192461114,0.000025979616388292017
500,1995.2623149688807,0.00003460714461168483
500,2511.8864315095825,0.00004720140638580604
500,3162.2776601683827,0.00006895528832485078
500,3981.0717055349774,0.00009822134223564357
500,5011.872336272726,0.0001342975282861852
500,6309.573444801936,0.0001834181199261226
500,7943.282347242822,0.00024727087482158844
500,10000,0.00033168310886165725
500,12589.254117941664,0.0004426209193447346
500,15848.93192461111,0.0005886392043308624
500,19952.623149688785,0.0007806050042963312
500,25118.86431509577,0.0010330759302524277
500,31622.77660168379,0.0013653727934075197
500,39810.71705534969,0.0018031757532428697
500,50118.72336272726,0.0023814629767633802
500,63095.7344480193,0.0031495216211211833
500,79432.82347242821,0.004178431882761516
500,100000,0.005564863205114347
500,125892.54117941688,0.007431372386545634
500,158489.31924611138,0.009934073302116857
500,199526.23149688792,0.013269270820404789
500,251188.64315095768,0.01771401382631326
500,316227.7660168379,0.023793174706494443
500,398107.17055349686,0.03296390520816617
500,501187.2336272725,0.04763443256180372
500,630957.344480193,0.07012182206258642
500,794328.2347242822,0.102192250202251
500,1000000,0.13779826847299337
600,10,4.574681306514661e-9
600,12.589254117941675,6.559918440722215e-9
600,15.848931924611133,9.443484940467179e-9
600,19.952623149688797,1.3661602796798033e-8
600,25.118864315095795,1.9886448516943494e-8
600,31.622776601683793,2.9173333886128226e-8
600,39.810717055349734,4.321529598342669e-8
600,50.11872336272722,6.47953207810881e-8
600,63.09573444801932,9.86092321772267e-8
600,79.43282347242814,1.5278760663498344e-7
600,100,2.4169925717642077e-7
600,125.89254117941675,3.908316344105105e-7
600,158.48931924611145,6.435980654517633e-7
600,199.52623149688787,0.0000010629935500388849
600,251.18864315095794,0.0000016985056396641902
600,316.22776601683796,0.000002481269365677896
600,398.1071705534974,0.0000031796061401285794
600,501.18723362727246,0.000003665863463769118
600,630.9573444801931,0.000004142611784938564
600,794.3282347242821,0.0000050418437795231464
600,1000.0000000000011,0.000006970050730833067
600,1258.9254117941687,0.000010534630990549745
600,1584.8931924611143,0.000015466557807317613
600,1995.2623149688811,0.000020805821609572872
600,2511.886431509582,0.00002801368442331177
600,3162.2776601683827,0.00004078572889822804
600,3981.071705534978,0.000059419982352104746
600,5011.872336272725,0.00008199329935340465
600,6309.573444801936,0.00011244595479270976
600,7943.282347242824,0.0001522289522547897
600,9999.999999999998,0.00020452525264513192
600,12589.254117941662,0.0002731546920976405
600,15848.931924611108,0.00036340187165913784
600,19952.62314968879,0.00048193211356280247
600,25118.864315095772,0.0006374515972457701
600,31622.776601683796,0.0008414823473478165
600,39810.71705534969,0.0011094469389494462
600,50118.72336272726,0.001461749182464243
600,63095.734448019306,0.0019255871935594088
600,79432.82347242821,0.0025384033712045374
600,100000,0.0033537364067777573
600,125892.54117941689,0.004448508927567497
600,158489.31924611138,0.005923931211281604
600,199526.2314968879,0.00790750509951077
600,251188.6431509577,0.0105587176642418
600,316227.7660168379,0.014078892293680569
600,398107.1705534969,0.01876292200975213
600,501187.2336272725,0.02526175893030348
600,630957.344480193,0.03529669114613402
600,794328.2347242823,0.05069655951102832
600,1000000,0.07106675283101907
700,10,3.02861660274325e-9
700,12.589254117941673,4.34022288952562e-9
700,15.848931924611133,6.243175107384014e-9
700,19.952623149688797,9.022889279712082e-9
700,25.118864315095795,1.3117774487053587e-8
700,31.622776601683796,1.9213566315915208e-8
700,39.810717055349734,2.8405651436704447e-8
700,50.11872336272722,4.2485878608558836e-8
700,63.09573444801933,6.446193584052635e-8
700,79.43282347242814,9.951484274457855e-8
700,100,1.567648337226906e-7
700,125.89254117941672,2.5238702282832193e-7
700,158.48931924611142,4.142139904563863e-7
700,199.5262314968879,6.842767590449128e-7
700,251.18864315095794,0.000001102191045058303
700,316.227766016838,0.0000016400371030026419
700,398.1071705534973,0.0000021489851592593252
700,501.1872336272725,0.0000025090983211413465
700,630.957344480193,0.000002821400965649732
700,794.3282347242822,0.0000033612855625290892
700,1000.0000000000009,0.000004521629223442592
700,1258.925411794169,0.0000067395860726172635
700,1584.8931924611143,0.000009983340089314153
700,1995.262314968881,0.000013571487752505215
700,2511.8864315095825,0.000018089727813802657
700,3162.2776601683827,0.000026024645399473123
700,3981.0717055349774,0.00003839718939765726
700,5011.872336272725,0.000053639568450366666
700,6309.573444801937,0.00007396262901612507
700,7943.282347242823,0.0001009159907813491
700,10000,0.00013595401644407785
700,12589.254117941662,0.000181892953513816
700,15848.931924611108,0.00024215208031903466
700,19952.62314968879,0.00032117342863575873
700,25118.86431509577,0.00042480516556620934
700,31622.776601683792,0.0005606071422582091
700,39810.71705534969,0.000738490314902676
700,50118.72336272724,0.0009717381711641551
700,63095.73444801929,0.0012779331518823092
700,79432.82347242821,0.0016804860183790603
700,100000,0.002211088693209034
700,125892.54117941689,0.0029139893905893114
700,158489.31924611138,0.003853905266422552
700,199526.23149688792,0.005119997127397755
700,251188.64315095768,0.006823811824412036
700,316227.7660168379,0.009105314539292057
700,398107.17055349686,0.012133953596667621
700,501187.2336272725,0.0161316761524346
700,630957.344480193,0.021465316963336173
700,794328.2347242822,0.029159768775634143
700,1000000.0000000001,0.04048908773225712
800,10,2.1243288984713648e-9
800,12.589254117941673,3.0427686834850696e-9
800,15.848931924611131,4.3740553123915794e-9
800,19.952623149688794,6.316458195748486e-9
800,25.118864315095795,9.173732193344677e-9
800,31.622776601683793,1.3419531062730998e-8
800,39.810717055349734,1.9807760153041818e-8
800,50.11872336272722,2.9566682219092897e-8
800,63.09573444801933,4.474894094389264e-8
800,79.43282347242815,6.887487665314766e-8
800,100,1.081191549983205e-7
800,125.89254117941675,1.734231202927551e-7
800,158.48931924611142,2.8373732383620787e-7
800,199.52623149688787,4.6847830275947775e-7
800,251.18864315095797,7.587083155397176e-7
800,316.227766016838,0.0000011450455044237635
800,398.1071705534973,0.0000015291113958847327
800,501.18723362727246,0.000001808109997518353
800,630.9573444801931,0.0000020300930836158402
800,794.3282347242822,0.0000023804826435006928
800,1000.000000000001,0.0000031296040034602365
800,1258.9254117941687,0.000004597290887868814
800,1584.893192461114,0.0000068419803958270845
800,1995.262314968881,0.00000939404403877601
800,2511.886431509582,0.000012431556765223963
800,3162.2776601683827,0.000017594026334832614
800,3981.071705534978,0.000025987454884896874
800,5011.872336272724,0.00003665631363169849
800,6309.573444801936,0.000050883300556684894
800,7943.282347242823,0.00007023830135171496
800,10000,0.00009520636441396254
800,12589.254117941662,0.00012788507041141238
800,15848.931924611112,0.0001705331185470018
800,19952.62314968879,0.00022631790469243888
800,25118.86431509577,0.0002993782325786628
800,31622.776601683792,0.0003950614370301325
800,39810.71705534969,0.0005203013241793082
800,50118.72336272726,0.0006841935498145774
800,63095.7344480193,0.0008988524181666592
800,79432.82347242822,0.0011803340232871265
800,100000,0.0015500585399627828
800,125892.54117941689,0.0020367785478626697
800,158489.31924611138,0.00268026491990143
800,199526.23149688792,0.003538277725523816
800,251188.6431509577,0.004692568073751412
800,316227.7660168379,0.006246188268581443
800,398107.1705534969,0.008327162862465565
800,501187.23362727254,0.011087192697506031
800,630957.344480193,0.01470706441930125
800,794328.2347242822,0.019419578196342546
800,1000000,0.025732621394474436
900,10,1.5560586524312675e-9
900,12.589254117941673,2.2278624565248993e-9
900,15.848931924611135,3.2008897341464855e-9
900,19.952623149688794,4.619194892504577e-9
900,25.118864315095795,6.702988165855863e-9
900,31.622776601683796,9.794755822764526e-9
900,39.810717055349734,1.4437975400121106e-8
900,50.11872336272722,2.1515035550946637e-8
900,63.09573444801932,3.24950259566512e-8
900,79.43282347242814,4.9887874997286675e-8
900,100,7.808171884781891e-8
900,125.89254117941675,1.2484286087520682e-7
900,158.48931924611142,2.0368250837559492e-7
900,199.5262314968879,3.359997145388847e-7
900,251.18864315095794,5.462358057396941e-7
900,316.22776601683796,8.336777340644602e-7
900,398.1071705534973,0.0000011315970078875177
900,501.1872336272724,0.0000013545660552397693
900,630.957344480193,0.0000015217916884011132
900,794.3282347242821,0.0000017630811213990166
900,1000.000000000001,0.000002273239970272286
900,1258.9254117941687,0.0000032917361532351824
900,1584.893192461114,0.000004907885208145475
900,1995.262314968881,0.0000068004791772627315
900,2511.8864315095825,0.000008961144723313308
900,3162.2776601683827,0.00001247682688166516
900,3981.0717055349783,0.000018323876844786772
900,5011.872336272725,0.000025976930396488327
900,6309.573444801936,0.0000362384196242257
900,7943.282347242822,0.0000506351782116949
900,9999.999999999998,0.00006921821141500993
900,12589.254117941664,0.00009351519109774391
900,15848.931924611108,0.0001250731266054643
900,19952.62314968879,0.00016623328497943556
900,25118.86431509577,0.00022002729665849258
900,31622.776601683792,0.0002903929774418875
900,39810.71705534969,0.0003824491468585643
900,50118.72336272725,0.000502828321857584
900,63095.73444801929,0.0006601925862725917
900,79432.82347242821,0.0008661565008071181
900,99999.99999999999,0.0011360965946464142
900,125892.5411794169,0.0014904531253860356
900,158489.3192461114,0.0019566484550993905
900,199526.23149688792,0.0025723829249229423
900,251188.64315095768,0.0033922256564175406
900,316227.7660168379,0.004494389638041562
900,398107.1705534969,0.005977252792655907
900,501187.23362727254,0.007960959500644689
900,630957.3444801931,0.010583194169036879
900,794328.2347242822,0.013986783018290162
900,1000000,0.018268988452710352
1000,10,1.1771662267257149e-9
1000,12.589254117941673,1.6847742846001272e-9
1000,15.848931924611135,2.4194924092938505e-9
1000,19.952623149688794,3.4895383352581793e-9
1000,25.118864315095795,5.060026583418442e-9
1000,31.622776601683793,7.387178266230349e-9
1000,39.810717055349734,1.0876517321662196e-8
1000,50.11872336272723,1.618449418004825e-8
1000,63.09573444801933,2.4400477735281693e-8
1000,79.43282347242815,3.7379467792386034e-8
1000,100,5.8355269844213147e-8
1000,125.89254117941672,9.304421566315585e-8
1000,158.48931924611142,1.5142442363580555e-7
1000,199.5262314968879,2.495509050066551e-7
1000,251.18864315095794,4.068779012088882e-7
1000,316.22776601683796,6.268159683007363e-7
1000,398.1071705534974,8.631884185487325e-7
1000,501.18723362727246,0.00000104559455558893
1000,630.957344480193,0.0000011769759504352819
1000,794.3282347242822,0.0000013507534628916932
1000,1000.0000000000011,0.000001712418647597521
1000,1258.9254117941687,0.0000024454813282781493
1000,1584.893192461114,0.000003645994032598692
1000,1995.2623149688807,0.000005095045508822255
1000,2511.8864315095825,0.00000670314851522127
1000,3162.2776601683827,0.000009204487197469017
1000,3981.0717055349774,0.000013422327361574397
1000,5011.872336272726,0.000019087152929345655
1000,6309.573444801936,0.000026697682905638856
1000,7943.282347242822,0.000037677621414202016
1000,10000,0.00005194787726861509
1000,12589.254117941664,0.00007058009979261102
1000,15848.93192461111,0.00009469409683291784
1000,19952.623149688785,0.00012607556105171362
1000,25118.86431509577,0.00016701111313317785
1000,31622.77660168379,0.0002205002945817231
1000,39810.71705534969,0.0002904183542140345
1000,50118.72336272726,0.00038181311058630205
1000,63095.7344480193,0.0005012477453852553
1000,79432.82347242821,0.0006572830732156352
1000,100000,0.0008614374228849784
1000,125892.54117941688,0.001128983439274999
1000,158489.31924611138,0.001480093188592154
1000,199526.23149688792,0.00194184136430714
1000,251188.64315095768,0.0025514831958640067
1000,316227.7660168379,0.0033630743063500996
1000,398107.17055349686,0.004453775919447768
1000,501187.2336272725,0.005919386625174766
1000,630957.344480193,0.007874202189006467
1000,794328.2347242822,0.010438379250253222
1000,1000000,0.013693881465876002
1100,10,9.171807332628609e-10
1100,12.589254117941673,1.3122551079510659e-9
1100,15.848931924611133,1.8837512493999647e-9
1100,19.952623149688797,2.715462275505386e-9
1100,25.118864315095795,3.935019786399112e-9
1100,31.622776601683796,5.740081097225364e-9
1100,39.81071705534974,8.442744740111834e-9
1100,50.11872336272723,1.254686823792077e-8
1100,63.09573444801932,1.888611131897696e-8
1100,79.43282347242814,2.8875667147149445e-8
1100,100,4.497573836253554e-8
1100,125.89254117941674,7.152845190811731e-8
1100,158.48931924611142,1.1612847876119166e-7
1100,199.5262314968879,1.9114031776072375e-7
1100,251.18864315095797,3.122230343078927e-7
1100,316.22776601683796,4.84555994919112e-7
1100,398.1071705534973,6.755939451357384e-7
1100,501.18723362727246,8.275155404827817e-7
1100,630.957344480193,9.342971729491198e-7
1100,794.3282347242821,0.0000010646646047477836
1100,1000.0000000000011,0.0000013304902232420954
1100,1258.9254117941687,0.000001875321832244931
1100,1584.893192461114,0.000002791243367441279
1100,1995.2623149688807,0.000003929437792921394
1100,2511.8864315095825,0.000005171683837967328
1100,3162.277660168382,0.0000070230886804090154
1100,3981.0717055349783,0.000010168958002677514
1100,5011.872336272725,0.000014495447255942207
1100,6309.573444801936,0.000020305272655840386
1100,7943.282347242823,0.000028867567841981694
1100,10000,0.00004011681374540373
1100,12589.25411794166,0.000054786660662124183
1100,15848.93192461111,0.00007374411675165412
1100,19952.623149688792,0.00009836243568181871
1100,25118.864315095765,0.00013037660005784982
1100,31622.776601683792,0.00017212451367149505
1100,39810.71705534969,0.00022668880212558962
1100,50118.72336272726,0.00029800161000754794
1100,63095.734448019306,0.00039117369028840015
1100,79432.82347242821,0.0005128741771605637
1100,100000,0.000671857029306211
1100,125892.54117941688,0.0008798198641312024
1100,158489.3192461114,0.001152282093381228
1100,199526.2314968879,0.0015098156743997967
1100,251188.64315095768,0.001980038459651979
1100,316227.7660168379,0.0026010853737659704
1100,398107.1705534969,0.0034284006563203217
1100,501187.2336272725,0.004540046402511001
1100,630957.344480193,0.0060300610872043026
1100,794328.2347242823,0.008004890482752802
1100,1000000.0000000001,0.010551180880638077
1200,10,7.299055341319548e-10
1200,12.589254117941675,1.0440181500455778e-9
1200,15.848931924611133,1.4981648397400734e-9
1200,19.952623149688797,2.158669023714713e-9
1200,25.118864315095795,3.1264039685779793e-9
1200,31.622776601683793,4.5573141896014645e-9
1200,39.810717055349734,6.697130658171193e-9
1200,50.11872336272722,9.941638623959802e-9
1200,63.09573444801932,1.4943996022827713e-8
1200,79.43282347242814,2.281000972070367e-8
1200,100,3.5457365783988204e-8
1200,125.89254117941675,5.626605335796829e-8
1200,158.48931924611145,9.115764150764455e-8
1200,199.52623149688787,1.4986739280576322e-7
1200,251.18864315095794,2.4517282823470564e-7
1200,316.22776601683796,3.829139449207363e-7
1200,398.1071705534974,5.398215208041964e-7
1200,501.18723362727246,6.682258375532959e-7
1200,630.9573444801931,7.572026618517405e-7
1200,794.3282347242821,8.582049932069812e-7
1200,1000.0000000000011,0.0000010594027912067328
1200,1258.9254117941687,0.0000014753502622572658
1200,1584.8931924611143,0.0000021902876529112526
1200,1995.2623149688811,0.000003102877935631741
1200,2511.886431509582,0.000004090005652264962
1200,3162.2776601683827,0.000005504713252869839
1200,3981.071705534978,0.000007915521831534304
1200,5011.872336272725,0.000011300329102153947
1200,6309.573444801936,0.000015837231970130493
1200,7943.282347242824,0.000022634190756070994
1200,9999.999999999998,0.000031691797556954025
1200,12589.254117941662,0.00004348759757013533
1200,15848.931924611108,0.00005872698807882108
1200,19952.62314968879,0.0000784724131611264
1200,25118.864315095772,0.00010409347334535394
1200,31622.776601683796,0.00013743473140506203
1200,39810.71705534969,0.00018091996969751752
1200,50118.72336272726,0.00023773697173250216
1200,63095.734448019306,0.00031199401954646407
1200,79432.82347242821,0.0004090077643907872
1200,100000,0.0005356398879528055
1200,125892.54117941689,0.0007010230528009287
1200,158489.31924611138,0.0009174294252726584
1200,199526.2314968879,0.001201015321957117
1200,251188.6431509577,0.0015731858938687312
1200,316227.7660168379,0.002062716345690883
1200,398107.1705534969,0.0027097081630719473
1200,501187.2336272725,0.003572745282203354
1200,630957.344480193,0.004731288219015176
1200,794328.2347242823,0.00627629413548094
1200,1000000,0.008296615239467259
1300,10,5.918635779955618e-10
1300,12.589254117941673,8.463603440207056e-10
1300,15.848931924611135,1.2141465139685363e-9
1300,19.952623149688794,1.7487448169694063e-9
1300,25.118864315095795,2.5314530657877877e-9
1300,31.622776601683796,3.6877577784641466e-9
1300,39.810717055349734,5.415035592702856e-9
1300,50.11872336272722,8.030527325182127e-9
1300,63.09573444801933,1.205656064330436e-8
1300,79.43282347242815,1.837530847512413e-8
1300,100,2.8513226241899727e-8
1300,125.89254117941675,4.515711301213598e-8
1300,158.48931924611142,7.301957170309862e-8
1300,199.5262314968879,1.199097961739878e-7
1300,251.18864315095794,1.9637721465041788e-7
1300,316.2277660168379,3.0833447641200217e-7
1300,398.10717055349744,4.389387036032695e-7
1300,501.1872336272724,5.48694111496807e-7
1300,630.957344480193,6.241578622010632e-7
1300,794.3282347242821,7.042923354399391e-7
1300,1000.0000000000009,8.598484238851839e-7
1300,1258.9254117941687,0.0000011836941008455892
1300,1584.8931924611143,0.0000017515195614371338
1300,1995.2623149688807,0.000002495302402630994
1300,2511.886431509582,0.0000032970727398908276
1300,3162.2776601683827,0.000004404472094922651
1300,3981.071705534978,0.000006290816273102999
1300,5011.872336272724,0.00000899170031652556
1300,6309.573444801937,0.000012601801885351018
1300,7943.282347242822,0.000018072172708639632
1300,10000,0.00002549056235992369
1300,12589.254117941664,0.00003513424695130309
1300,15848.931924611106,0.00004758641758837657
1300,19952.62314968879,0.00006368908276193133
1300,25118.864315095772,0.00008455513925094742
1300,31622.776601683792,0.00011169267641209486
1300,39810.71705534969,0.00014706170087169508
1300,50118.72336272725,0.0001932072006937326
1300,63095.7344480193,0.00025348300936669973
1300,79432.82347242821,0.00033223808477822307
1300,100000,0.00043506021183246555
1300,125892.54117941689,0.0005692202897828245
1300,158489.3192461114,0.0007445085255583402
1300,199526.23149688792,0.0009739129889037341
1300,251188.64315095765,0.001274568253497171
1300,316227.7660168379,0.001669207580671686
1300,398107.1705534969,0.0021885356896745958
1300,501187.2336272725,0.0028757620509143123
1300,630957.344480193,0.00379375782627804
1300,794328.2347242822,0.005022281105890772
1300,1000000.0000000001,0.0066431565618253275
1400,10,4.879135796798707e-10
1400,12.589254117941673,6.975496977437299e-10
1400,15.848931924611133,1.0003755752333558e-9
1400,19.952623149688797,1.4403142600705617e-9
1400,25.118864315095795,2.083999657135881e-9
1400,31.622776601683796,3.0341324669614966e-9
1400,39.810717055349734,4.451970755246677e-9
1400,50.11872336272722,6.596188216985808e-9
1400,63.09573444801933,9.89174238444707e-9
1400,79.43282347242814,1.5054681035710293e-8
1400,100,2.332128070638517e-8
1400,125.89254117941672,3.6864375941096534e-8
1400,158.48931924611142,5.949764912957067e-8
1400,199.5262314968879,9.758167242676319e-8
1400,251.18864315095794,1.5991824871658838e-7
1400,316.227766016838,2.522177760128675e-7
1400,398.1071705534973,3.62227983679757e-7
1400,501.1872336272725,4.5709430761471466e-7
1400,630.957344480193,5.22266431579349e-7
1400,794.3282347242822,5.87510094471476e-7
1400,1000.0000000000009,7.10576498872691e-7
1400,1258.925411794169,9.67923492102605e-7
1400,1584.8931924611143,0.000001426755290378449
1400,1995.262314968881,0.0000020419807860998386
1400,2511.8864315095825,0.0000027058594445159736
1400,3162.2776601683827,0.0000035933189155299517
1400,3981.0717055349774,0.000005099466427890983
1400,5011.872336272725,0.0000072937056486738785
1400,6309.573444801937,0.00001021825280774675
1400,7943.282347242823,0.00001467017376502085
1400,10000,0.00002081273597499438
1400,12589.254117941662,0.0000288205321656711
1400,15848.931924611108,0.000039200592871829197
1400,19952.62314968879,0.00005259629585912852
1400,25118.86431509577,0.00006990263620471456
1400,31622.776601683792,0.00009234086394167478
1400,39810.71705534969,0.00012152528964936137
1400,50118.72336272724,0.00015959226543788387
1400,63095.73444801929,0.0002092998216559414
1400,79432.82347242821,0.00027423465928468825
1400,100000,0.00035904544177581726
1400,125892.54117941689,0.00046971173960705343
1400,158489.31924611138,0.0006141328607732505
1400,199526.23149688792,0.0008028969266148116
1400,251188.64315095768,0.0010500041534795444
1400,316227.7660168379,0.0013739208050857583
1400,398107.17055349686,0.0017992252608503836
1400,501187.2336272725,0.0023592828211621004
1400,630957.344480193,0.0031016576263946977
1400,794328.2347242822,0.004093439889371528
1400,1000000.0000000001,0.005409780687435602
1500,10,4.0771858889968175e-10
1500,12.589254117941673,5.82782785673387e-10
1500,15.848931924611133,8.355764385411355e-10
1500,19.952623149688797,1.2026622503683052e-9
1500,25.11886431509579,1.7394496261563043e-9
1500,31.622776601683796,2.5312322330701536e-9
1500,39.810717055349734,3.7117390687254586e-9
1500,50.11872336272722,5.4951218961150095e-9
1500,63.09573444801933,8.232533633037736e-9
1500,79.43282347242814,1.2514485824936464e-8
1500,100,1.9358600346443473e-8
1500,125.89254117941674,3.05511609226207e-8
1500,158.48931924611142,4.922912068266406e-8
1500,199.5262314968879,8.065268470365885e-8
1500,251.18864315095794,1.3224644080254404e-7
1500,316.22776601683796,2.093700275238306e-7
1500,398.1071705534973,3.0300548243492117e-7
1500,501.18723362727246,3.856146584671833e-7
1500,630.957344480193,4.424406483643376e-7
1500,794.3282347242821,4.964161459158356e-7
1500,1000.0000000000011,5.953058230704381e-7
1500,1258.9254117941687,8.028509773662735e-7
1500,1584.8931924611143,0.0000011785619797024864
1500,1995.2623149688807,0.0000016935202322516457
1500,2511.886431509582,0.000002251242988400253
1500,3162.277660168382,0.00000297461521522675
1500,3981.0717055349774,0.000004194728163934639
1500,5011.872336272725,0.000005999989077997626
1500,6309.573444801936,0.000008397265296121578
1500,7943.282347242821,0.000012045473696447609
1500,10000,0.0000171727322085494
1500,12589.254117941664,0.000023893902543563547
1500,15848.931924611106,0.000032640852165304615
1500,19952.623149688792,0.00004391107290876729
1500,25118.86431509577,0.00005845106688069007
1500,31622.776601683792,0.00007728403996524948
1500,39810.71705534969,0.0001017513853535485
1500,50118.72336272725,0.00013360258724318607
1500,63095.7344480193,0.00017514291863604035
1500,79432.82347242821,0.0002293925639713223
1500,99999.99999999999,0.0003002621450682527
1500,125892.54117941688,0.0003927716233561828
1500,158489.3192461114,0.0005134403706527125
1500,199526.2314968879,0.0006709668555331992
1500,251188.6431509577,0.000876956056746763
1500,316227.7660168379,0.001146685341741499
1500,398107.1705534969,0.0015003512451460387
1500,501187.23362727254,0.0019648682480961663
1500,630957.344480193,0.002577089085879292
1500,794328.2347242822,0.003389848129365675
1500,1000000,0.004471100216099949
1600,10,3.442158896783432e-10
1600,12.589254117941673,4.919180682715636e-10
1600,15.848931924611131,7.051247643318354e-10
1600,19.952623149688794,1.0145876293742955e-9
1600,25.118864315095795,1.4668615060785457e-9
1600,31.622776601683793,2.133521815865935e-9
1600,39.810717055349734,3.126627372271613e-9
1600,50.11872336272722,4.625330224558024e-9
1600,63.09573444801933,6.922850433503902e-9
1600,79.43282347242815,1.0511314997525236e-8
1600,100,1.623723155861092e-8
1600,125.89254117941675,2.5584632017264006e-8
1600,158.48931924611142,4.116080998477403e-8
1600,199.52623149688787,6.73595823321427e-8
1600,251.18864315095797,1.1049649687615565e-7
1600,316.227766016838,1.7556002835178828e-7
1600,398.1071705534973,2.5597312411262614e-7
1600,501.18723362727246,3.2856917290308233e-7
1600,630.9573444801931,3.787749027692594e-7
1600,794.3282347242822,4.242397519022073e-7
1600,1000.000000000001,5.049307639644264e-7
1600,1258.9254117941687,6.746302237729393e-7
1600,1584.893192461114,9.860473454148791e-7
1600,1995.262314968881,0.0000014217401013133393
1600,2511.886431509582,0.000001896431125977264
1600,3162.2776601683827,0.0000024956065217815723
1600,3981.071705534978,0.000003497973441176221
1600,5011.872336272724,0.000005001740494127245
1600,6309.573444801936,0.000006991253794479886
1600,7943.282347242823,0.000009998607866825073
1600,10000,0.000014286704580597874
1600,12589.254117941662,0.00001996687654641833
1600,15848.931924611112,0.000027439074888825063
1600,19952.62314968879,0.00003707075734746173
1600,25118.86431509577,0.000049467921297377315
1600,31622.776601683792,0.00006547147736121838
1600,39810.71705534969,0.00008620352186715838
1600,50118.72336272726,0.00011316058601284923
1600,63095.7344480193,0.0001482939640592339
1600,79432.82347242822,0.00019414060829803717
1600,100000,0.00025403264100419
1600,125892.54117941689,0.00033225123881339277
1600,158489.31924611138,0.00043429488739404263
1600,199526.23149688792,0.0005673940197781001
1600,251188.6431509577,0.000741240802971649
1600,316227.7660168379,0.0009686623319082516
1600,398107.1705534969,0.0012665454416972977
1600,501187.23362727254,0.001657196047992106
1600,630957.344480193,0.0021704192604685263
1600,794328.2347242822,0.002847481765286043
1600,1000000,0.003745583114696455
1800,10,2.5399454483571004e-10
1800,12.589254117941673,3.6286350734049883e-10
1800,15.848931924611135,5.199197412565048e-10
1800,19.952623149688794,7.477093613811906e-10
1800,25.118864315095795,1.0803046626082075e-9
1800,31.622776601683796,1.5699796111936815e-9
1800,39.810717055349734,2.2983718892235923e-9
1800,50.11872336272722,3.3956251073734548e-9
1800,63.09573444801932,5.074063066063798e-9
1800,79.43282347242814,7.688815735680538e-9
1800,100,1.1848697038689054e-8
1800,125.89254117941675,1.8618341587419613e-8
1800,158.48931924611142,2.986828898937544e-8
1800,199.5262314968879,4.877282508731725e-8
1800,251.18864315095794,8.001919576346995e-8
1800,316.22776601683796,1.2779839609002443e-7
1800,398.1071705534973,1.885606105975493e-7
1800,501.1872336272724,2.4560074176557195e-7
1800,630.957344480193,2.8564322516576234e-7
1800,794.3282347242821,3.1926536081144166e-7
1800,1000.000000000001,3.75293798390948e-7
1800,1258.9254117941687,4.931670853733394e-7
1800,1584.893192461114,7.143260837549818e-7
1800,1995.262314968881,0.00000103498178821514
1800,2511.8864315095825,0.0000013899331250189469
1800,3162.2776601683827,0.0000018182480653989428
1800,3981.0717055349783,0.000002519785889449522
1800,5011.872336272725,0.0000035961183800874184
1800,6309.573444801936,0.000005013091373028023
1800,7943.282347242822,0.00000710896314363998
1800,9999.999999999998,0.000010158186157214017
1800,12589.254117941664,0.000014289150254624833
1800,15848.931924611108,0.000019861937416085357
1800,19952.62314968879,0.000027082093363887845
1800,25118.86431509577,0.00003636747508287465
1800,31622.776601683792,0.00004831427000088291
1800,39810.71705534969,0.00006373066050368364
1800,50118.72336272725,0.00008369748737131786
1800,63095.73444801929,0.00010965341139303887
1800,79432.82347242821,0.00014346698218951678
1800,99999.99999999999,0.00018757486206120124
1800,125892.5411794169,0.00024516623263831037
1800,158489.3192461114,0.0003203688449243688
1800,199526.23149688792,0.0004184585682705007
1800,251188.64315095768,0.0005463601085710784
1800,316227.7660168379,0.0007133484306566674
1800,398107.1705534969,0.0009316900776819876
1800,501187.23362727254,0.0012175025448936752
1800,630957.3444801931,0.0015919163991291187
1800,794328.2347242822,0.0020827138854082865
1800,1000000,0.002726976079824168
2000,10,1.9319263347780963e-10
2000,12.589254117941673,2.7592263813635256e-10
2000,15.848931924611135,3.9520866265882934e-10
2000,19.952623149688794,5.681056101532867e-10
2000,25.118864315095795,8.203483764112341e-10
2000,31.622776601683793,1.1913484692793167e-9
2000,39.810717055349734,1.742525398776319e-9
2000,50.11872336272723,2.5715521068343814e-9
2000,63.09573444801933,3.837340348396283e-9
2000,79.43282347242815,5.804903097391678e-9
2000,100,8.927263718621049e-9
2000,125.89254117941672,1.3994916103234981e-8
2000,158.48931924611142,2.239673844649646e-8
2000,199.5262314968879,3.6503206413532336e-8
2000,251.18864315095794,5.989196811638465e-8
2000,316.22776601683796,9.606825399207356e-8
2000,398.1071705534974,1.4321315246940766e-7
2000,501.18723362727246,1.8903934685493697e-7
2000,630.957344480193,2.2180824499374854e-7
2000,794.3282347242822,2.4771946014782286e-7
2000,1000.0000000000011,2.882032543694901e-7
2000,1258.9254117941687,3.731491740008594e-7
2000,1584.893192461114,5.355757447912693e-7
2000,1995.2623149688807,7.786700748458615e-7
2000,2511.8864315095825,0.0000010529428972710435
2000,3162.2776601683827,0.0000013721509375869025
2000,3981.0717055349774,0.000001882110999123456
2000,5011.872336272726,0.000002679181706680849
2000,6309.573444801936,0.0000037292099117524264
2000,7943.282347242822,0.000005247033421779872
2000,10000,0.00000748267419747298
2000,12589.254117941664,0.00001056500386633197
2000,15848.93192461111,0.00001482715555976709
2000,19952.623149688785,0.000020394369630413613
2000,25118.86431509577,0.000027561396864712947
2000,31622.77660168379,0.000036763452723600735
2000,39810.71705534969,0.000048607795809139904
2000,50118.72336272726,0.0000639036608750136
2000,63095.7344480193,0.00008372690941997016
2000,79432.82347242821,0.00010949878434627958
2000,100000,0.0001430691351081968
2000,125892.54117941688,0.0001868594472892182
2000,158489.31924611138,0.0002440254853900228
2000,199526.23149688792,0.0003186536755175525
2000,251188.64315095768,0.00041597864187185103
2000,316227.7660168379,0.0005428512683566455
2000,398107.17055349686,0.0007084537252712772
2000,501187.2336272725,0.0009249178306609767
2000,630957.344480193,0.0012080705119707682
2000,794328.2347242822,0.0015784435911292923
2000,1000000,0.002062368811552343
2250,10,1.4305796082021671e-10
2250,12.589254117941675,2.0426048151442115e-10
2250,15.848931924611133,2.924600963351865e-10
2250,19.952623149688794,4.2021499734240805e-10
2250,25.118864315095795,6.064453721730292e-10
2250,31.622776601683796,8.800725774418174e-10
2250,39.810717055349734,1.2860692601546965e-9
2250,50.11872336272722,1.8957716471112314e-9
2250,63.09573444801932,2.8249084943742e-9
2250,79.43282347242814,4.265876263624117e-9
2250,100,6.546540649934367e-9
2250,125.89254117941674,1.02375509473737e-8
2250,158.48931924611142,1.6340895008783583e-8
2250,199.5262314968879,2.6574567565551457e-8
2250,251.18864315095794,4.3581447034556574e-8
2250,316.22776601683796,7.015763502078918e-8
2250,398.1071705534973,1.0560501542437339e-7
2250,501.18723362727246,1.4128931342683548e-7
2250,630.957344480193,1.6740631397247096e-7
2250,794.3282347242821,1.8698184879312706e-7
2250,1000.0000000000009,2.1534126746257407e-7
2250,1258.925411794169,2.7441517254751437e-7
2250,1584.8931924611143,3.894823984803226e-7
2250,1995.2623149688807,5.675392753392976e-7
2250,2511.8864315095825,7.736426383918234e-7
2250,3162.2776601683827,0.0000010058038835972044
2250,3981.0717055349774,0.000001364362308480197
2250,5011.872336272725,0.0000019344032624009518
2250,6309.573444801936,0.0000026906898393553426
2250,7943.282347242823,0.0000037568639827696666
2250,10000,0.000005340821185369358
2250,12589.254117941662,0.00000755886104443893
2250,15848.93192461111,0.00001070711756600573
2250,19952.62314968879,0.000014870880407679233
2250,25118.864315095772,0.000020243712131678143
2250,31622.776601683792,0.000027126630217513203
2250,39810.71705534969,0.000035960592765972105
2250,50118.72336272726,0.000047337399236391773
2250,63095.7344480193,0.0000620375140289742
2250,79432.82347242821,0.00008110146816829133
2250,99999.99999999999,0.00010589185420139657
2250,125892.54117941689,0.00013818632361328918
2250,158489.3192461114,0.00018030976761276038
2250,199526.23149688792,0.00023529086919510807
2250,251188.6431509577,0.00030706276598930094
2250,316227.7660168379,0.00040064707661205574
2250,398107.1705534969,0.0005226005333145631
2250,501187.2336272725,0.0006817078300045168
2250,630957.344480193,0.0008895181631608123
2250,794328.2347242822,0.00116099560106363
2250,1000000,0.001515150337664526
2500,10,1.0904818009431755e-10
2500,12.589254117941673,1.5566111721540791e-10
2500,15.848931924611133,2.2280404098422034e-10
2500,19.952623149688797,3.2000181654655824e-10
2500,25.118864315095795,4.6158479991514006e-10
2500,31.6227766016838,6.694221671621686e-10
2500,39.810717055349734,9.774541730600686e-10
2500,50.11872336272722,1.4393957346751316e-9
2500,63.09573444801933,2.1421664259011715e-9
2500,79.43282347242815,3.229869730085595e-9
2500,100,4.947399837402576e-9
2500,125.89254117941672,7.72004286910437e-9
2500,158.48931924611142,1.2294138309948202e-8
2500,199.52623149688787,1.995443720162262e-8
2500,251.18864315095794,3.270978180858671e-8
2500,316.22776601683796,5.2820739644053836e-8
2500,398.1071705534973,8.020198399408669e-8
2500,501.1872336272724,1.0866531402831189e-7
2500,630.957344480193,1.300267977658506e-7
2500,794.3282347242821,1.4541533391219493e-7
2500,1000.000000000001,1.66096677386568e-7
2500,1258.9254117941687,2.087040383359394e-7
2500,1584.8931924611143,2.930089838976646e-7
2500,1995.2623149688807,4.273698467386699e-7
2500,2511.8864315095825,5.870638137112281e-7
2500,3162.2776601683827,7.628275765610632e-7
2500,3981.0717055349774,0.0000010249184777630743
2500,5011.872336272725,0.0000014467863470784272
2500,6309.573444801937,0.000002012895542186381
2500,7943.282347242822,0.0000027943348025966444
2500,10000,0.00000395911251433343
2500,12589.254117941664,0.0000056051985278047325
2500,15848.93192461111,0.000007987885047515591
2500,19952.62314968879,0.000011191897549648023
2500,25118.86431509577,0.000015350056074905038
2500,31622.776601683792,0.00002066916738201112
2500,39810.71705534969,0.000027470986794850287
2500,50118.72336272726,0.00003620465383833873
2500,63095.734448019306,0.00004746888145307278
2500,79432.82347242822,0.00006204634791392076
2500,100000,0.00008096877225738639
2500,125892.54117941688,0.00010558066343735451
2500,158489.3192461114,0.00013764038709880355
2500,199526.2314968879,0.00017945431878155628
2500,251188.6431509577,0.00023403139413833335
2500,316227.7660168379,0.0003052637138930261
2500,398107.1705534969,0.00039813301908257434
2500,501187.2336272724,0.0005191218740705382
2500,630957.344480193,0.0006768921638715357
2500,794328.2347242823,0.0008827620061579527
2500,1000000,0.0011511622848403296
2750,10,8.571365968073049e-11
2750,12.589254117941675,1.223267814827282e-10
2750,15.848931924611135,1.7504543019421561e-10
2750,19.952623149688797,2.5132568317302485e-10
2750,25.1188643150958,3.6237262301183756e-10
2750,31.622776601683796,5.252627494376463e-10
2750,39.810717055349734,7.664555217333718e-10
2750,50.118723362727216,1.1277479296927949e-9
2750,63.09573444801933,1.6766301194432085e-9
2750,79.43282347242814,2.5247325867334828e-9
2750,100,3.861312929582833e-9
2750,125.89254117941672,6.014364856577568e-9
2750,158.48931924611142,9.558997740772803e-9
2750,199.5262314968879,1.548762989237553e-8
2750,251.18864315095794,2.5369882648601844e-8
2750,316.22776601683796,4.1049957100657296e-8
2750,398.1071705534974,6.273303531621356e-8
2750,501.1872336272725,8.58547633797201e-8
2750,630.957344480193,1.0360082266175989e-7
2750,794.3282347242822,1.1605248944087823e-7
2750,1000.0000000000011,1.3171304303659977e-7
2750,1258.9254117941687,1.6354647782227008e-7
2750,1584.8931924611143,2.272906234220518e-7
2750,1995.2623149688807,3.3138247835906323e-7
2750,2511.886431509582,4.5824013218347465e-7
2750,3162.277660168382,5.959255943839601e-7
2750,3981.0717055349783,7.944651821407044e-7
2750,5011.872336272724,0.000001116165943973543
2750,6309.573444801937,0.0000015531649126453688
2750,7943.282347242823,0.0000021462230932764086
2750,10000,0.0000030288561953871546
2750,12589.254117941664,0.000004278862709232896
2750,15848.93192461111,0.0000061040614548137
2750,19952.62314968879,0.000008607546921166937
2750,25118.864315095772,0.000011901048160538434
2750,31622.77660168379,0.000016128131210459136
2750,39810.71705534969,0.00002152381950961092
2750,50118.72336272725,0.000028425534253409897
2750,63095.7344480193,0.00003729643929010337
2750,79432.82347242821,0.00004875149360722793
2750,99999.99999999999,0.00006359308303725979
2750,125892.54117941689,0.00008287203720839926
2750,158489.3192461114,0.00010796184100422167
2750,199526.23149688792,0.0001406546450121866
2750,251188.64315095768,0.0001832912990542793
2750,316227.7660168379,0.00023894259231242777
2750,398107.1705534969,0.00031156806496204434
2750,501187.2336272725,0.00040620785393691197
2750,630957.3444801931,0.0005294528347340588
2750,794328.2347242822,0.0006900636922039803
2750,1000000.0000000001,0.0008993208252025637
3000,10,6.873399157510009e-11
3000,12.589254117941673,9.807613199624942e-11
3000,15.848931924611133,1.403111144103841e-10
3000,19.952623149688797,2.013963344463144e-10
3000,25.11886431509579,2.9027563889105476e-10
3000,31.622776601683796,4.2056299115175514e-10
3000,39.810717055349734,6.133226837533648e-10
3000,50.11872336272722,9.017739401782259e-10
3000,63.09573444801933,1.3394551508606512e-9
3000,79.43282347242814,2.0147378207921167e-9
3000,100,3.0771324680997185e-9
3000,125.89254117941674,4.785282133296316e-9
3000,158.48931924611142,7.592356645855137e-9
3000,199.5262314968879,1.2282019721208123e-8
3000,251.18864315095794,2.010601962914964e-8
3000,316.22776601683796,3.258897808568713e-8
3000,398.1071705534973,5.00893274949785e-8
3000,501.18723362727246,6.918448607605312e-8
3000,630.957344480193,8.41632661428798e-8
3000,794.3282347242821,9.4477631354144e-8
3000,1000.0000000000011,1.066641193306606e-7
3000,1258.9254117941687,1.3105191614092777e-7
3000,1584.8931924611143,1.803811097382441e-7
3000,1995.2623149688807,2.626748651708888e-7
3000,2511.886431509582,3.653767588530199e-7
3000,3162.277660168382,4.7588348698551753e-7
3000,3981.0717055349774,6.301974212396948e-7
3000,5011.872336272725,8.810896281373866e-7
3000,6309.573444801936,0.0000012263337747920911
3000,7943.282347242821,0.0000016884358026486164
3000,10000,0.0000023736957230654186
3000,12589.254117941664,0.0000033427555897079973
3000,15848.931924611106,0.000004753246853029384
3000,19952.623149688792,0.00000671958206375924
3000,25118.86431509577,0.000009360950802112236
3000,31622.776601683792,0.000012784288884289328
3000,39810.71705534969,0.000017160388900009633
3000,50118.72336272725,0.000022747828391606007
3000,63095.7344480193,0.000029904423761456566
3000,79432.82347242821,0.000039115488008758804
3000,99999.99999999999,0.00005102340194661193
3000,125892.54117941688,0.00006646722797994388
3000,158489.3192461114,0.00008654019077021773
3000,199526.2314968879,0.00011266412885200337
3000,251188.6431509577,0.00014670557787931494
3000,316227.7660168379,0.00019111115447605228
3000,398107.1705534969,0.00024907430405282877
3000,501187.23362727254,0.00032468701887327766
3000,630957.344480193,0.00042315613902708726
3000,794328.2347242822,0.0005513194901884231
3000,1000000,0.0007181548037352014
3500,10,4.657965445426634e-11
3500,12.589254117941675,6.644348842085241e-11
3500,15.848931924611135,9.501896788935238e-11
3500,19.952623149688797,1.363184102254606e-10
3500,25.1188643150958,1.9635517209707436e-10
3500,31.622776601683796,2.8426368534685424e-10
3500,39.810717055349734,4.141427391069595e-10
3500,50.118723362727216,6.081633416758925e-10
3500,63.09573444801933,9.019418131487281e-10
3500,79.43282347242814,1.3540574152466085e-9
3500,100,2.063253196561314e-9
3500,125.89254117941672,3.199792444322949e-9
3500,158.48931924611142,5.06150840684329e-9
3500,199.52623149688787,8.164922013842317e-9
3500,251.18864315095794,1.3347479264349857e-8
3500,316.22776601683796,2.1685719211013155e-8
3500,398.1071705534974,3.363486696846974e-8
3500,501.1872336272724,4.718284339683297e-8
3500,630.957344480193,5.8244751079000215e-8
3500,794.3282347242822,6.57077539246787e-8
3500,1000.0000000000011,7.360411724999462e-8
3500,1258.9254117941687,8.883838662603166e-8
3500,1584.893192461114,1.2011741429690393e-7
3500,1995.262314968881,1.7418308544507162e-7
3500,2511.8864315095825,2.446657045341991e-7
3500,3162.2776601683827,3.201683061710089e-7
3500,3981.071705534978,4.196906728814202e-7
3500,5011.872336272725,5.812180024286704e-7
3500,6309.573444801936,8.092411197227823e-7
3500,7943.282347242824,0.0000011086753621756453
3500,9999.999999999998,0.000001547452117318227
3500,12589.254117941664,0.0000021670196439446823
3500,15848.931924611108,0.00000305840376053073
3500,19952.623149688792,0.000004328712920877895
3500,25118.86431509577,0.000006100138004639589
3500,31622.776601683796,0.00000845131266779299
3500,39810.71705534969,0.000011472272265343471
3500,50118.72336272725,0.000015319331352771004
3500,63095.7344480193,0.00002022352902860542
3500,79432.82347242821,0.000026505447472283885
3500,100000,0.000034592944421966965
3500,125892.54117941688,0.0000450464839971039
3500,158489.3192461114,0.00005859680167698629
3500,199526.2314968879,0.00007619648506166481
3500,251188.64315095768,0.00009909139621922861
3500,316227.7660168379,0.0001289092899455841
3500,398107.17055349686,0.00016778778746254807
3500,501187.2336272725,0.00021851854699134755
3500,630957.344480193,0.0002847088023412014
3500,794328.2347242823,0.00037090957697171644
3500,1000000,0.000482938796726098
4000,10,3.319740458027783e-11
4000,12.589254117941673,4.734162150907408e-11
4000,15.848931924611135,6.767891956382128e-11
4000,19.952623149688794,9.705361333589328e-11
4000,25.118864315095795,1.3972220486746228e-10
4000,31.622776601683793,2.0213887695284365e-10
4000,39.810717055349734,2.942444184976815e-10
4000,50.11872336272723,4.316325528201668e-10
4000,63.09573444801933,6.392829907364986e-10
4000,79.43282347242815,9.58153138885496e-10
4000,100,1.4570607478644037e-9
4000,125.89254117941672,2.2543272389413235e-9
4000,158.48931924611142,3.556603538961337e-9
4000,199.5262314968879,5.723026091279851e-9
4000,251.18864315095794,9.342748032107681e-9
4000,316.22776601683796,1.520525395747827e-8
4000,398.1071705534974,2.3759972130713254e-8
4000,501.18723362727246,3.378418681032442e-8
4000,630.957344480193,4.228501361422545e-8
4000,794.3282347242822,4.799205967770375e-8
4000,1000.0000000000011,5.348633559089977e-8
4000,1258.9254117941687,6.363760378660112e-8
4000,1584.893192461114,8.468547669471342e-8
4000,1995.2623149688807,1.2211647955019994e-7
4000,2511.8864315095825,1.7281753114302638e-7
4000,3162.2776601683827,2.2744228368277259e-7
4000,3981.0717055349774,2.9602501366500223e-7
4000,5011.872336272726,4.062745718739271e-7
4000,6309.573444801936,5.655639123546675e-7
4000,7943.282347242822,7.726130173965833e-7
4000,10000,0.000001071829869860069
4000,12589.254117941664,0.0000014952771900366174
4000,15848.93192461111,0.0000020975806713914824
4000,19952.623149688785,0.000002964990881693933
4000,25118.86431509577,0.000004205439731256553
4000,31622.77660168379,0.000005893593372007482
4000,39810.71705534969,0.000008083414893372524
4000,50118.72336272726,0.000010872230402896347
4000,63095.7344480193,0.000014415323679354415
4000,79432.82347242821,0.000018933934323980753
4000,100000,0.00002472837228031065
4000,125892.54117941688,0.000032195185970326486
4000,158489.31924611138,0.000041854546889498554
4000,199526.23149688792,0.00005437922690444813
4000,251188.64315095768,0.00007064640380419254
4000,316227.7660168379,0.00009180165212072359
4000,398107.17055349686,0.00011934606161814598
4000,501187.2336272725,0.00015524677089782723
4000,630957.344480193,0.00020207650757082379
4000,794328.2347242822,0.0002631594684385626
4000,1000000,0.0003426680799585925
4500,10,2.4752725415112045e-11
4500,12.589254117941675,3.529138949919326e-11
4500,15.848931924611133,5.0438426827729374e-11
4500,19.952623149688794,7.230557066157814e-11
4500,25.118864315095795,1.0404924852129653e-10
4500,31.622776601683796,1.5044871764377118e-10
4500,39.810717055349734,2.1885246393592837e-10
4500,50.11872336272722,3.207647071060462e-10
4500,63.09573444801932,4.745718551064218e-10
4500,79.43282347242814,7.103439011798424e-10
4500,100,1.0784699797477538e-9
4500,125.89254117941674,1.6653700046227288e-9
4500,158.48931924611142,2.6217363237117143e-9
4500,199.5262314968879,4.209711721201639e-9
4500,251.18864315095794,6.86272614811004e-9
4500,316.22776601683796,1.1178422129825247e-8
4500,398.1071705534973,1.755896834245043e-8
4500,501.18723362727246,2.5225525452963125e-8
4500,630.957344480193,3.193290678254196e-8
4500,794.3282347242821,3.645254802281242e-8
4500,1000.0000000000009,4.0500998251810493e-8
4500,1258.925411794169,4.766283060590062e-8
4500,1584.8931924611143,6.258581117176172e-8
4500,1995.2623149688807,8.968687737012247e-8
4500,2511.8864315095825,1.2752679429153476e-7
4500,3162.2776601683827,1.6868450223655992e-7
4500,3981.0717055349774,2.1839452802146696e-7
4500,5011.872336272725,2.972066105075057e-7
4500,6309.573444801936,4.1335033765777507e-7
4500,7943.282347242823,5.637645592369273e-7
4500,10000,7.780131365741456e-7
4500,12589.254117941662,0.0000010822019164221931
4500,15848.93192461111,0.0000015103223287450492
4500,19952.62314968879,0.000002126298910550149
4500,25118.864315095772,0.000003012465242314456
4500,31622.776601683792,0.000004248122987117151
4500,39810.71705534969,0.000005888572202713521
4500,50118.72336272726,0.000007994970895316314
4500,63095.7344480193,0.0000106694444932714
4500,79432.82347242821,0.000014066969854123576
4500,99999.99999999999,0.00001840423395873604
4500,125892.54117941689,0.0000239721049006252
4500,158489.3192461114,0.00003115557869436946
4500,199526.23149688792,0.0000404545631267988
4500,251188.6431509577,0.00005251376085382346
4500,316227.7660168379,0.00006817699521340308
4500,398107.1705534969,0.00008854485891196613
4500,501187.2336272725,0.0001150583414350579
4500,630957.344480193,0.00014960806705409694
4500,794328.2347242822,0.0001946587155620435
4500,1000000,0.00025338313708676895
5000,10,1.8972080907543227e-11
5000,12.589254117941673,2.7044241631136122e-11
5000,15.848931924611133,3.864198209232571e-11
5000,19.952623149688797,5.537750268615825e-11
5000,25.118864315095795,7.965792744183408e-11
5000,31.6227766016838,1.1512315328788175e-10
5000,39.810717055349734,1.6736102482616703e-10
5000,50.11872336272722,2.451033689212405e-10
5000,63.09573444801933,3.6227630761073643e-10
5000,79.43282347242815,5.416021758912024e-10
5000,100,8.210645319156938e-10
5000,125.89254117941672,1.2656597647361832e-9
5000,158.48931924611142,1.988561470292296e-9
5000,199.52623149688787,3.1868277461871953e-9
5000,251.18864315095794,5.188598941442867e-9
5000,316.22776601683796,8.457848753351173e-9
5000,398.1071705534973,1.3349319301753969e-8
5000,501.1872336272724,1.936507606784191e-8
5000,630.957344480193,2.4789499109823243e-8
5000,794.3282347242821,2.8477459468102318e-8
5000,1000.000000000001,3.157924874827666e-8
5000,1258.9254117941687,3.681254439826725e-8
5000,1584.8931924611143,4.774577829829781e-8
5000,1995.2623149688807,6.797614285125883e-8
5000,2511.8864315095825,9.703149731759538e-8
5000,3162.2776601683827,1.2906093995538533e-7
5000,3981.0717055349774,1.6651455861705222e-7
5000,5011.872336272725,2.2487599254827694e-7
5000,6309.573444801937,3.1235368046403855e-7
5000,7943.282347242822,4.2568196775286705e-7
5000,10000,5.847833735889609e-7
5000,12589.254117941664,8.114488454459728e-7
5000,15848.93192461111,0.0000011277320977383649
5000,19952.62314968879,0.0000015806270018373238
5000,25118.86431509577,0.0000022292769753363797
5000,31622.776601683792,0.0000031485813814262176
5000,39810.71705534969,0.000004402820379187958
5000,50118.72336272726,0.000006037265341305453
5000,63095.734448019306,0.000008118954737913346
5000,79432.82347242822,0.000010758953270727791
5000,100000,0.000014117021553901818
5000,125892.54117941688,0.000018412105276067065
5000,158489.3192461114,0.000023934045518350246
5000,199526.2314968879,0.00003106420774131031
5000,251188.6431509577,0.000040298878237987453
5000,316227.7660168379,0.00005227789720453967
5000,398107.1705534969,0.00006783608141922437
5000,501187.2336272724,0.00008806786800946858
5000,630957.344480193,0.00011440376406504846
5000,794328.2347242823,0.00014871099885773988
5000,1000000,0.00019341950258940587
6000,10,1.2039736615393995e-11
6000,12.589254117941673,1.7156743836502013e-11
6000,15.848931924611133,2.4504206026189657e-11
6000,19.952623149688797,3.5098565661157656e-11
6000,25.11886431509579,5.045466852499218e-11
6000,31.622776601683796,7.285812807674544e-11
6000,39.810717055349734,1.0580854701556515e-10
6000,50.11872336272722,1.5475774813357892e-10
6000,63.09573444801933,2.2836990286884724e-10
6000,79.43282347242814,3.407258985569943e-10
6000,100,5.152651658448798e-10
6000,125.89254117941674,7.919354614990822e-10
6000,158.48931924611142,1.2400953625567256e-9
6000,199.5262314968879,1.980576794983556e-9
6000,251.18864315095794,3.2165200825020935e-9
6000,316.22776601683796,5.245490209453736e-9
6000,398.1071705534973,8.33480657440502e-9
6000,501.18723362727246,1.2273827133472248e-8
6000,630.957344480193,1.6009208422665743e-8
6000,794.3282347242821,1.8616709496785532e-8
6000,1000.0000000000011,2.0627973543688597e-8
6000,1258.9254117941687,2.372473205588861e-8
6000,1584.8931924611143,3.017316505983549e-8
6000,1995.2623149688807,4.2421838482602775e-8
6000,2511.886431509582,6.078065885586914e-8
6000,3162.277660168382,8.15703267558998e-8
6000,3981.0717055349774,1.0479318917097565e-7
6000,5011.872336272725,1.396692187553271e-7
6000,6309.573444801936,1.9330675326588698e-7
6000,7943.282347242821,2.634246357921941e-7
6000,10000,3.592653370645937e-7
6000,12589.254117941664,4.962512976573782e-7
6000,15848.931924611106,6.853659952093845e-7
6000,19952.623149688792,9.542311624651535e-7
6000,25118.86431509577,0.0000013357727331096445
6000,31622.776601683792,0.0000018841456972624643
6000,39810.71705534969,0.00000266279961772898
6000,50118.72336272725,0.0000037111898589211547
6000,63095.7344480193,0.000005060706387054931
6000,79432.82347242821,0.000006769800884371151
6000,99999.99999999999,0.000008933070258053768
6000,125892.54117941688,0.000011683130808711966
6000,158489.3192461114,0.000015199868076132784
6000,199526.2314968879,0.000019721593613044753
6000,251188.6431509577,0.00002555884167505848
6000,316227.7660168379,0.000033115306788362445
6000,398107.1705534969,0.000042912815104283066
6000,501187.23362727254,0.000055629113352669955
6000,630957.344480193,0.0000721508519872239
6000,794328.2347242822,0.00009363531569257506
6000,1000000,0.00012159161129668379
7000,10,8.216489346358959e-12
7000,12.589254117941675,1.170562876733617e-11
7000,15.848931924611135,1.6713318041476903e-11
7000,19.952623149688797,2.392973016686192e-11
7000,25.1188643150958,3.438200256986113e-11
7000,31.622776601683796,4.961724532262639e-11
7000,39.810717055349734,7.199948444564098e-11
7000,50.118723362727216,1.0520267812599272e-10
7000,63.09573444801933,1.5504944227641856e-10
7000,79.43282347242814,2.3097330588783554e-10
7000,100,3.4862560016365743e-10
7000,125.89254117941672,5.345949798718913e-10
7000,158.48931924611142,8.34933519089824e-10
7000,199.52623149688787,1.32986934435779e-9
7000,251.18864315095794,2.155144587159341e-9
7000,316.22776601683796,3.5144729855108892e-9
7000,398.1071705534974,5.61009351198291e-9
7000,501.1872336272724,8.354805069420668e-9
7000,630.957344480193,1.1062787198662834e-8
7000,794.3282347242822,1.3004791376285333e-8
7000,1000.0000000000011,1.4419652900320646e-8
7000,1258.9254117941687,1.6421349692821233e-8
7000,1584.893192461114,2.0554918925737553e-8
7000,1995.262314968881,2.8563485313970895e-8
7000,2511.8864315095825,4.0989181577864226e-8
7000,3162.2776601683827,5.5470260855216903e-8
7000,3981.071705534978,7.120647406712594e-8
7000,5011.872336272725,9.395386322328686e-8
7000,6309.573444801936,1.2944063791261887e-7
7000,7943.282347242824,1.7636483333374838e-7
7000,9999.999999999998,2.390866838575497e-7
7000,12589.254117941664,3.287913356278373e-7
7000,15848.931924611108,4.520087746797353e-7
7000,19952.623149688792,6.259743940898539e-7
7000,25118.86431509577,8.707679193355275e-7
7000,31622.776601683796,0.0000012204074566330052
7000,39810.71705534969,0.0000017210082722116814
7000,50118.72336272725,0.0000024193802033041818
7000,63095.7344480193,0.000003347827616289786
7000,79432.82347242821,0.0000045358184662420275
7000,100000,0.00000603818004827063
7000,125892.54117941688,0.000007939263131456467
7000,158489.3192461114,0.000010356395979101417
7000,199526.2314968879,0.00001344795034894633
7000,251188.64315095768,0.000017423471866489437
7000,316227.7660168379,0.000022555868957653808
7000,398107.17055349686,0.000029197727031206483
7000,501187.2336272725,0.000037807492245815485
7000,630957.344480193,0.00004897708382663009
7000,794328.2347242823,0.00006347955631670063
7000,1000000,0.00008232273474319615
8000,10,5.893387381853682e-12
8000,12.589254117941673,8.394227907771272e-12
8000,15.848931924611135,1.1982073108967195e-11
8000,19.952623149688794,1.7149841310328015e-11
8000,25.118864315095795,2.4630227718463833e-11
8000,31.622776601683793,3.5525243594506816e-11
8000,39.810717055349734,5.1515878970978936e-11
8000,50.11872336272723,7.520925982473564e-11
8000,63.09573444801933,1.1072753833287137e-10
8000,79.43282347242815,1.6473161193541884e-10
8000,100,2.4824145962579094e-10
8000,125.89254117941672,3.7992619982587226e-10
8000,158.48931924611142,5.920523182753977e-10
8000,199.5262314968879,9.40822048947455e-10
8000,251.18864315095794,1.5218000552451193e-9
8000,316.22776601683796,2.481153290137233e-9
8000,398.1071705534974,3.975014630775249e-9
8000,501.18723362727246,5.975576309937497e-9
8000,630.957344480193,8.017885762224611e-9
8000,794.3282347242822,9.52278845296392e-9
8000,1000.0000000000011,1.0576135653465008e-8
8000,1258.9254117941687,1.1950285182756617e-8
8000,1584.893192461114,1.4752974006524304e-8
8000,1995.2623149688807,2.027216427502303e-8
8000,2511.8864315095825,2.9095297022476028e-8
8000,3162.2776601683827,3.9679149458071486e-8
8000,3981.0717055349774,5.099033960955326e-8
8000,5011.872336272726,6.673830344406263e-8
8000,6309.573444801936,9.151865686881073e-8
8000,7943.282347242822,1.2477261481004596e-7
8000,10000,1.6844912688662383e-7
8000,12589.254117941664,2.3075005068583812e-7
8000,15848.93192461111,3.161777948614795e-7
8000,19952.623149688785,4.3597732361054457e-7
8000,25118.86431509577,6.036480662304786e-7
8000,31622.77660168379,8.413705219179827e-7
8000,39810.71705534969,0.0000011810877190657662
8000,50118.72336272726,0.0000016656363892758348
8000,63095.7344480193,0.000002331022783076129
8000,79432.82347242821,0.0000031961918276746305
8000,100000,0.000004292787219824611
8000,125892.54117941688,0.0000056763546363246675
8000,158489.31924611138,0.000007427608076411901
8000,199526.23149688792,0.000009657570550276682
8000,251188.64315095768,0.00001251458341445556
8000,316227.7660168379,0.000016193123029723862
8000,398107.17055349686,0.000020944001673154943
8000,501187.2336272725,0.000027092627304923
8000,630957.344480193,0.00003506119436433296
8000,794328.2347242822,0.0000453959442091986
8000,1000000,0.000058807014673327137
10000,10,3.3948061223901865e-12
10000,12.589254117941673,4.833713011555865e-12
10000,15.848931924611133,6.896731532861241e-12
10000,19.952623149688797,9.865833557561353e-12
10000,25.118864315095795,1.4159335926918831e-11
10000,31.6227766016838,2.0404925034946528e-11
10000,39.810717055349734,2.9557364729009185e-11
10000,50.11872336272722,4.3092519994691966e-11
10000,63.09573444801933,6.333490932278946e-11
10000,79.43282347242815,9.40243521883765e-11
10000,100,1.4131903821040813e-10
10000,125.89254117941672,2.156027073751236e-10
10000,158.48931924611142,3.3475289348590977e-10
10000,199.52623149688787,5.298751319605809e-10
10000,251.18864315095794,8.541931835353636e-10
10000,316.22776601683796,1.3912653506342135e-9
10000,398.1071705534973,2.2393917975678357e-9
10000,501.1872336272724,3.413553013310459e-9
10000,630.957344480193,4.678990635225391e-9
10000,794.3282347242821,5.660759759385792e-9
10000,1000.000000000001,6.321512072707985e-9
10000,1258.9254117941687,7.0726082042230845e-9
10000,1584.8931924611143,8.551770935448929e-9
10000,1995.2623149688807,1.1526711920989118e-8
10000,2511.8864315095825,1.6497354796398816e-8
10000,3162.2776601683827,2.2764097267001347e-8
10000,3981.0717055349774,2.9391592101913904e-8
10000,5011.872336272725,3.805248489883854e-8
10000,6309.573444801937,5.170766810551238e-8
10000,7943.282347242822,7.052694922000723e-8
10000,10000,9.468550842670283e-8
10000,12589.254117941664,1.2873485483613539e-7
10000,15848.93192461111,1.7541937816118165e-7
10000,19952.62314968879,2.400793985637683e-7
10000,25118.86431509577,3.300490931864296e-7
10000,31622.776601683792,4.561014131558611e-7
10000,39810.71705534969,6.340187039459491e-7
10000,50118.72336272726,8.880869020933987e-7
10000,63095.734448019306,0.0000012500395397621449
10000,79432.82347242822,0.0000017472655159345604
10000,100000,0.0000023949727236648893
10000,125892.54117941688,0.0000032150310088949627
10000,158489.3192461114,0.000004247738037963907
10000,199526.2314968879,0.000005552503200198353
10000,251188.6431509577,0.0000072112617267789825
10000,316227.7660168379,0.000009333432005910718
10000,398107.1705534969,0.00001206173566725851
10000,501187.2336272724,0.00001558116281179441
10000,630957.344480193,0.000020130750232274442
10000,794328.2347242823,0.00002601985144621351
10000,1000000,0.00003364982304014543
100000,10,1.2829215222378474e-14
100000,12.589254117941675,1.8219190801203194e-14
100000,15.848931924611135,2.59095761148841e-14
100000,19.952623149688797,3.6910436604218e-14
100000,25.118864315095795,5.269761890584603e-14
100000,31.622776601683793,7.544507400976347e-14
100000,39.810717055349734,1.083867444407346e-13
100000,50.11872336272722,1.5639077602642857e-13
100000,63.09573444801933,2.268895455499685e-13
100000,79.43282347242814,3.314199575392885e-13
100000,100,4.88234705359079e-13
100000,125.89254117941672,7.26832181117297e-13
100000,158.48931924611142,1.0959735021532384e-12
100000,199.5262314968879,1.6780350534985995e-12
100000,251.18864315095794,2.6144681578651495e-12
100000,316.22776601683796,4.148288809485987e-12
100000,398.1071705534973,6.680973792540103e-12
100000,501.18723362727246,1.0788033981393679e-11
100000,630.9573444801929,1.697131517131438e-11
100000,794.3282347242821,2.4817008720124668e-11
100000,1000.000000000001,3.2305114659014244e-11
100000,1258.9254117941687,3.755907800636715e-11
100000,1584.893192461114,4.1387476265387615e-11
100000,1995.262314968881,4.6793421694503645e-11
100000,2511.886431509582,5.772989432892096e-11
100000,3162.2776601683827,7.835772210885956e-11
100000,3981.0717055349783,1.0967679549096444e-10
100000,5011.872336272725,1.4606192587361042e-10
100000,6309.573444801936,1.8532097320436272e-10
100000,7943.282347242822,2.394266433797272e-10
100000,10000,3.2082146567617765e-10
100000,12589.254117941662,4.2727728867914354e-10
100000,15848.93192461111,5.639885168365833e-10
100000,19952.62314968879,7.503644903527017e-10
100000,25118.86431509577,9.963923668338547e-10
100000,31622.776601683796,1.3242669279881563e-9
100000,39810.71705534968,1.7592714649035903e-9
100000,50118.72336272726,2.3380517747769093e-9
100000,63095.734448019306,3.1074125574011474e-9
100000,79432.82347242821,4.130773903003397e-9
100000,100000,5.494266495221086e-9
100000,125892.54117941689,7.316575026835338e-9
100000,158489.3192461114,9.763467216431683e-9
100000,199526.2314968879,1.3070760357869602e-8
100000,251188.6431509577,1.7571068790900885e-8
100000,316227.7660168379,2.3739926866891862e-8
100000,398107.1705534969,3.2275076289004333e-8
100000,501187.23362727254,4.4233975773535e-8
100000,630957.3444801931,6.125806362387543e-8
100000,794328.2347242822,8.528737301378993e-8
100000,1000000,1.1719439167878089e-7
1000000,10,5.682137588051535e-17
1000000,12.589254117941675,8.057106286521166e-17
1000000,15.848931924611135,1.1436090194720208e-16
1000000,19.952623149688797,1.625243616274991e-16
1000000,25.118864315095795,2.3133516906690624e-16
1000000,31.622776601683796,3.299308027088312e-16
1000000,39.810717055349734,4.71718164539531e-16
1000000,50.118723362727216,6.765458822371442e-16
1000000,63.095734448019336,9.74119996284395e-16
1000000,79.43282347242814,1.4094799835686314e-15
1000000,100,2.0519663720919258e-15
1000000,125.89254117941674,3.010240374994805e-15
1000000,158.48931924611142,4.458015890441023e-15
1000000,199.52623149688787,6.679062947246717e-15
1000000,251.18864315095794,1.014705081490942e-14
1000000,316.22776601683796,1.566703678031237e-14
1000000,398.1071705534973,2.461667520126096e-14
1000000,501.1872336272724,3.93027377371805e-14
1000000,630.957344480193,6.324405313132422e-14
1000000,794.3282347242822,1.00408200159447e-13
1000000,1000.0000000000011,1.5115091783746122e-13
1000000,1258.9254117941687,2.0568582947047646e-13
1000000,1584.893192461114,2.4834670976085074e-13
1000000,1995.2623149688807,2.7638860351353386e-13
1000000,2511.886431509582,3.0509236601676066e-13
1000000,3162.277660168382,3.582775448192542e-13
1000000,3981.071705534978,4.632124797785249e-13
1000000,5011.872336272725,6.387710878247723e-13
1000000,6309.573444801937,8.664692388156665e-13
1000000,7943.282347242823,1.108943497285323e-12
1000000,10000,1.3986393381892145e-12
1000000,12589.254117941662,1.8253229351316214e-12
1000000,15848.93192461111,2.4174992571702145e-12
1000000,19952.62314968879,3.1596805709120876e-12
1000000,25118.86431509577,4.136684776299574e-12
1000000,31622.776601683792,5.429805708743168e-12
1000000,39810.71705534969,7.1162297948009874e-12
1000000,50118.72336272726,9.331000873375783e-12
1000000,63095.734448019306,1.2226089356873398e-11
1000000,79432.82347242821,1.601105989073357e-11
1000000,100000,2.095240447251068e-11
1000000,125892.54117941686,2.7402347449227614e-11
1000000,158489.3192461114,3.582030185675965e-11
1000000,199526.23149688792,4.681038881149808e-11
1000000,251188.64315095768,6.116627992351298e-11
1000000,316227.76601683797,7.994130067207317e-11
1000000,398107.17055349686,1.0453485441931326e-10
1000000,501187.2336272726,1.3679445384475285e-10
1000000,630957.344480193,1.7920550089615851e-10
1000000,794328.2347242822,2.350815062053728e-10
1000000,1000000,3.0893288406837296e-10
10000000,10,2.8149980624753936e-19
10000000,12.589254117941675,3.987736494500008e-19
10000000,15.848931924611133,5.653242557048973e-19
10000000,19.952623149688794,8.021857593751665e-19
10000000,25.1188643150958,1.1396282944266648e-18
10000000,31.622776601683796,1.6214147697064794e-18
10000000,39.810717055349734,2.3111760251656145e-18
10000000,50.11872336272722,3.3020786255552315e-18
10000000,63.09573444801932,4.7317005465482066e-18
10000000,79.43282347242815,6.8053044490342195e-18
10000000,100.00000000000001,9.83293706898172e-18
10000000,125.89254117941675,1.428979680749154e-17
10000000,158.48931924611145,2.0916635679831517e-17
10000000,199.5262314968879,3.089049048706541e-17
10000000,251.18864315095794,4.612103001521641e-17
10000000,316.22776601683796,6.977273984390829e-17
10000000,398.1071705534973,1.0718643184166602e-16
10000000,501.18723362727246,1.674559752206061e-16
10000000,630.9573444801931,2.658277830765539e-16
10000000,794.3282347242821,4.2600635504778403e-16
10000000,1000.0000000000011,6.769400238357509e-16
10000000,1258.925411794169,1.0295382624142361e-15
10000000,1584.8931924611138,1.429682569670938e-15
10000000,1995.262314968881,1.7639537858762694e-15
10000000,2511.886431509582,1.9837290198925518e-15
10000000,3162.277660168382,2.174350284111698e-15
10000000,3981.0717055349774,2.494702866252962e-15
10000000,5011.872336272724,3.131809347740026e-15
10000000,6309.573444801936,4.244625993921118e-15
10000000,7943.282347242822,5.7823611408263674e-15
10000000,10000,7.470598966169468e-15
10000000,12589.254117941662,9.361398396179027e-15
10000000,15848.93192461111,1.2018633903476652e-14
10000000,19952.62314968879,1.580540526080893e-14
10000000,25118.86431509577,2.0597626086013534e-14
10000000,31622.77660168379,2.673682556403268e-14
10000000,39810.71705534969,3.4859335375038903e-14
10000000,50118.72336272724,4.535574278857307e-14
10000000,63095.73444801929,5.900967271141685e-14
10000000,79432.82347242821,7.666173882094797e-14
10000000,99999.99999999999,9.947813522186135e-14
10000000,125892.54117941688,1.2891063673035662e-13
10000000,158489.31924611138,1.6683976669655149e-13
10000000,199526.23149688792,2.156736092022979e-13
10000000,251188.6431509577,2.7851345861101194e-13
10000000,316227.7660168379,3.5939650196677717e-13
10000000,398107.1705534969,4.635755869569839e-13
10000000,501187.23362727254,5.979362635520702e-13
10000000,630957.344480193,7.714448963880973e-13
10000000,794328.2347242822,9.957236914754557e-13
10000000,1000000,1.2859497598035995e-12
