100,10,3.352633771588477e-7
100,12.589254117941673,4.855087599817274e-7
100,15.848931924611131,7.0754714698369e-7
100,19.952623149688794,0.0000010392620436086775
100,25.118864315095795,0.000001541324467583986
100,31.622776601683793,0.0000023128867879006615
100,39.810717055349734,0.000003518988521394735
100,50.11872336272722,0.000005437302797768184
100,63.09573444801933,0.000008530582662411723
100,79.43282347242815,0.000013525255167690307
100,100,0.00002135870364658267
100,125.89254117941675,0.0000325677157355391
100,158.48931924611142,0.00004573160405230968
100,199.52623149688787,0.00005671369062218003
100,251.18864315095797,0.00006180106441718578
100,316.227766016838,0.00006092683060963416
100,398.1071705534973,0.00005645696768734105
100,501.18723362727246,0.000051246219877288825
100,630.9573444801931,0.000046382595602885456
100,794.3282347242822,0.00003726559558839726
100,1000.000000000001,0.000025124339276863008
100,1258.9254117941687,0.000016607737660403303
100,1584.893192461114,0.000011240955350049513
100,1995.262314968881,0.000007562470850093553
100,2511.886431509582,0.000004959002668150491
100,3162.2776601683827,0.0000031838996491263354
100,3981.071705534978,0.0000020660340485893673
100,5011.872336272724,0.000001444759935539908
100,6309.573444801936,0.00000117565625017874
100,7943.282347242823,0.0000011395290360819485
100,10000,0.0000012434023184423074
100,12589.254117941662,0.0000014153777987407286
100,15848.931924611112,0.0000015974507749216944
100,19952.62314968879,0.000001740685415369899
100,25118.86431509577,0.0000018060258026055823
100,31622.776601683792,0.000001770912268891364
100,39810.71705534969,0.0000016371645913517816
100,50118.72336272726,0.0000014321537532098843
100,63095.7344480193,0.0000011979470202763613
100,79432.82347242822,9.729527922353586e-7
100,100000,7.787674056929987e-7
100,125892.54117941689,6.201746270873062e-7
100,158489.31924611138,4.932507569666165e-7
100,199526.23149688792,3.921659879285987e-7
100,251188.6431509577,3.11736322017905e-7
100,316227.7660168379,2.477648247769651e-7
100,398107.1705534969,1.9689744419974272e-7
100,501187.23362727254,1.564585593981044e-7
100,630957.344480193,1.2431566248898818e-7
100,794328.2347242822,9.87702981658719e-8
100,1000000,7.847046349891555e-8
150,10,1.0377189105975215e-7
150,12.589254117941675,1.4982997851340344e-7
150,15.848931924611133,2.1754545452427235e-7
150,19.952623149688797,3.180774764529401e-7
150,25.118864315095795,4.691054742205497e-7
150,31.622776601683793,6.992097915230432e-7
150,39.810717055349734,0.0000010555264882031162
150,50.11872336272722,0.0000016170620383331227
150,63.09573444801932,0.0000025168309399652846
150,79.43282347242814,0.000003973267875319148
150,100,0.000006311864399714927
150,125.89254117941675,0.000009889773990283292
150,158.48931924611145,0.000014739471634369358
150,199.52623149688787,0.00002002760562847486
150,251.18864315095794,0.000024385062491852297
150,316.22776601683796,0.00002728559729398214
150,398.1071705534974,0.000029109630621771994
150,501.18723362727246,0.000029879101610258117
150,630.9573444801931,0.000029324982909706442
150,794.3282347242821,0.000028501078734456472
150,1000.0000000000011,0.000027349442406887653
150,1258.9254117941687,0.000020365170257052528
150,1584.8931924611143,0.000011186079074250671
150,1995.2623149688811,0.000005577345793675011
150,2511.886431509582,0.000002882141452064876
150,3162.2776601683827,0.0000016164890592676445
150,3981.071705534978,9.512707123465044e-7
150,5011.872336272725,5.598494810717293e-7
150,6309.573444801936,3.3015454541561005e-7
150,7943.282347242824,2.0803194505480195e-7
150,9999.999999999998,1.5596147754381901e-7
150,12589.254117941662,1.4734641939037206e-7
150,15848.931924611108,1.6454630688765662e-7
150,19952.62314968879,1.9628226440183242e-7
150,25118.864315095772,2.3486381479134065e-7
150,31622.776601683796,2.7390334588818413e-7
150,39810.71705534969,3.0702260839725537e-7
150,50118.72336272726,3.278595149541469e-7
150,63095.734448019306,3.313583451488006e-7
150,79432.82347242821,3.1573575267975145e-7
150,100000,2.8382420688108327e-7
150,125892.54117941689,2.423983657783191e-7
150,158489.31924611138,1.9932735962871066e-7
150,199526.2314968879,1.6036043267887437e-7
150,251188.6431509577,1.2783872564805564e-7
150,316227.7660168379,1.0165161695286332e-7
150,398107.1705534969,8.078761698866016e-8
150,501187.2336272725,6.419735026094576e-8
150,630957.344480193,5.1009796146843544e-8
150,794328.2347242823,4.0528638767475936e-8
150,1000000,3.219942817739168e-8
200,10,4.610070378530614e-8
200,12.589254117941673,6.643653383722268e-8
200,15.848931924611131,9.623453236273074e-8
200,19.952623149688794,1.4029115423090399e-7
200,25.118864315095795,2.061452819711742e-7
200,31.622776601683793,3.0587936265215025e-7
200,39.810717055349734,4.5924847317428577e-7
200,50.11872336272722,6.991291758818867e-7
200,63.09573444801933,0.0000010807534150002236
200,79.43282347242815,0.0000016958180109010548
200,100,0.0000026872282782652163
200,125.89254117941675,0.0000042377682933614454
200,158.48931924611142,0.000006457438323843266
200,199.52623149688787,0.000009127818603666099
200,251.18864315095797,0.000011656477186254957
200,316.227766016838,0.000013704648300397465
200,398.1071705534973,0.000015684690986568058
200,501.18723362727246,0.00001833687420300613
200,630.9573444801931,0.000021908802905517653
200,794.3282347242822,0.000025521521172126697
200,1000.000000000001,0.00002846675813588525
200,1258.9254117941687,0.000030883293593244045
200,1584.893192461114,0.000026971392085021686
200,1995.262314968881,0.000016785321780380732
200,2511.886431509582,0.000008364324719621034
200,3162.2776601683827,0.0000035547607044282726
200,3981.071705534978,0.0000013345322087129127
200,5011.872336272724,4.994141048657857e-7
200,6309.573444801936,2.1835049627615203e-7
200,7943.282347242823,1.1167760624008845e-7
200,10000,6.242988665815183e-8
200,12589.254117941662,4.0236902065278454e-8
200,15848.931924611112,3.344147425004676e-8
200,19952.62314968879,3.549564225274587e-8
200,25118.86431509577,4.266711967394285e-8
200,31622.776601683792,5.288054357668799e-8
200,39810.71705534969,6.479620815519135e-8
200,50118.72336272726,7.715914752435977e-8
200,63095.7344480193,8.845183272356746e-8
200,79432.82347242822,9.687883767887963e-8
200,100000,1.0069798155944666e-7
200,125892.54117941689,9.881761929648537e-8
200,158489.31924611138,9.138534302068844e-8
200,199526.23149688792,7.99375436994787e-8
200,251188.6431509577,6.683282628260776e-8
200,316227.7660168379,5.4234734339014584e-8
200,398107.1705534969,4.3366700122169254e-8
200,501187.23362727254,3.450220219182704e-8
200,630957.344480193,2.7418957770885855e-8
200,794328.2347242822,2.178573487332578e-8
200,1000000,1.7308769377736962e-8
250,10,2.4763160224035863e-8
250,12.589254117941673,3.563891607355884e-8
250,15.848931924611135,5.153702568496957e-8
250,19.952623149688794,7.49732187066766e-8
250,25.118864315095795,1.0987846406300804e-7
250,31.622776601683793,1.6251203207707812e-7
250,39.810717055349734,2.4303906107881426e-7
250,50.11872336272723,3.6827317448547564e-7
250,63.09573444801933,5.663620066068276e-7
250,79.43282347242815,8.84205213259728e-7
250,100,0.0000013964935434410556
250,125.89254117941672,0.000002205962502272208
250,158.48931924611142,0.000003399744146377306
250,199.5262314968879,0.0000049194561411008496
250,251.18864315095794,0.000006467938003545234
250,316.22776601683796,0.000007780208117822744
250,398.1071705534974,0.000009036696523591878
250,501.18723362727246,0.00001083833956685822
250,630.957344480193,0.000013941618633164687
250,794.3282347242822,0.000018801177358307414
250,1000.0000000000011,0.00002477411952982081
250,1258.9254117941687,0.000031107448223264086
250,1584.893192461114,0.00003716582845145997
250,1995.2623149688807,0.000035316146737254345
250,2511.8864315095825,0.000025380534248378126
250,3162.2776601683827,0.000015314036235278493
250,3981.0717055349774,0.000007956360740186175
250,5011.872336272726,0.000003439629681131067
250,6309.573444801936,0.0000011930522841652758
250,7943.282347242822,3.298839005423504e-7
250,10000,8.17097650453966e-8
250,12589.254117941664,2.5904506412760516e-8
250,15848.93192461111,1.3446194994408968e-8
250,19952.623149688785,1.0478145763544567e-8
250,25118.86431509577,1.0981900106007177e-8
250,31622.77660168379,1.33511208056484e-8
250,39810.71705534969,1.688789909126655e-8
250,50118.72336272726,2.1227781998372486e-8
250,63095.7344480193,2.606671376133495e-8
250,79432.82347242821,3.09981680716129e-8
250,100000,3.544617431067085e-8
250,125892.54117941688,3.870361389225602e-8
250,158489.31924611138,4.008859986028492e-8
250,199526.23149688792,3.919223379346682e-8
250,251188.64315095768,3.610909600692877e-8
250,316227.7660168379,3.1481038419272595e-8
250,398107.17055349686,2.6254671508617077e-8
250,501187.2336272725,2.1273961788314592e-8
250,630957.344480193,1.6999251470635844e-8
250,794328.2347242822,1.3520805563883367e-8
250,1000000,1.0743588475386602e-8
300,10,1.498494852181922e-8
300,12.589254117941675,2.1544746479469674e-8
300,15.848931924611133,3.1116707531008405e-8
300,19.952623149688797,4.5196103837748566e-8
300,25.118864315095795,6.61089532032511e-8
300,31.622776601683793,9.754050369209426e-8
300,39.810717055349734,1.4544410764149554e-7
300,50.11872336272722,2.196178380805583e-7
300,63.09573444801932,3.364086857497131e-7
300,79.43282347242814,5.230824368792309e-7
300,100,8.23598967509388e-7
300,125.89254117941675,0.0000013010446718496304
300,158.48931924611145,0.000002018372093632343
300,199.52623149688787,0.000002966848707188453
300,251.18864315095794,0.0000039849386120771465
300,316.22776601683796,0.0000048735689427912935
300,398.1071705534974,0.000005684133890944121
300,501.18723362727246,0.000006785660967968444
300,630.9573444801931,0.000008756835525633752
300,794.3282347242821,0.000012261290894433006
300,1000.0000000000011,0.000017559600315538618
300,1258.9254117941687,0.000024155739645294056
300,1584.8931924611143,0.0000325092456269689
300,1995.2623149688811,0.0000400182720561869
300,2511.886431509582,0.00003850321322069835
300,3162.2776601683827,0.000030503371787514782
300,3981.071705534978,0.000021862614650886484
300,5011.872336272725,0.000014308189697997025
300,6309.573444801936,0.000008316550598246187
300,7943.282347242824,0.0000041534017288104736
300,9999.999999999998,0.000001714863144330405
300,12589.254117941662,5.591448732744784e-7
300,15848.931924611108,1.3736081651641429e-7
300,19952.62314968879,2.5818588488150284e-8
300,25118.864315095772,6.029555411191722e-9
300,31622.776601683796,4.402980972928639e-9
300,39810.71705534969,5.3435427898653074e-9
300,50118.72336272726,6.864930703275972e-9
300,63095.734448019306,8.758370943335493e-9
300,79432.82347242821,1.0936691709961799e-8
300,100000,1.3267907093543e-8
300,125892.54117941689,1.553644871718788e-8
300,158489.31924611138,1.744187953613083e-8
300,199526.2314968879,1.8644134651400932e-8
300,251188.6431509577,1.8860034220544168e-8
300,316227.7660168379,1.7985735598081373e-8
300,398107.1705534969,1.617855885416534e-8
300,501187.2336272725,1.3822196651644616e-8
300,630957.344480193,1.1366157899349758e-8
300,794328.2347242823,9.141443760077797e-9
300,1000000,7.284417177288307e-9
400,10,6.819644770642207e-9
400,12.589254117941673,9.790993878936585e-9
400,15.848931924611131,1.4115601607410298e-8
400,19.952623149688794,2.0456451854293346e-8
400,25.118864315095795,2.983811620284961e-8
400,31.622776601683793,4.38719193058195e-8
400,39.810717055349734,6.514031114313886e-8
400,50.11872336272722,9.786071759939999e-8
400,63.09573444801933,1.490278830293097e-7
400,79.43282347242815,2.3030281172234927e-7
400,100,3.607365954125193e-7
400,125.89254117941675,5.690300373799951e-7
400,158.48931924611142,8.890176972142779e-7
400,199.52623149688787,0.0000013336680545079938
400,251.18864315095797,0.000001848332026212847
400,316.227766016838,0.000002323845618833649
400,398.1071705534973,0.000002730159792317158
400,501.18723362727246,0.0000032018227199373816
400,630.9573444801931,0.0000039965648807512315
400,794.3282347242822,0.000005445202337843428
400,1000.000000000001,0.000007807291833209848
400,1258.9254117941687,0.000010989038291338066
400,1584.893192461114,0.000015070767195007953
400,1995.262314968881,0.000020374701478759328
400,2511.886431509582,0.000023549844253672534
400,3162.2776601683827,0.000022582313965454206
400,3981.071705534978,0.00001833501052026264
400,5011.872336272724,0.000013606868230200098
400,6309.573444801936,0.000009871765099337586
400,7943.282347242823,0.000007012735297943956
400,10000,0.000004923589831670427
400,12589.254117941662,0.0000035683755265820704
400,15848.931924611112,0.000002897918743378244
400,19952.62314968879,0.0000028349573629289407
400,25118.86431509577,0.000003303683008293823
400,31622.776601683792,0.000004262135727155627
400,39810.71705534969,0.000005719452521690068
400,50118.72336272726,0.000007736720657838006
400,63095.7344480193,0.000010415656254077486
400,79432.82347242822,0.000013878696629023266
400,100000,0.000018240924076512773
400,125892.54117941689,0.000023571920452220904
400,158489.31924611138,0.000029847039322154227
400,199526.23149688792,0.00003689432663542945
400,251188.6431509577,0.00004435526540578106
400,316227.7660168379,0.00005169029979478909
400,398107.1705534969,0.00005826214098494631
400,501187.23362727254,0.00006350409346860228
400,630957.344480193,0.0000671204202903737
400,794328.2347242822,0.00006920361048436783
400,1000000,0.0000701654094808501
500,10,3.728476028397015e-9
500,12.589254117941673,5.347649497418883e-9
500,15.848931924611135,7.70001379471139e-9
500,19.952623149688794,1.1141430081051478e-8
500,25.118864315095795,1.6219271882954266e-8
500,31.622776601683793,2.3789813579803184e-8
500,39.810717055349734,3.521746986986777e-8
500,50.11872336272723,5.2717531886173164e-8
500,63.09573444801933,7.994624711389295e-8
500,79.43282347242815,1.22988209829251e-7
500,100,1.918462107627317e-7
500,125.89254117941672,3.0199173353506744e-7
500,158.48931924611142,4.732962258254183e-7
500,199.5262314968879,7.188126739784799e-7
500,251.18864315095794,0.0000010184472692599393
500,316.22776601683796,0.000001311080164810922
500,398.1071705534974,0.0000015591195633393726
500,501.18723362727246,0.0000018181938417780601
500,630.957344480193,0.0000022277056917860502
500,794.3282347242822,0.000002983598727670509
500,1000.0000000000011,0.000004282828097286993
500,1258.9254117941687,0.000006141185263667395
500,1584.893192461114,0.000008461812516877535
500,1995.2623149688807,0.000011452652436462166
500,2511.8864315095825,0.000013914558104822559
500,3162.2776601683827,0.00001486450175220583
500,3981.0717055349774,0.000014628289517496399
500,5011.872336272726,0.000011337907420770397
500,6309.573444801936,0.000007434347270441468
500,7943.282347242822,0.000004743321102853505
500,10000,0.0000030420711803125773
500,12589.254117941664,0.000001990607919429663
500,15848.93192461111,0.0000013822360846750193
500,19952.623149688785,0.0000011070675020837775
500,25118.86431509577,0.0000010966986374053083
500,31622.77660168379,0.0000013048620702247048
500,39810.71705534969,0.0000017101975414328677
500,50118.72336272726,0.0000023192102581810693
500,63095.7344480193,0.0000031642683744666455
500,79432.82347242821,0.00000429840718469341
500,100000,0.0000057885384126627175
500,125892.54117941688,0.000007706260621562272
500,158489.31924611138,0.000010114599499011961
500,199526.23149688792,0.000013048395534163452
500,251188.64315095768,0.00001648840357619654
500,316227.7660168379,0.000020332971121205814
500,398107.17055349686,0.000024265699496375786
500,501187.2336272725,0.000028324957383335765
500,630957.344480193,0.00003173836921011458
500,794328.2347242822,0.000034520895579572
500,1000000,0.00003641938626475922
600,10,2.285060687431347e-9
600,12.589254117941675,3.274956508317096e-9
600,15.848931924611133,4.711158628120114e-9
600,19.952623149688797,6.808760959181681e-9
600,25.118864315095795,9.897438670919718e-9
600,31.622776601683793,1.4490823503716662e-8
600,39.810717055349734,2.1403711024839044e-8
600,50.11872336272722,3.1952987867725546e-8
600,63.09573444801932,4.830340302625441e-8
600,79.43282347242814,7.405018852359818e-8
600,100,1.1512276320862208e-7
600,125.89254117941675,1.8084207690010659e-7
600,158.48931924611145,2.838210701387016e-7
600,199.52623149688787,4.3451266110462515e-7
600,251.18864315095794,6.256475833558178e-7
600,316.22776601683796,8.213020724514553e-7
600,398.1071705534974,9.892595942448594e-7
600,501.18723362727246,0.0000011528737810900888
600,630.9573444801931,0.0000013953686216382281
600,794.3282347242821,0.000001844143815923959
600,1000.0000000000011,0.0000026531930753482185
600,1258.9254117941687,0.000003916397540269232
600,1584.8931924611143,0.000005628255113335756
600,1995.2623149688811,0.000007894303244827553
600,2511.886431509582,0.00001006140352785442
600,3162.2776601683827,0.000011182951206429312
600,3981.071705534978,0.000012649980281316699
600,5011.872336272725,0.000013224496003092176
600,6309.573444801936,0.000009707251178001435
600,7943.282347242824,0.000005736239594797376
600,9999.999999999998,0.0000031185417510604216
600,12589.254117941662,0.0000016553530024205424
600,15848.931924611108,9.29429248743646e-7
600,19952.62314968879,6.045579012395538e-7
600,25118.864315095772,4.935050100872868e-7
600,31622.776601683796,5.157526052423153e-7
600,39810.71705534969,6.394610818310641e-7
600,50118.72336272726,8.556016681109088e-7
600,63095.734448019306,0.0000011713871063185595
600,79432.82347242821,0.0000016074508312838116
600,100000,0.0000021952314200448324
600,125892.54117941689,0.0000029743363934112407
600,158489.31924611138,0.00000398914667442127
600,199526.2314968879,0.000005283308321246077
600,251188.6431509577,0.000006890664663060544
600,316227.7660168379,0.000008821800570235181
600,398107.1705534969,0.000011047084325478267
600,501187.2336272725,0.000013480298583834486
600,630957.344480193,0.000015971281392164764
600,794328.2347242823,0.000018319097858716964
600,1000000,0.000020314138563031138
700,10,1.5129007007731302e-9
700,12.589254117941673,2.1670025914086384e-9
700,15.848931924611133,3.114991099532578e-9
700,19.952623149688797,4.49769742477517e-9
700,25.118864315095795,6.530353431872672e-9
700,31.622776601683796,9.547184186112041e-9
700,39.810717055349734,1.4076453618869127e-8
700,50.11872336272722,2.096872011746158e-8
700,63.09573444801933,3.161734540194805e-8
700,79.43282347242814,4.833167227483686e-8
700,100,7.492667962633701e-8
700,125.89254117941672,1.1746470216699481e-7
700,158.48931924611142,1.8444306399620069e-7
700,199.5262314968879,2.8391983148043686e-7
700,251.18864315095794,4.138308766845807e-7
700,316.227766016838,5.520668096267933e-7
700,398.1071705534973,6.728839202542078e-7
700,501.1872336272725,7.846160768955359e-7
700,630.957344480193,9.390453541079228e-7
700,794.3282347242822,0.0000012206037124137183
700,1000.0000000000009,0.0000017391332801967895
700,1258.925411794169,0.000002589433687130394
700,1584.8931924611143,0.000003821789469711792
700,1995.262314968881,0.000005604401495498334
700,2511.8864315095825,0.000007762597738251632
700,3162.2776601683827,0.000009396956411132084
700,3981.0717055349774,0.00001118770544972893
700,5011.872336272725,0.000014436460864036765
700,6309.573444801937,0.000014692366675468645
700,7943.282347242823,0.000010415055815430495
700,10000,0.000006169560760079699
700,12589.254117941662,0.000003205989285181311
700,15848.931924611108,0.000001470569234547254
700,19952.62314968879,6.411172080509576e-7
700,25118.86431509577,3.3229755852778105e-7
700,31622.776601683792,2.608164521336235e-7
700,39810.71705534969,2.898027108112496e-7
700,50118.72336272724,3.756056250539278e-7
700,63095.73444801929,5.117435600064713e-7
700,79432.82347242821,7.052919455091612e-7
700,100000,9.709926921166473e-7
700,125892.54117941689,0.0000013296431131496326
700,158489.31924611138,0.000001807065274857533
700,199526.23149688792,0.000002432646031031243
700,251188.64315095768,0.0000032365462518538486
700,316227.7660168379,0.000004244647886114089
700,398107.17055349686,0.000005470560729300815
700,501187.2336272725,0.000006904847122301377
700,630957.344480193,0.000008503395470954837
700,794328.2347242822,0.000010179606328567116
700,1000000.0000000001,0.00001180770642303317
800,10,1.0612366061799297e-9
800,12.589254117941673,1.5193182055861779e-9
800,15.848931924611131,2.182626345450983e-9
800,19.952623149688794,3.1490428504128415e-9
800,25.118864315095795,4.567802702147385e-9
800,31.622776601683793,6.670009664367805e-9
800,39.810717055349734,9.819819358391953e-9
800,50.11872336272722,1.460166925920099e-8
800,63.09573444801933,2.197007033555598e-8
800,79.43282347242815,3.3503779565292186e-8
800,100,5.181258314228089e-8
800,125.89254117941675,8.107428274672608e-8
800,158.48931924611142,1.2729146077322392e-7
800,199.52623149688787,1.9667837092229765e-7
800,251.18864315095797,2.893518773712322e-7
800,316.227766016838,3.9117220656325736e-7
800,398.1071705534973,4.819756146011121e-7
800,501.18723362727246,5.630168622610915e-7
800,630.9573444801931,6.678512520535198e-7
800,794.3282347242822,8.546802811396508e-7
800,1000.000000000001,0.0000012018003140495495
800,1258.9254117941687,0.0000017860002018573775
800,1584.893192461114,0.0000026582861553457062
800,1995.262314968881,0.000003963796597372839
800,2511.886431509582,0.00000576695950309115
800,3162.2776601683827,0.000007545345727637546
800,3981.071705534978,0.000009495689376019709
800,5011.872336272724,0.000013110442895513399
800,6309.573444801936,0.00001708386761100831
800,7943.282347242823,0.00001548313957244778
800,10000,0.00001111673612979212
800,12589.254117941662,0.0000071358527117527334
800,15848.931924611112,0.000004074859927195135
800,19952.62314968879,0.0000020180495993949524
800,25118.86431509577,8.622233269956469e-7
800,31622.776601683792,3.499896488646484e-7
800,39810.71705534969,1.9424672868879417e-7
800,50118.72336272726,1.922832382395874e-7
800,63095.7344480193,2.506717017631837e-7
800,79432.82347242822,3.448166807423487e-7
800,100000,4.769170003251902e-7
800,125892.54117941689,6.575852645176525e-7
800,158489.31924611138,9.015639054721481e-7
800,199526.23149688792,0.0000012269531969767168
800,251188.6431509577,0.0000016544571070421606
800,316227.7660168379,0.0000022056903264343714
800,398107.1705534969,0.0000028999114856599297
800,501187.23362727254,0.000003748686273147158
800,630957.344480193,0.0000047484767553442876
800,794328.2347242822,0.000005872286100261395
800,1000000,0.00000706334444074286
900,10,7.773878605125809e-10
900,12.589254117941673,1.1124892026903707e-9
900,15.848931924611135,1.597358598584275e-9
900,19.952623149688794,2.30314262510389e-9
900,25.118864315095795,3.338094817013028e-9
900,31.622776601683796,4.86946357708624e-9
900,39.810717055349734,7.1600968769789005e-9
900,50.11872336272722,1.0630670893882636e-8
900,63.09573444801932,1.596641169448813e-8
900,79.43282347242814,2.4298492702972546e-8
900,100,3.749708460004379e-8
900,125.89254117941675,5.857187907687385e-8
900,158.48931924611142,9.19275773337641e-8
900,199.5262314968879,1.4241772981069123e-7
900,251.18864315095794,2.1107050601251407e-7
900,316.22776601683796,2.8856164872234825e-7
900,398.1071705534973,3.5910581530141175e-7
900,501.1872336272724,4.206135584608428e-7
900,630.957344480193,4.95555167678484e-7
900,794.3282347242821,6.256246582252033e-7
900,1000.000000000001,8.680549782167436e-7
900,1258.9254117941687,0.0000012828528942698766
900,1584.893192461114,0.00000191169195332442
900,1995.262314968881,0.0000028556421224579657
900,2511.8864315095825,0.0000042215236696598365
900,3162.2776601683827,0.000005689992806313298
900,3981.0717055349783,0.000007311457689264112
900,5011.872336272725,0.000010168985532902213
900,6309.573444801936,0.000014541735847119855
900,7943.282347242822,0.00001537799219935493
900,9999.999999999998,0.000012375150490964717
900,12589.254117941664,0.00000891571487211541
900,15848.931924611108,0.000006028021793507554
900,19952.62314968879,0.0000037699528202158298
900,25118.86431509577,0.0000021422326172996985
900,31622.776601683792,0.000001094847168377517
900,39810.71705534969,5.135353476482591e-7
900,50118.72336272725,2.5163104354832266e-7
900,63095.73444801929,1.751740531491373e-7
900,79432.82347242821,1.9188550251935086e-7
900,99999.99999999999,2.553831844162819e-7
900,125892.5411794169,3.5220122282482854e-7
900,158489.3192461114,4.856764607199661e-7
900,199526.23149688792,6.659979615214077e-7
900,251188.64315095768,9.065447019842679e-7
900,316227.7660168379,0.0000012226963460867773
900,398107.1705534969,0.0000016305438394276305
900,501187.23362727254,0.0000021444945774464813
900,630957.3444801931,0.0000027733408864374214
900,794328.2347242822,0.0000035147766870954357
900,1000000,0.000004349178002330499
1000,10,5.881241382082792e-10
1000,12.589254117941673,8.413449631990371e-10
1000,15.848931924611135,1.2075045217210364e-9
1000,19.952623149688794,1.7400698483066452e-9
1000,25.118864315095795,2.520252296878545e-9
1000,31.622776601683793,3.673268400259958e-9
1000,39.810717055349734,5.395465148030183e-9
1000,50.11872336272723,8.0003331432443e-9
1000,63.09573444801933,1.1997327456883761e-8
1000,79.43282347242815,1.8226018860331192e-8
1000,100,2.8074467596551048e-8
1000,125.89254117941672,4.378593643209692e-8
1000,158.48931924611142,6.869239948170714e-8
1000,199.5262314968879,1.0664647268363314e-7
1000,251.18864315095794,1.5903527885876644e-7
1000,316.22776601683796,2.195774177772552e-7
1000,398.1071705534974,2.758259102029073e-7
1000,501.18723362727246,3.241400118757222e-7
1000,630.957344480193,3.7991800812807594e-7
1000,794.3282347242822,4.7401047349897574e-7
1000,1000.0000000000011,6.494628666978284e-7
1000,1258.9254117941687,9.535046108229603e-7
1000,1584.893192461114,0.0000014197596081171419
1000,1995.2623149688807,0.0000021162531130112825
1000,2511.8864315095825,0.0000031412449726166135
1000,3162.2776601683827,0.000004275015367912286
1000,3981.0717055349774,0.000005484664372830523
1000,5011.872336272726,0.000007524406315274358
1000,6309.573444801936,0.000011002382759467212
1000,7943.282347242822,0.000012567849063297724
1000,10000,0.000010773896893701643
1000,12589.254117941664,0.000007723367882214563
1000,15848.93192461111,0.000005185987878214084
1000,19952.623149688785,0.0000032963383046670255
1000,25118.86431509577,0.000001952731202842995
1000,31622.77660168379,0.0000010619634999347246
1000,39810.71705534969,5.262269013560054e-7
1000,50118.72336272726,2.4036506892567046e-7
1000,63095.7344480193,1.0855866637499072e-7
1000,79432.82347242821,5.99063120815378e-8
1000,100000,5.153558121108576e-8
1000,125892.54117941688,6.241891074992075e-8
1000,158489.31924611138,8.487294003039319e-8
1000,199526.23149688792,1.180591399723951e-7
1000,251188.64315095768,1.644394145115467e-7
1000,316227.7660168379,2.283803246429413e-7
1000,398107.17055349686,3.1584812627201583e-7
1000,501187.2336272725,4.3449267337090956e-7
1000,630957.344480193,5.937496597826219e-7
1000,794328.2347242822,8.047271264204272e-7
1000,1000000,0.0000010796384756131696
1100,10,4.5824910040753826e-10
1100,12.589254117941673,6.553457469189809e-10
1100,15.848931924611133,9.401866988912025e-10
1100,19.952623149688797,1.354183646115712e-9
1100,25.118864315095795,1.9601380927918138e-9
1100,31.622776601683796,2.8547043398136875e-9
1100,39.81071705534974,4.189129576324624e-9
1100,50.11872336272723,6.204359931291122e-9
1100,63.09573444801932,9.291093838625846e-9
1100,79.43282347242814,1.4092045893598158e-8
1100,100,2.1669314114322705e-8
1100,125.89254117941674,3.374425876538331e-8
1100,158.48931924611142,5.2902375819399056e-8
1100,199.5262314968879,8.224414417843732e-8
1100,251.18864315095797,1.2323926889883984e-7
1100,316.22776601683796,1.7157475169423807e-7
1100,398.1071705534973,2.1736936082334816e-7
1100,501.18723362727246,2.56405565175468e-7
1100,630.957344480193,2.9944244159634434e-7
1100,794.3282347242821,3.6994272916197985e-7
1100,1000.0000000000011,5.011348741986497e-7
1100,1258.9254117941687,7.307346393039865e-7
1100,1584.893192461114,0.0000010865306442350545
1100,1995.2623149688807,0.0000016160345459403482
1100,2511.8864315095825,0.00000240390768530662
1100,3162.277660168382,0.0000032994369414760878
1100,3981.0717055349783,0.000004228534912741003
1100,5011.872336272725,0.000005723445621265635
1100,6309.573444801936,0.000008460502539495146
1100,7943.282347242823,0.00001032943116277667
1100,10000,0.000009798009412465302
1100,12589.25411794166,0.000007204584446141628
1100,15848.93192461111,0.000004687440529363518
1100,19952.623149688792,0.000002910963872846467
1100,25118.864315095765,0.000001738639841823832
1100,31622.776601683792,0.0000010096828842052064
1100,39810.71705534969,6.005445014017933e-7
1100,50118.72336272726,4.169415594314437e-7
1100,63095.734448019306,3.861410880314494e-7
1100,79432.82347242821,4.592333737887191e-7
1100,100000,6.128912137237127e-7
1100,125892.54117941688,8.459668865728532e-7
1100,158489.3192461114,0.0000011741528433159148
1100,199526.2314968879,0.0000016260468635365863
1100,251188.64315095768,0.0000022414497821736818
1100,316227.7660168379,0.000003071010661090342
1100,398107.1705534969,0.000004175734061228316
1100,501187.2336272725,0.000005624726564078112
1100,630957.344480193,0.000007489428250767364
1100,794328.2347242823,0.000009832491041418478
1100,1000000.0000000001,0.00001268991033621457
1200,10,3.646932767916272e-10
1200,12.589254117941675,5.214094630988479e-10
1200,15.848931924611133,7.477816248936304e-10
1200,19.952623149688797,1.0765968798471115e-9
1200,25.118864315095795,1.5575098438533481e-9
1200,31.622776601683793,2.2668206614787205e-9
1200,39.810717055349734,3.3237134567290946e-9
1200,50.11872336272722,4.917692159206774e-9
1200,63.09573444801932,7.355458863683119e-9
1200,79.43282347242814,1.1140784526197445e-8
1200,100,1.7105843673017993e-8
1200,125.89254117941675,2.6602682693565726e-8
1200,158.48931924611145,4.168146064540572e-8
1200,199.52623149688787,6.487574194461111e-8
1200,251.18864315095794,9.762480141705103e-8
1200,316.22776601683796,1.3693147172962665e-7
1200,398.1071705534974,1.7487109428204225e-7
1200,501.18723362727246,2.071138635832023e-7
1200,630.9573444801931,2.412843997645607e-7
1200,794.3282347242821,2.95665268754742e-7
1200,1000.0000000000011,3.9655694767225547e-7
1200,1258.9254117941687,5.746781611752065e-7
1200,1584.8931924611143,8.537536874310832e-7
1200,1995.2623149688811,0.0000012691762964250043
1200,2511.886431509582,0.0000018943658527485
1200,3162.2776601683827,0.00000263151626494357
1200,3981.071705534978,0.0000033930858271715226
1200,5011.872336272725,0.000004549386708406638
1200,6309.573444801936,0.0000067147312843008185
1200,7943.282347242824,0.000008590117907161181
1200,9999.999999999998,0.000009143673602668487
1200,12589.254117941662,0.000007398422905886457
1200,15848.931924611108,0.000004742223780295783
1200,19952.62314968879,0.0000027957819819604987
1200,25118.864315095772,0.000001574647015337771
1200,31622.776601683796,8.670364353534911e-7
1200,39810.71705534969,4.872810011626104e-7
1200,50118.72336272726,3.1051364121582507e-7
1200,63095.734448019306,2.6063154394892096e-7
1200,79432.82347242821,2.9228916973876804e-7
1200,100000,3.825544433849161e-7
1200,125892.54117941689,5.262471039487388e-7
1200,158489.31924611138,7.313864927363657e-7
1200,199526.2314968879,0.0000010157922386047981
1200,251188.6431509577,0.0000014055654593528937
1200,316227.7660168379,0.000001934951601462261
1200,398107.1705534969,0.00000264658719804922
1200,501187.2336272725,0.0000035910520199248926
1200,630957.344480193,0.000004824556863424246
1200,794328.2347242823,0.000006403408123548702
1200,1000000,0.00000837382263532727
1300,10,2.9572977983990764e-10
1300,12.589254117941673,4.2270983857123636e-10
1300,15.848931924611135,6.060491940938971e-10
1300,19.952623149688794,8.722135433595536e-10
1300,25.118864315095795,1.2612356370868296e-9
1300,31.622776601683796,1.8345442265809155e-9
1300,39.810717055349734,2.687941490508175e-9
1300,50.11872336272722,3.973492384870246e-9
1300,63.09573444801933,5.9368846437477935e-9
1300,79.43282347242815,8.981102197856662e-9
1300,100,1.3771526079784915e-8
1300,125.89254117941675,2.1391303075063782e-8
1300,158.48931924611142,3.3495737773394665e-8
1300,199.5262314968879,5.2181342718891645e-8
1300,251.18864315095794,7.88018211006092e-8
1300,316.2277660168379,1.1125457237817653e-7
1300,398.10717055349744,1.4312190529788974e-7
1300,501.1872336272724,1.7019726139901464e-7
1300,630.957344480193,1.9791993133666508e-7
1300,794.3282347242821,2.407934607997867e-7
1300,1000.0000000000009,3.200324874017344e-7
1300,1258.9254117941687,4.610584039792226e-7
1300,1584.8931924611143,6.845727431142852e-7
1300,1995.2623149688807,0.0000010183272617437612
1300,2511.886431509582,0.0000015266730322634937
1300,3162.2776601683827,0.0000021539105676067764
1300,3981.071705534978,0.0000028222461176727514
1300,5011.872336272724,0.0000037949654840643354
1300,6309.573444801937,0.000005570266183401031
1300,7943.282347242822,0.000007310918338007037
1300,10000,0.00000855496985597169
1300,12589.254117941664,0.000008094330690333433
1300,15848.931924611106,0.0000054622623682266195
1300,19952.62314968879,0.0000031552220846131984
1300,25118.864315095772,0.0000016734349760263268
1300,31622.776601683792,8.427513269459046e-7
1300,39810.71705534969,4.2932884259567653e-7
1300,50118.72336272725,2.4715569507914967e-7
1300,63095.7344480193,1.8724499793416487e-7
1300,79432.82347242821,1.962983769083334e-7
1300,100000,2.5054441544903577e-7
1300,125892.54117941689,3.427543008781674e-7
1300,158489.3192461114,4.765486899735903e-7
1300,199526.23149688792,6.632399897700745e-7
1300,251188.64315095765,9.203958093247033e-7
1300,316227.7660168379,0.000001271688019743632
1300,398107.1705534969,0.0000017473169976989948
1300,501187.2336272725,0.000002384260911582005
1300,630957.344480193,0.0000032255660349556437
1300,794328.2347242822,0.000004317735107526516
1300,1000000.0000000001,0.000005705075425817132
1400,10,2.4379613895009475e-10
1400,12.589254117941673,3.483983740640405e-10
1400,15.848931924611133,4.993655851738349e-10
1400,19.952623149688797,7.184214851584216e-10
1400,25.118864315095795,1.038388277738644e-9
1400,31.622776601683796,1.5095630590738825e-9
1400,39.810717055349734,2.2102682996072703e-9
1400,50.11872336272722,3.264617758204041e-9
1400,63.09573444801933,4.872802375397608e-9
1400,79.43282347242814,7.3627078076232666e-9
1400,100,1.12753725246115e-8
1400,125.89254117941672,1.749278336595305e-8
1400,158.48931924611142,2.7371613518925498e-8
1400,199.5262314968879,4.2666124224892925e-8
1400,251.18864315095794,6.462598309983733e-8
1400,316.227766016838,9.177727467523381e-8
1400,398.1071705534973,1.1888662328138389e-7
1400,501.1872336272725,1.4198805151701778e-7
1400,630.957344480193,1.6496772327351374e-7
1400,794.3282347242822,1.9951459528046765e-7
1400,1000.0000000000009,2.6302304902983814e-7
1400,1258.925411794169,3.767562199434619e-7
1400,1584.8931924611143,5.58819605630009e-7
1400,1995.262314968881,8.315363739289386e-7
1400,2511.8864315095825,0.0000012506161512340652
1400,3162.2776601683827,0.0000017889740999285204
1400,3981.0717055349774,0.0000023868982272330437
1400,5011.872336272725,0.0000032607370605162947
1400,6309.573444801937,0.000004819118309243414
1400,7943.282347242823,0.000006446487235216047
1400,10000,0.000007991147624129426
1400,12589.254117941662,0.00000896681223047623
1400,15848.931924611108,0.000006831926863555497
1400,19952.62314968879,0.000004122883993350507
1400,25118.86431509577,0.000002193687414054449
1400,31622.776601683792,0.0000010432231753887027
1400,39810.71705534969,4.649167139624585e-7
1400,50118.72336272724,2.2313478684489748e-7
1400,63095.73444801929,1.4411408704216537e-7
1400,79432.82347242821,1.382900187137246e-7
1400,100000,1.7096724064171142e-7
1400,125892.54117941689,2.3208603649092487e-7
1400,158489.31924611138,3.2252321320409525e-7
1400,199526.23149688792,4.495315544296145e-7
1400,251188.64315095768,6.252119294095588e-7
1400,316227.7660168379,8.662867741557694e-7
1400,398107.17055349686,0.000001194500311472567
1400,501187.2336272725,0.000001637091769282947
1400,630957.344480193,0.0000022268012594965727
1400,794328.2347242822,0.000003000763646098375
1400,1000000.0000000001,0.000003997453685145193
1500,10,2.0372977987669516e-10
1500,12.589254117941673,2.9108569971745495e-10
1500,15.848931924611133,4.1711830481167564e-10
1500,19.952623149688797,5.999146358894776e-10
1500,25.11886431509579,8.667757077270312e-10
1500,31.622776601683796,1.2594904863141925e-9
1500,39.810717055349734,1.8430488915016759e-9
1500,50.11872336272722,2.720292897895417e-9
1500,63.09573444801933,4.056867791762817e-9
1500,79.43282347242814,6.123750124659411e-9
1500,100,9.367841716983805e-9
1500,125.89254117941674,1.4518570126869314e-8
1500,158.48931924611142,2.2704146525595124e-8
1500,199.5262314968879,3.540878344517631e-8
1500,251.18864315095794,5.3772187044757e-8
1500,316.22776601683796,7.675499537982585e-8
1500,398.1071705534973,1.0004212778879155e-7
1500,501.18723362727246,1.1995500228653314e-7
1500,630.957344480193,1.3926809975776292e-7
1500,794.3282347242821,1.675254568454609e-7
1500,1000.0000000000011,2.1917742325030398e-7
1500,1258.9254117941687,3.1218716869382384e-7
1500,1584.8931924611143,4.624487663337412e-7
1500,1995.2623149688807,6.88136150463011e-7
1500,2511.886431509582,0.000001036407904419993
1500,3162.277660168382,0.000001497108272896429
1500,3981.0717055349774,0.000002023595693647832
1500,5011.872336272725,0.0000028074587984481868
1500,6309.573444801936,0.000004222933544685473
1500,7943.282347242821,0.000005801796324772566
1500,10000,0.000007403387640872551
1500,12589.254117941664,0.000009500023324319812
1500,15848.931924611106,0.0000084369861843129
1500,19952.623149688792,0.0000055694308049097396
1500,25118.86431509577,0.000003191056180192904
1500,31622.776601683792,0.0000015961028746048358
1500,39810.71705534969,6.932988197699992e-7
1500,50118.72336272725,2.786192058949553e-7
1500,63095.7344480193,1.3282644512351474e-7
1500,79432.82347242821,1.039322101294614e-7
1500,99999.99999999999,1.211487166518045e-7
1500,125892.54117941688,1.6257731554271698e-7
1500,158489.3192461114,2.2561873565822027e-7
1500,199526.2314968879,3.147662395689527e-7
1500,251188.6431509577,4.3852141250474076e-7
1500,316227.7660168379,6.089467632813223e-7
1500,398107.1705534969,8.419745034475149e-7
1500,501187.23362727254,0.0000011579070041919628
1500,630957.344480193,0.0000015817157780946888
1500,794328.2347242822,0.0000021426946234164136
1500,1000000,0.0000028728697231572415
1600,10,1.720026849422106e-10
1600,12.589254117941673,2.457085869480111e-10
1600,15.848931924611131,3.5201142711018277e-10
1600,19.952623149688794,5.0612667682517e-10
1600,25.118864315095795,7.309990632666324e-10
1600,31.622776601683793,1.0617105216098501e-9
1600,39.810717055349734,1.55275151112949e-9
1600,50.11872336272722,2.290230981591588e-9
1600,63.09573444801933,3.4126500120945583e-9
1600,79.43282347242815,5.146310400959608e-9
1600,100,7.86423622581901e-9
1600,125.89254117941675,1.2175963445088688e-8
1600,158.48931924611142,1.9029157427967266e-8
1600,199.52623149688787,2.9690685737382477e-8
1600,251.18864315095797,4.5199327228477153e-8
1600,316.227766016838,6.484026274102646e-8
1600,398.1071705534973,8.503944522001422e-8
1600,501.18723362727246,1.0240549481054573e-7
1600,630.9573444801931,1.1887764088284423e-7
1600,794.3282347242822,1.4232548038659597e-7
1600,1000.000000000001,1.8489266492574826e-7
1600,1258.9254117941687,2.6188408621241544e-7
1600,1584.893192461114,3.872799661277069e-7
1600,1995.262314968881,5.760305762121225e-7
1600,2511.886431509582,8.677216454749543e-7
1600,3162.2776601683827,0.0000012621849931077598
1600,3981.071705534978,0.0000017197434362705663
1600,5011.872336272724,0.0000024068516520745615
1600,6309.573444801936,0.000003677313822953848
1600,7943.282347242823,0.000005209394923736154
1600,10000,0.0000067700914033863
1600,12589.254117941662,0.000009434435988341892
1600,15848.931924611112,0.000009679687172660442
1600,19952.62314968879,0.000007068219896158178
1600,25118.86431509577,0.000004456103478154745
1600,31622.776601683792,0.000002492093995309916
1600,39810.71705534969,0.0000012061585731729327
1600,50118.72336272726,4.998293529382217e-7
1600,63095.7344480193,1.9169772333213793e-7
1600,79432.82347242822,9.638804243934083e-8
1600,100000,8.920871008958348e-8
1600,125892.54117941689,1.1484927399701067e-7
1600,158489.31924611138,1.5873624186396643e-7
1600,199526.23149688792,2.2158765568992057e-7
1600,251188.6431509577,3.091685932150228e-7
1600,316227.7660168379,4.3198654551671356e-7
1600,398107.1705534969,5.98749980138702e-7
1600,501187.23362727254,8.259182762560393e-7
1600,630957.344480193,0.0000011324783489393707
1600,794328.2347242822,0.0000015413186525581598
1600,1000000,0.000002078520606008945
1800,10,1.269246011939455e-10
1800,12.589254117941673,1.8125606326619883e-10
1800,15.848931924611135,2.595704417758433e-10
1800,19.952623149688794,3.7302664258568463e-10
1800,25.118864315095795,5.384245263721372e-10
1800,31.622776601683796,7.814013273728889e-10
1800,39.810717055349734,1.1416902286953656e-9
1800,50.11872336272722,1.6819279899922635e-9
1800,63.09573444801932,2.5026103164950563e-9
1800,79.43282347242814,3.767571108315785e-9
1800,100,5.746517234986419e-9
1800,125.89254117941675,8.880705630433742e-9
1800,158.48931924611142,1.3861289853421899e-8
1800,199.5262314968879,2.163459545647264e-8
1800,251.18864315095794,3.305212936801312e-8
1800,316.22776601683796,4.778775605547656e-8
1800,398.1071705534973,6.332665335454624e-8
1800,501.1872336272724,7.684660862014918e-8
1800,630.957344480193,8.924109441517591e-8
1800,794.3282347242821,1.060232191090103e-7
1800,1000.000000000001,1.3603022272826026e-7
1800,1258.9254117941687,1.9063410697163017e-7
1800,1584.893192461114,2.807659756580068e-7
1800,1995.262314968881,4.1698657992233466e-7
1800,2511.8864315095825,6.271061202630959e-7
1800,3162.2776601683827,9.19789310854678e-7
1800,3981.0717055349783,0.000001261831964805313
1800,5011.872336272725,0.0000017663314299079976
1800,6309.573444801936,0.000002716784292167874
1800,7943.282347242822,0.000003993289861397484
1800,9999.999999999998,0.000005259907273685558
1800,12589.254117941664,0.00000767777716124357
1800,15848.931924611108,0.000009320922624504872
1800,19952.62314968879,0.000007853508160091313
1800,25118.86431509577,0.000005493063894364822
1800,31622.776601683792,0.0000035499576710917673
1800,39810.71705534969,0.000002111453358988376
1800,50118.72336272725,0.000001131807322945975
1800,63095.73444801929,5.362972135177934e-7
1800,79432.82347242821,2.2428875593284857e-7
1800,99999.99999999999,9.006449003309361e-8
1800,125892.5411794169,4.848221881367947e-8
1800,158489.3192461114,4.7082817179748025e-8
1800,199526.23149688792,6.19815764080986e-8
1800,251188.64315095768,8.64020973832548e-8
1800,316227.7660168379,1.2098084366867328e-7
1800,398107.1705534969,1.6910872909440733e-7
1800,501187.23362727254,2.3575924349591232e-7
1800,630957.3444801931,3.275872469384934e-7
1800,794328.2347242822,4.5329752938320067e-7
1800,1000000,6.240198192336304e-7
2000,10,9.654489391255648e-11
2000,12.589254117941673,1.3783458504154415e-10
2000,15.848931924611135,1.9732086332485273e-10
2000,19.952623149688794,2.834472741816215e-10
2000,25.118864315095795,4.0890790756654515e-10
2000,31.622776601683793,5.930427785673406e-10
2000,39.810717055349734,8.657695958072802e-10
2000,50.11872336272723,1.2741550055495923e-9
2000,63.09573444801933,1.893554485552728e-9
2000,79.43282347242815,2.8465854679698085e-9
2000,100,4.334891517529607e-9
2000,125.89254117941672,6.688739510893594e-9
2000,158.48931924611142,1.0428713111411908e-8
2000,199.5262314968879,1.6281853302003743e-8
2000,251.18864315095794,2.4950608831195337e-8
2000,316.22776601683796,3.6323344746081566e-8
2000,398.1071705534974,4.858872394803327e-8
2000,501.18723362727246,5.9402112766898966e-8
2000,630.957344480193,6.905856910569255e-8
2000,794.3282347242822,8.153243840940989e-8
2000,1000.0000000000011,1.0347012074708964e-7
2000,1258.9254117941687,1.4357300135787903e-7
2000,1584.893192461114,2.1057085490488317e-7
2000,1995.2623149688807,3.123307071185681e-7
2000,2511.8864315095825,4.6863614923732466e-7
2000,3162.2776601683827,6.908485303010516e-7
2000,3981.0717055349774,9.507211240615367e-7
2000,5011.872336272726,0.0000013207268947464896
2000,6309.573444801936,0.0000020131412680288496
2000,7943.282347242822,0.0000030034491758697335
2000,10000,0.000003955137078334419
2000,12589.254117941664,0.0000057408783180951555
2000,15848.93192461111,0.000007486252348041954
2000,19952.623149688785,0.000007032026158386993
2000,25118.86431509577,0.000005016643481445653
2000,31622.77660168379,0.000003174484264152914
2000,39810.71705534969,0.0000018756147861205675
2000,50118.72336272726,0.0000010275327329613011
2000,63095.7344480193,5.154822434333595e-7
2000,79432.82347242821,2.360871334399005e-7
2000,100000,1.0313160190023164e-7
2000,125892.54117941688,5.149318818586181e-8
2000,158489.31924611138,3.9529423362232107e-8
2000,199526.23149688792,4.574269254148868e-8
2000,251188.64315095768,6.176528403005511e-8
2000,316227.7660168379,8.6079389603273e-8
2000,398107.17055349686,1.203561276422233e-7
2000,501187.2336272725,1.6798242933017243e-7
2000,630957.344480193,2.3375844204872492e-7
2000,794328.2347242822,3.2405773367429634e-7
2000,1000000,4.471135020816404e-7
2250,10,7.14936769897524e-11
2250,12.589254117941675,1.0204127909473604e-10
2250,15.848931924611133,1.4602903356810833e-10
2250,19.952623149688794,2.0967588507818944e-10
2250,25.118864315095795,3.0231788791486375e-10
2250,31.622776601683796,4.3815470973709116e-10
2250,39.810717055349734,6.391092773962813e-10
2250,50.11872336272722,9.39595764295601e-10
2250,63.09573444801932,1.3945866975826937e-9
2250,79.43282347242814,2.0933416270656005e-9
2250,100,3.1824379785883262e-9
2250,125.89254117941674,4.902072869183721e-9
2250,158.48931924611142,7.632849724241093e-9
2250,199.5262314968879,1.191567373513498e-8
2250,251.18864315095794,1.8305957402260256e-8
2250,316.22776601683796,2.6820467623399356e-8
2250,398.1071705534973,3.621204375330384e-8
2250,501.18723362727246,4.462230251150465e-8
2250,630.957344480193,5.1966060364990596e-8
2250,794.3282347242821,6.098303298829542e-8
2250,1000.0000000000009,7.650692424647756e-8
2250,1258.925411794169,1.0497563860942465e-7
2250,1584.8931924611143,1.5313566106390301e-7
2250,1995.2623149688807,2.2680382609613477e-7
2250,2511.8864315095825,3.393832325428913e-7
2250,3162.2776601683827,5.024942968111999e-7
2250,3981.0717055349774,6.942877651461525e-7
2250,5011.872336272725,9.567388991613e-7
2250,6309.573444801936,0.0000014411684941936552
2250,7943.282347242823,0.0000021807928130914614
2250,10000,0.0000028867244013486978
2250,12589.254117941662,0.0000041406292981074326
2250,15848.93192461111,0.000005764132714248134
2250,19952.62314968879,0.000006410304698623372
2250,25118.864315095772,0.000005266233123274032
2250,31622.776601683792,0.000003310882881778061
2250,39810.71705534969,0.0000018631214204309452
2250,50118.72336272726,9.667513316182423e-7
2250,63095.7344480193,4.7228224775472403e-7
2250,79432.82347242821,2.2847209845632118e-7
2250,99999.99999999999,1.2479193243359658e-7
2250,125892.54117941689,9.53619370878173e-8
2250,158489.3192461114,1.053942339094381e-7
2250,199526.23149688792,1.3932371218802244e-7
2250,251188.6431509577,1.933383750952275e-7
2250,316227.7660168379,2.705592244656723e-7
2250,398107.1705534969,3.784918315499615e-7
2250,501187.2336272725,5.283082220251225e-7
2250,630957.344480193,7.35205784614334e-7
2250,794328.2347242822,0.000001019251499804432
2250,1000000,0.0000014063483293395273
2500,10,5.449919315987421e-11
2500,12.589254117941673,7.776633637206568e-11
2500,15.848931924611133,1.1125538708510753e-10
2500,19.952623149688797,1.596843967650901e-10
2500,25.118864315095795,2.3012717161925839e-10
2500,31.6227766016838,3.333264574863246e-10
2500,39.810717055349734,4.858394576360923e-10
2500,50.11872336272722,7.136077443395951e-10
2500,63.09573444801933,1.0579873148380894e-9
2500,79.43282347242815,1.58600459480028e-9
2500,100,2.4075955687043975e-9
2500,125.89254117941672,3.703009757752551e-9
2500,158.48931924611142,5.759210456281569e-9
2500,199.52623149688787,8.990278578827901e-9
2500,251.18864315095794,1.3843327330461767e-8
2500,316.22776601683796,2.0400466813492448e-8
2500,398.1071705534973,2.7785191097287678e-8
2500,501.1872336272724,3.450829150180712e-8
2500,630.957344480193,4.02867503273491e-8
2500,794.3282347242821,4.7056979242327635e-8
2500,1000.000000000001,5.845093744774819e-8
2500,1258.9254117941687,7.938348565826766e-8
2500,1584.8931924611143,1.1520001893092374e-7
2500,1995.2623149688807,1.704404420762199e-7
2500,2511.8864315095825,2.5453380560997646e-7
2500,3162.2776601683827,3.782682725170836e-7
2500,3981.0717055349774,5.256881573213427e-7
2500,5011.872336272725,7.221187269553895e-7
2500,6309.573444801937,0.0000010822080067449981
2500,7943.282347242822,0.0000016727857244197768
2500,10000,0.0000022726100267121703
2500,12589.254117941664,0.0000032345534882036138
2500,15848.93192461111,0.0000046399143153684015
2500,19952.62314968879,0.000005898241930601136
2500,25118.86431509577,0.000006224444390194323
2500,31622.776601683792,0.000004421757699670874
2500,39810.71705534969,0.0000025785830147981166
2500,50118.72336272726,0.0000013225381426386503
2500,63095.734448019306,5.959236448997049e-7
2500,79432.82347242822,2.4431024630348607e-7
2500,100000,1.0522910832707624e-7
2500,125892.54117941688,6.379507025406904e-8
2500,158489.3192461114,6.24518998003464e-8
2500,199526.2314968879,7.970775788614808e-8
2500,251188.6431509577,1.0989329137893773e-7
2500,316227.7660168379,1.537931249066719e-7
2500,398107.1705534969,2.1546258232553463e-7
2500,501187.2336272724,3.013643283245936e-7
2500,630957.344480193,4.204717089519924e-7
2500,794328.2347242823,5.848108325131508e-7
2500,1000000,8.101829080748991e-7
2750,10,4.283843434486671e-11
2750,12.589254117941675,6.11149911446755e-11
2750,15.848931924611135,8.741126274516382e-11
2750,19.952623149688797,1.2542124985723977e-10
2750,25.1188643150958,1.806775116316956e-10
2750,31.622776601683796,2.615716384465446e-10
2750,39.810717055349734,3.8101843478230013e-10
2750,50.118723362727216,5.592198839343813e-10
2750,63.09573444801933,8.283265602644285e-10
2750,79.43282347242814,1.2403593815365355e-9
2750,100,1.8805387767234575e-9
2750,125.89254117941672,2.88859456816337e-9
2750,158.48931924611142,4.487668623450395e-9
2750,199.5262314968879,7.003240889445729e-9
2750,251.18864315095794,1.0799452604621187e-8
2750,316.22776601683796,1.5982860407877986e-8
2750,398.1071705534974,2.1917242992227263e-8
2750,501.1872336272725,2.7398416802043472e-8
2750,630.957344480193,3.206306718051417e-8
2750,794.3282347242822,3.731978044234296e-8
2750,1000.0000000000011,4.597469553393517e-8
2750,1258.9254117941687,6.187655071607019e-8
2750,1584.8931924611143,8.933642567687335e-8
2750,1995.2623149688807,1.320310927886592e-7
2750,2511.886431509582,1.9685443976519863e-7
2750,3162.277660168382,2.932866392094807e-7
2750,3981.0717055349783,4.098202230372523e-7
2750,5011.872336272724,5.61630724262992e-7
2750,6309.573444801937,8.36922865386733e-7
2750,7943.282347242823,0.0000013138142408454916
2750,10000,0.0000018417423382947265
2750,12589.254117941664,0.0000026579746448677155
2750,15848.93192461111,0.000003897812390915817
2750,19952.62314968879,0.000005249397359602734
2750,25118.864315095772,0.000006829231765541776
2750,31622.77660168379,0.000005911565988039157
2750,39810.71705534969,0.0000038972464014205195
2750,50118.72336272725,0.000002264548250759181
2750,63095.7344480193,0.0000011493202742845207
2750,79432.82347242821,4.950825876931048e-7
2750,99999.99999999999,1.797437673682086e-7
2750,125892.54117941689,6.164369763368473e-8
2750,158489.3192461114,3.137608513920388e-8
2750,199526.23149688792,3.144744271386481e-8
2750,251188.64315095768,4.1736885185584e-8
2750,316227.7660168379,5.8231728463497263e-8
2750,398107.1705534969,8.175069479517188e-8
2750,501187.2336272725,1.1472693633508323e-7
2750,630957.3444801931,1.6075780878768594e-7
2750,794328.2347242822,2.2479642926849062e-7
2750,1000000.0000000001,3.135365557894113e-7
3000,10,3.435316403828966e-11
3000,12.589254117941673,4.900087916989047e-11
3000,15.848931924611133,7.006914220827566e-11
3000,19.952623149688797,1.0050999698728428e-10
3000,25.11886431509579,1.447406282097674e-10
3000,31.622776601683796,2.0945348626334108e-10
3000,39.810717055349734,3.049352872105111e-10
3000,50.11872336272722,4.472541957534741e-10
3000,63.09573444801933,6.619435537413055e-10
3000,79.43282347242814,9.902580230509903e-10
3000,100,1.4997106647691144e-9
3000,125.89254117941674,2.301005575266584e-9
3000,158.48931924611142,3.5714220474092164e-9
3000,199.5262314968879,5.572001218182575e-9
3000,251.18864315095794,8.60372156107592e-9
3000,316.22776601683796,1.2782329856018665e-8
3000,398.1071705534973,1.7638322274883376e-8
3000,501.18723362727246,2.2186512677441406e-8
3000,630.957344480193,2.6031749466086517e-8
3000,794.3282347242821,3.021560856560818e-8
3000,1000.0000000000011,3.69533603819573e-8
3000,1258.9254117941687,4.932250821985176e-8
3000,1584.8931924611143,7.085557251957749e-8
3000,1995.2623149688807,1.0460155601191312e-7
3000,2511.886431509582,1.5573913100334794e-7
3000,3162.277660168382,2.3238987966673485e-7
3000,3981.0717055349774,3.262680943058217e-7
3000,5011.872336272725,4.4591558868828123e-7
3000,6309.573444801936,6.592204139999688e-7
3000,7943.282347242821,0.000001041552938666417
3000,10000,0.0000014870630445025132
3000,12589.254117941664,0.0000021573638547479867
3000,15848.931924611106,0.0000032202835219683367
3000,19952.623149688792,0.00000439967837894744
3000,25118.86431509577,0.0000062511015317291165
3000,31622.776601683792,0.0000062859758239097495
3000,39810.71705534969,0.000004540830351281097
3000,50118.72336272725,0.0000028990040630759227
3000,63095.7344480193,0.0000016888456344127926
3000,79432.82347242821,8.790048545882316e-7
3000,99999.99999999999,3.9897069877420264e-7
3000,125892.54117941688,1.568332913802654e-7
3000,158489.3192461114,5.8684994557948984e-8
3000,199526.2314968879,3.115652131637815e-8
3000,251188.6431509577,3.156613801172173e-8
3000,316227.7660168379,4.2326287589286936e-8
3000,398107.1705534969,5.9264616218881445e-8
3000,501187.23362727254,8.320798844876878e-8
3000,630957.344480193,1.166799238756882e-7
3000,794328.2347242822,1.6331354016961576e-7
3000,1000000,2.280504397865427e-7
3500,10,2.328156918440237e-11
3500,12.589254117941675,3.319847851552141e-11
3500,15.848931924611135,4.745438805558788e-11
3500,19.952623149688797,6.80381088356272e-11
3500,25.1188643150958,9.792075807126655e-11
3500,31.622776601683796,1.415953447362106e-10
3500,39.810717055349734,2.059527993972605e-10
3500,50.118723362727216,3.0173054013864517e-10
3500,63.09573444801933,4.4594625944379164e-10
3500,79.43282347242814,6.660256331540234e-10
3500,100,1.0067631321345162e-9
3500,125.89254117941672,1.541594259640477e-9
3500,158.48931924611142,2.3885934263602586e-9
3500,199.52623149688787,3.7241694657183633e-9
3500,251.18864315095794,5.761247023556349e-9
3500,316.22776601683796,8.611701995139228e-9
3500,398.1071705534974,1.2008069818601773e-8
3500,501.1872336272724,1.527112971564699e-8
3500,630.957344480193,1.8014065836995017e-8
3500,794.3282347242822,2.082866133738487e-8
3500,1000.0000000000011,2.51674041222439e-8
3500,1258.9254117941687,3.309770816340116e-8
3500,1584.893192461114,4.7083347075947946e-8
3500,1995.262314968881,6.932751611335462e-8
3500,2511.8864315095825,1.0297750496317702e-7
3500,3162.2776601683827,1.538680513718542e-7
3500,3981.071705534978,2.1780829396648608e-7
3500,5011.872336272725,2.962684445966835e-7
3500,6309.573444801936,4.304039236504713e-7
3500,7943.282347242824,6.796095293804927e-7
3500,9999.999999999998,9.871676497419817e-7
3500,12589.254117941664,0.0000014139830979358402
3500,15848.931924611108,0.0000021306291105319014
3500,19952.623149688792,0.0000029099144328011743
3500,25118.86431509577,0.000004268440781990421
3500,31622.776601683796,0.000005172553290124923
3500,39810.71705534969,0.000004386610251548653
3500,50118.72336272725,0.0000028068789373720075
3500,63095.7344480193,0.0000015984002251101203
3500,79432.82347242821,8.297815739218176e-7
3500,100000,3.921589318444812e-7
3500,125892.54117941688,1.6913266362614412e-7
3500,158489.3192461114,6.879502825605546e-8
3500,199526.2314968879,3.109134182769118e-8
3500,251188.64315095768,2.191001051870166e-8
3500,316227.7660168379,2.475944446097031e-8
3500,398107.17055349686,3.3439937447938866e-8
3500,501187.2336272725,4.673966142693929e-8
3500,630957.344480193,6.556717095728517e-8
3500,794328.2347242823,9.187844907711963e-8
3500,1000000,1.284914846129252e-7
4000,10,1.6593548304875542e-11
4000,12.589254117941673,2.3655497058755712e-11
4000,15.848931924611135,3.3802458312818e-11
4000,19.952623149688794,4.844468372585546e-11
4000,25.118864315095795,6.96860544652878e-11
4000,31.622776601683793,1.0070292083503446e-10
4000,39.810717055349734,1.4635764209900328e-10
4000,50.11872336272723,2.142106363734942e-10
4000,63.09573444801933,3.1621715734803325e-10
4000,79.43282347242815,4.716015410084816e-10
4000,100,7.117089022627478e-10
4000,125.89254117941672,1.0879113722572036e-9
4000,158.48931924611142,1.6830752508801008e-9
4000,199.5262314968879,2.6224700381905715e-9
4000,251.18864315095794,4.062844199439408e-9
4000,316.22776601683796,6.10404847795108e-9
4000,398.1071705534974,8.589521294512594e-9
4000,501.18723362727246,1.1035726977945523e-8
4000,630.957344480193,1.3094659813278087e-8
4000,794.3282347242822,1.5109917146421478e-8
4000,1000.0000000000011,1.8084380764163906e-8
4000,1258.9254117941687,2.348211762244429e-8
4000,1584.893192461114,3.3096050409586133e-8
4000,1995.2623149688807,4.8592531635530326e-8
4000,2511.8864315095825,7.204953002454436e-8
4000,3162.2776601683827,1.0768133861714604e-7
4000,3981.0717055349774,1.5356093843542477e-7
4000,5011.872336272726,2.0840939030116927e-7
4000,6309.573444801936,2.9844683724497854e-7
4000,7943.282347242822,4.6905101221559053e-7
4000,10000,6.925113635299228e-7
4000,12589.254117941664,9.881553867907653e-7
4000,15848.93192461111,0.0000015110703758334792
4000,19952.623149688785,0.0000020966337268404237
4000,25118.86431509577,0.0000030900521873031943
4000,31622.77660168379,0.0000042972548667846395
4000,39810.71705534969,0.000004975594129706091
4000,50118.72336272726,0.0000038156266817075606
4000,63095.7344480193,0.0000022919191862548493
4000,79432.82347242821,0.0000012040598139009003
4000,100000,5.479791723636013e-7
4000,125892.54117941688,2.159669798611827e-7
4000,158489.31924611138,7.947227796739531e-8
4000,199526.23149688792,3.611858451348336e-8
4000,251188.64315095768,2.887068081825457e-8
4000,316227.7660168379,3.497966575702592e-8
4000,398107.17055349686,4.795850004684013e-8
4000,501187.2336272725,6.723327707554145e-8
4000,630957.344480193,9.447173857139219e-8
4000,794328.2347242822,1.3262929401038788e-7
4000,1000000,1.8591331331444298e-7
4500,10,1.2372934423285623e-11
4500,12.589254117941675,1.7634987175082055e-11
4500,15.848931924611133,2.519288203389739e-11
4500,19.952623149688794,3.6093856884052735e-11
4500,25.118864315095795,5.1898483847527065e-11
4500,31.622776601683796,7.495972505749399e-11
4500,39.810717055349734,1.0887394144056013e-10
4500,50.11872336272722,1.592232999835121e-10
4500,63.09573444801932,2.348181302222655e-10
4500,79.43282347242814,3.497987390213633e-10
4500,100,5.271841722613132e-10
4500,125.89254117941674,8.04678453036379e-10
4500,158.48931924611142,1.2432165908342593e-9
4500,199.5262314968879,1.935655571093965e-9
4500,251.18864315095794,3.001129529154014e-9
4500,316.22776601683796,4.524974153195905e-9
4500,398.1071705534973,6.411361305457804e-9
4500,501.18723362727246,8.304992874316249e-9
4500,630.957344480193,9.906385077393892e-9
4500,794.3282347242821,1.1420814448658687e-8
4500,1000.0000000000009,1.3571786410929703e-8
4500,1258.925411794169,1.7440978430138015e-8
4500,1584.8931924611143,2.4377650432163594e-8
4500,1995.2623149688807,3.567799596753604e-8
4500,2511.8864315095825,5.281331783377029e-8
4500,3162.2776601683827,7.888024922751808e-8
4500,3981.0717055349774,1.1313212165608414e-7
4500,5011.872336272725,1.5342283133289626e-7
4500,6309.573444801936,2.172460162551986e-7
4500,7943.282347242823,3.392404822211846e-7
4500,10000,5.077273232185562e-7
4500,12589.254117941662,7.240173968496205e-7
4500,15848.93192461111,0.0000011229704661912114
4500,19952.62314968879,0.0000016127497451410295
4500,25118.864315095772,0.0000023884484856573267
4500,31622.776601683792,0.00000347226276535788
4500,39810.71705534969,0.000004863789821219194
4500,50118.72336272726,0.00000481446647280033
4500,63095.7344480193,0.0000033566970971264065
4500,79432.82347242821,0.0000020477482583038072
4500,99999.99999999999,0.0000011194615532441994
4500,125892.54117941689,5.342725642820916e-7
4500,158489.3192461114,2.1674716613911197e-7
4500,199526.23149688792,7.551531413989689e-8
4500,251188.6431509577,2.795584111737728e-8
4500,316227.7660168379,1.9136265097181204e-8
4500,398107.1705534969,2.31777633227199e-8
4500,501187.2336272725,3.213557373946064e-8
4500,630957.344480193,4.5173351497871983e-8
4500,794328.2347242822,6.351130321752855e-8
4500,1000000,8.919487001122499e-8
5000,10,9.48372559464016e-12
5000,12.589254117941673,1.351445586713071e-11
5000,15.848931924611133,1.9301776171894308e-11
5000,19.952623149688797,2.7645365366803888e-11
5000,25.118864315095795,3.973566974447051e-11
5000,31.6227766016838,5.7365420535764434e-11
5000,39.810717055349734,8.327085154498086e-11
5000,50.11872336272722,1.216923331761115e-10
5000,63.09573444801933,1.7931098926664014e-10
5000,79.43282347242815,2.6683158784665913e-10
5000,100,4.016561990403984e-10
5000,125.89254117941672,6.122756843913016e-10
5000,158.48931924611142,9.448212441092794e-10
5000,199.52623149688787,1.4701145608637805e-9
5000,251.18864315095794,2.2810802719905956e-9
5000,316.22776601683796,3.4508808035640543e-9
5000,398.1071705534973,4.9216414687164354e-9
5000,501.1872336272724,6.42683716239647e-9
5000,630.957344480193,7.708995255126694e-9
5000,794.3282347242821,8.886712307972022e-9
5000,1000.000000000001,1.0496680276292986e-8
5000,1258.9254117941687,1.3363276872175653e-8
5000,1584.8931924611143,1.8531131494251634e-8
5000,1995.2623149688807,2.7036049238676044e-8
5000,2511.8864315095825,3.997123508029282e-8
5000,3162.2776601683827,5.965484346492285e-8
5000,3981.0717055349774,8.600936534237643e-8
5000,5011.872336272725,1.1669652678085263e-7
5000,6309.573444801937,1.6367101309548253e-7
5000,7943.282347242822,2.535897483729799e-7
5000,10000,3.834547899990682e-7
5000,12589.254117941664,5.449160560299611e-7
5000,15848.93192461111,8.445293614966267e-7
5000,19952.62314968879,0.0000012309514129305314
5000,25118.86431509577,0.0000018097788650847079
5000,31622.776601683792,0.0000026468141324154297
5000,39810.71705534969,0.000003833821009170236
5000,50118.72336272726,0.000004395041298184677
5000,63095.734448019306,0.000003370277691643052
5000,79432.82347242822,0.0000020862631912030273
5000,100000,0.0000011693202862667481
5000,125892.54117941688,5.935308654473219e-7
5000,158489.3192461114,2.700046246264809e-7
5000,199526.2314968879,1.0981516788388487e-7
5000,251188.6431509577,4.209049857613799e-8
5000,316227.7660168379,1.951404444867699e-8
5000,398107.1705534969,1.5860050600940402e-8
5000,501187.2336272724,1.9590549871413098e-8
5000,630957.344480193,2.7071435966719223e-8
5000,794328.2347242823,3.80169729358635e-8
5000,1000000,5.342957101974858e-8
6000,10,6.018722437369099e-12
6000,12.589254117941673,8.574059755608527e-12
6000,15.848931924611133,1.2240881762265702e-11
6000,19.952623149688797,1.7523521126650575e-11
6000,25.11886431509579,2.5171470681650263e-11
6000,31.622776601683796,3.6311123162435684e-11
6000,39.810717055349734,5.2657611935543754e-11
6000,50.11872336272722,7.686173955139606e-11
6000,63.09573444801933,1.1308782327124534e-10
6000,79.43282347242814,1.6798813910395696e-10
6000,100,2.5234874307272134e-10
6000,125.89254117941674,3.8380630629931186e-10
6000,158.48931924611142,5.909780969240592e-10
6000,199.5262314968879,9.182529001190615e-10
6000,251.18864315095794,1.425765822288311e-9
6000,316.22776601683796,2.167132488342851e-9
6000,398.1071705534973,3.1220091875168526e-9
6000,501.18723362727246,4.131301944843091e-9
6000,630.957344480193,5.006677450909156e-9
6000,794.3282347242821,5.780696765785361e-9
6000,1000.0000000000011,6.7716258114484965e-9
6000,1258.9254117941687,8.496190207421957e-9
6000,1584.8931924611143,1.1623114779682898e-8
6000,1995.2623149688807,1.684674503012732e-8
6000,2511.886431509582,2.4840510400987902e-8
6000,3162.277660168382,3.6989037402986516e-8
6000,3981.0717055349774,5.372975647393444e-8
6000,5011.872336272725,7.30726709805512e-8
6000,6309.573444801936,1.0101623701502112e-7
6000,7943.282347242821,1.539855006409946e-7
6000,10000,2.3596124152970506e-7
6000,12589.254117941664,3.337221003408703e-7
6000,15848.931924611106,5.112412282531923e-7
6000,19952.623149688792,7.629125524251789e-7
6000,25118.86431509577,0.0000011177772494836413
6000,31622.776601683792,0.0000016637827435111143
6000,39810.71705534969,0.000002452640020314107
6000,50118.72336272725,0.000003488913022123223
6000,63095.7344480193,0.0000040382261024375905
6000,79432.82347242821,0.000003027999894765349
6000,99999.99999999999,0.000001804612602209247
6000,125892.54117941688,9.407617942151886e-7
6000,158489.3192461114,4.204918851570455e-7
6000,199526.2314968879,1.580676318302976e-7
6000,251188.6431509577,5.1916812999682215e-8
6000,316227.7660168379,1.9558968215121943e-8
6000,398107.1705534969,1.4114542715314494e-8
6000,501187.23362727254,1.708634251083523e-8
6000,630957.344480193,2.3573149770250535e-8
6000,794328.2347242822,3.3130869959304705e-8
6000,1000000,4.6632768010910006e-8
7000,10,4.107643598321419e-12
7000,12.589254117941675,5.8501782594725935e-12
7000,15.848931924611135,8.34953705562079e-12
7000,19.952623149688797,1.1948251867534136e-11
7000,25.1188643150958,1.715468716202801e-11
7000,31.622776601683796,2.473164613600826e-11
7000,39.810717055349734,3.583849302338835e-11
7000,50.118723362727216,5.226330531986502e-11
7000,63.09573444801933,7.680861372453617e-11
7000,79.43282347242814,1.1394072064206067e-10
7000,100,1.7088608449055003e-10
7000,125.89254117941672,2.5944732629879613e-10
7000,158.48931924611142,3.988001214086724e-10
7000,199.52623149688787,6.18901996912375e-10
7000,251.18864315095794,9.612540249919799e-10
7000,316.22776601683796,1.4659379703354944e-9
7000,398.1071705534974,2.1278458930678987e-9
7000,501.1872336272724,2.8455384354977136e-9
7000,630.957344480193,3.47900272514146e-9
7000,794.3282347242822,4.025768603983896e-9
7000,1000.0000000000011,4.688327759084533e-9
7000,1258.9254117941687,5.8149599408786065e-9
7000,1584.893192461114,7.864080547941182e-9
7000,1995.262314968881,1.1329958371731072e-8
7000,2511.8864315095825,1.6673984020123136e-8
7000,3162.2776601683827,2.4782215860760204e-8
7000,3981.071705534978,3.6193064982342754e-8
7000,5011.872336272725,4.9411028641671014e-8
7000,6309.573444801936,6.763032652639733e-8
7000,7943.282347242824,1.015918720606216e-7
7000,9999.999999999998,1.569137086501397e-7
7000,12589.254117941664,2.219702266848907e-7
7000,15848.931924611108,3.35198480729549e-7
7000,19952.623149688792,5.086452907810519e-7
7000,25118.86431509577,7.465292470815569e-7
7000,31622.776601683796,0.0000011381382445565282
7000,39810.71705534969,0.000001680607913055232
7000,50118.72336272725,0.0000024905037934499738
7000,63095.7344480193,0.0000034926120187863363
7000,79432.82347242821,0.0000034609224894333674
7000,100000,0.000002360718503116901
7000,125892.54117941688,0.000001382419190920925
7000,158489.3192461114,7.301907097954299e-7
7000,199526.2314968879,3.4386296025529584e-7
7000,251188.64315095768,1.4247425373845404e-7
7000,316227.7660168379,5.223636326849771e-8
7000,398107.17055349686,1.9039015083570336e-8
7000,501187.2336272725,1.040398458091156e-8
7000,630957.344480193,1.0753834009085641e-8
7000,794328.2347242823,1.4451697530798383e-8
7000,1000000,2.0270610270401122e-8
8000,10,2.9463783056078908e-12
8000,12.589254117941673,4.1954197006349214e-12
8000,15.848931924611135,5.986271841347847e-12
8000,19.952623149688794,8.563624463634582e-12
8000,25.118864315095795,1.2290223219613748e-11
8000,31.622776601683793,1.7709643269597122e-11
8000,39.810717055349734,2.5646761353873745e-11
8000,50.11872336272723,3.737151423376729e-11
8000,63.09573444801933,5.4870439927496956e-11
8000,79.43282347242815,8.13030594447124e-11
8000,100,1.2177228692873724e-10
8000,125.89254117941672,1.8460402694858733e-10
8000,158.48931924611142,2.8333878656585884e-10
8000,199.5262314968879,4.392527949455488e-10
8000,251.18864315095794,6.823510000519284e-10
8000,316.22776601683796,1.043409194771152e-9
8000,398.1071705534974,1.5241869114103346e-9
8000,501.18723362727246,2.057144472174542e-9
8000,630.957344480193,2.5357673729499497e-9
8000,794.3282347242822,2.942194510078245e-9
8000,1000.0000000000011,3.4111622704551462e-9
8000,1258.9254117941687,4.189547139132764e-9
8000,1584.893192461114,5.60729476197478e-9
8000,1995.2623149688807,8.031596089425588e-9
8000,2511.8864315095825,1.180055949930013e-8
8000,3162.2776601683827,1.7511603899999652e-8
8000,3981.0717055349774,2.56803033887646e-8
8000,5011.872336272726,3.522305822313837e-8
8000,6309.573444801936,4.78693417050014e-8
8000,7943.282347242822,7.096019245723546e-8
8000,10000,1.1010181981736682e-7
8000,12589.254117941664,1.5627253483667796e-7
8000,15848.93192461111,2.3252232997736882e-7
8000,19952.623149688785,3.5600058941225123e-7
8000,25118.86431509577,5.197904068483197e-7
8000,31622.77660168379,7.976563666955979e-7
8000,39810.71705534969,0.0000011744412906035893
8000,50118.72336272726,0.0000017476556905262398
8000,63095.7344480193,0.0000025820634917941243
8000,79432.82347242821,0.0000032772814186700807
8000,100000,0.0000028224943772719043
8000,125892.54117941688,0.0000017370623334508323
8000,158489.31924611138,9.230430900376909e-7
8000,199526.23149688792,4.2489541573355016e-7
8000,251188.64315095768,1.6666732250288327e-7
8000,316227.7660168379,5.670089617562179e-8
8000,398107.17055349686,1.9545348749677745e-8
8000,501187.2336272725,1.0708017336895444e-8
8000,630957.344480193,1.1175354768757244e-8
8000,794328.2347242822,1.4999226684404805e-8
8000,1000000,2.1027364638995442e-8
10000,10,1.6973280456207787e-12
10000,12.589254117941673,2.4160606498002036e-12
10000,15.848931924611133,3.4459342359434037e-12
10000,19.952623149688797,4.926971607758071e-12
10000,25.118864315095795,7.066372717385774e-12
10000,31.6227766016838,1.017395002531495e-11
10000,39.810717055349734,1.471864254493564e-11
10000,50.11872336272722,2.1420288200640855e-11
10000,63.09573444801933,3.1401262717753646e-11
10000,79.43282347242815,4.6440623153766595e-11
10000,100,6.940270368689457e-11
10000,125.89254117941672,1.0495139621559942e-10
10000,158.48931924611142,1.606780411455563e-10
10000,199.52623149688787,2.48603889528343e-10
10000,251.18864315095794,3.861112519325247e-10
10000,316.22776601683796,5.925368303728102e-10
10000,398.1071705534973,8.737661136844626e-10
10000,501.1872336272724,1.1967357079597274e-9
10000,630.957344480193,1.4963708381669513e-9
10000,794.3282347242821,1.747287164873784e-9
10000,1000.000000000001,2.01560798735058e-9
10000,1258.9254117941687,2.440179944462808e-9
10000,1584.8931924611143,3.2115102853549285e-9
10000,1995.2623149688807,4.550972859786217e-9
10000,2511.8864315095825,6.664032427938976e-9
10000,3162.2776601683827,9.863284186714922e-9
10000,3981.0717055349774,1.4538451938386876e-8
10000,5011.872336272725,2.0129708491804626e-8
10000,6309.573444801937,2.7127206487819352e-8
10000,7943.282347242822,3.9365947826130056e-8
10000,10000,6.117916999922086e-8
10000,12589.254117941664,8.770941839945692e-8
10000,15848.93192461111,1.2743017867889864e-7
10000,19952.62314968879,1.9647291996305964e-7
10000,25118.86431509577,2.853233839504189e-7
10000,31622.776601683792,4.40122790509466e-7
10000,39810.71705534969,6.582712462294016e-7
10000,50118.72336272726,9.968449823305786e-7
10000,63095.734448019306,0.000001489831674929292
10000,79432.82347242822,0.0000022094602734946655
10000,100000,0.00000288993473391397
10000,125892.54117941688,0.0000024878583534600866
10000,158489.3192461114,0.000001533588879699381
10000,199526.2314968879,8.224376417480309e-7
10000,251188.6431509577,3.885701239791561e-7
10000,316227.7660168379,1.597204984863336e-7
10000,398107.1705534969,5.695297855973273e-8
10000,501187.2336272724,1.8383421818263518e-8
10000,630957.344480193,6.894290467503239e-9
10000,794328.2347242823,4.962233665742191e-9
10000,1000000,6.058935355865878e-9
100000,10,6.4179079900958274e-15
100000,12.589254117941675,9.112506737756513e-15
100000,15.848931924611135,1.2955639348842934e-14
100000,19.952623149688797,1.8450285771965532e-14
100000,25.118864315095795,2.633016422658299e-14
100000,31.622776601683793,3.767366000297825e-14
100000,39.810717055349734,5.408010622213492e-14
100000,50.11872336272722,7.794693424111295e-14
100000,63.09573444801933,1.1291286607195688e-13
100000,79.43282347242814,1.645787638163315e-13
100000,100,2.416980621213446e-13
100000,125.89254117941672,3.5816259121464254e-13
100000,158.48931924611142,5.363094086332636e-13
100000,199.5262314968879,8.122740343570015e-13
100000,251.18864315095794,1.2438869626679291e-12
100000,316.22776601683796,1.9192562978112433e-12
100000,398.1071705534973,2.9549151800922532e-12
100000,501.18723362727246,4.4506673005281085e-12
100000,630.9573444801929,6.3616875044918584e-12
100000,794.3282347242821,8.380374236752934e-12
100000,1000.000000000001,1.013774624858466e-11
100000,1258.9254117941687,1.1667236640921715e-11
100000,1584.893192461114,1.3536686556688764e-11
100000,1995.262314968881,1.667523239887854e-11
100000,2511.886431509582,2.2277280030975077e-11
100000,3162.2776601683827,3.166069251587501e-11
100000,3981.0717055349783,4.62160249026034e-11
100000,5011.872336272725,6.803526796988296e-11
100000,6309.573444801936,9.703801723501908e-11
100000,7943.282347242822,1.3000839884717028e-10
100000,10000,1.7656670102574046e-10
100000,12589.254117941662,2.6140195069936745e-10
100000,15848.93192461111,3.919628154447988e-10
100000,19952.62314968879,5.445505481789254e-10
100000,25118.86431509577,7.992665617295913e-10
100000,31622.776601683796,1.1827342176953062e-9
100000,39810.71705534968,1.7006949844396782e-9
100000,50118.72336272726,2.552033674390669e-9
100000,63095.734448019306,3.762934808451994e-9
100000,79432.82347242821,5.6276904925833735e-9
100000,100000,8.443953967832335e-9
100000,125892.54117941689,1.271280073774758e-8
100000,158489.3192461114,1.9364298862449492e-8
100000,199526.2314968879,2.952025819520794e-8
100000,251188.6431509577,4.502017195780888e-8
100000,316227.7660168379,6.960733599015417e-8
100000,398107.1705534969,1.0918988310242584e-7
100000,501187.23362727254,1.698190399133509e-7
100000,630957.3444801931,2.6461272509686507e-7
100000,794328.2347242822,4.2241904913121164e-7
100000,1000000,6.611469796570489e-7
1000000,10,2.84380414509377e-17
1000000,12.589254117941675,4.0318625233805266e-17
1000000,15.848931924611135,5.721697955274085e-17
1000000,19.952623149688797,8.129480319846162e-17
1000000,25.118864315095795,1.156781015326063e-16
1000000,31.622776601683796,1.6491287554846869e-16
1000000,39.810717055349734,2.356555633113629e-16
1000000,50.118723362727216,3.377334406407249e-16
1000000,63.095734448019336,4.857979479439664e-16
1000000,79.43282347242814,7.019444986701163e-16
1000000,100,1.0199328404704588e-15
1000000,125.89254117941674,1.4920909871735287e-15
1000000,158.48931924611142,2.200739292381149e-15
1000000,199.52623149688787,3.277136694550526e-15
1000000,251.18864315095794,4.932337980372714e-15
1000000,316.22776601683796,7.504260765685867e-15
1000000,398.1071705534973,1.1516400368709732e-14
1000000,501.1872336272724,1.7703180039670267e-14
1000000,630.957344480193,2.6843491661445005e-14
1000000,794.3282347242822,3.9113886091408416e-14
1000000,1000.0000000000011,5.3098414538732314e-14
1000000,1258.9254117941687,6.611540386225823e-14
1000000,1584.893192461114,7.702197944101186e-14
1000000,1995.2623149688807,8.828271221066868e-14
1000000,2511.886431509582,1.0524129823826209e-13
1000000,3162.277660168382,1.3517690828759363e-13
1000000,3981.071705534978,1.86844244827598e-13
1000000,5011.872336272725,2.695904580352522e-13
1000000,6309.573444801937,3.9500354477102407e-13
1000000,7943.282347242823,5.694251470702427e-13
1000000,10000,7.714867125280427e-13
1000000,12589.254117941662,1.0239366393098359e-12
1000000,15848.93192461111,1.4515006949299067e-12
1000000,19952.62314968879,2.1779816584419595e-12
1000000,25118.86431509577,3.070078297661317e-12
1000000,31622.776601683792,4.3042471171850536e-12
1000000,39810.71705534969,6.389182684900687e-12
1000000,50118.72336272726,9.06173534473718e-12
1000000,63095.734448019306,1.3291166015915906e-11
1000000,79432.82347242821,1.9364255891258145e-11
1000000,100000,2.855923160046646e-11
1000000,125892.54117941686,4.194474348003042e-11
1000000,158489.3192461114,6.205185834892787e-11
1000000,199526.23149688792,9.249180637185853e-11
1000000,251188.64315095768,1.3835811744855176e-10
1000000,316227.76601683797,2.0648435485063127e-10
1000000,398107.17055349686,3.094593807071163e-10
1000000,501187.2336272726,4.690573363141427e-10
1000000,630957.344480193,7.125722254588141e-10
1000000,794328.2347242822,1.073499786728325e-9
1000000,1000000,1.6392824680502863e-9
10000000,10,1.4094009365789773e-19
10000000,12.589254117941675,1.9963490295348532e-19
10000000,15.848931924611133,2.829749016449544e-19
10000000,19.952623149688794,4.0146536900971533e-19
10000000,25.1188643150958,5.702117385655388e-19
10000000,31.622776601683796,8.110284358125476e-19
10000000,39.810717055349734,1.1555866491437866e-18
10000000,50.11872336272722,1.650166607573244e-18
10000000,63.09573444801932,2.3629259946005217e-18
10000000,79.43282347242815,3.3951788454892913e-18
10000000,100.00000000000001,4.8991732533819234e-18
10000000,125.89254117941675,7.106565644888524e-18
10000000,158.48931924611145,1.0374721993116667e-17
10000000,199.5262314968879,1.5262891744994537e-17
10000000,251.18864315095794,2.2657962884768184e-17
10000000,316.22776601683796,3.3979057016714236e-17
10000000,398.1071705534973,5.1492283810752195e-17
10000000,501.18723362727246,7.872002965551652e-17
10000000,630.9573444801931,1.20698981611063e-16
10000000,794.3282347242821,1.83153697360739e-16
10000000,1000.0000000000011,2.6864760692446283e-16
10000000,1258.925411794169,3.6955779561865114e-16
10000000,1584.8931924611138,4.673814334276235e-16
10000000,1995.262314968881,5.498938221806349e-16
10000000,2511.886431509582,6.292184164231755e-16
10000000,3162.277660168382,7.398849624020049e-16
10000000,3981.0717055349774,9.311933397480128e-16
10000000,5011.872336272724,1.2647389213746125e-15
10000000,6309.573444801936,1.8095769674574574e-15
10000000,7943.282347242822,2.6442329814499384e-15
10000000,10000,3.820527341858605e-15
10000000,12589.254117941662,5.211911000550308e-15
10000000,15848.93192461111,6.87828222581073e-15
10000000,19952.62314968879,9.556780717243833e-15
10000000,25118.86431509577,1.4195691428538717e-14
10000000,31622.77660168379,2.0245908192838727e-14
10000000,39810.71705534969,2.7935868881865578e-14
10000000,50118.72336272724,4.0955492313062127e-14
10000000,63095.73444801929,5.836116658354037e-14
10000000,79432.82347242821,8.382741041199375e-14
10000000,99999.99999999999,1.2200907397934503e-13
10000000,125892.54117941688,1.7720498856543594e-13
10000000,158489.31924611138,2.5805331157077137e-13
10000000,199526.23149688792,3.779107019801688e-13
10000000,251188.6431509577,5.549225451891211e-13
10000000,316227.7660168379,8.193595815846919e-13
10000000,398107.1705534969,1.2088366900400172e-12
10000000,501187.23362727254,1.7843618177645071e-12
10000000,630957.344480193,2.6557568711137465e-12
10000000,794328.2347242822,3.978233833785981e-12
10000000,1000000,5.920350728523719e-12
