100,10,3.34893828804829e-7
100,12.589254117941673,4.849547652209956e-7
100,15.848931924611131,7.067055836770397e-7
100,19.952623149688794,0.0000010379627233466665
100,25.118864315095795,0.0000015392778896985764
100,31.622776601683793,0.000002309582461669094
100,39.810717055349734,0.0000035134872448994874
100,50.11872336272722,0.0000054277895051728
100,63.09573444801933,0.000008513352653420278
100,79.43282347242815,0.000013492321942637343
100,100,0.000021292149234025482
100,125.89254117941675,0.000032427571670013194
100,158.48931924611142,0.000045436412315834046
100,199.52623149688787,0.000056122170100114104
100,251.18864315095797,0.000060689616440866845
100,316.227766016838,0.00005891021302446462
100,398.1071705534973,0.00005279754149180687
100,501.18723362727246,0.000044619934453342546
100,630.9573444801931,0.000036105668656989784
100,794.3282347242822,0.000028218438347099212
100,1000.000000000001,0.00002136546902157491
100,1258.9254117941687,0.000015659270854783775
100,1584.893192461114,0.000011077263789937936
100,1995.262314968881,0.000007544556820805746
100,2511.886431509582,0.0000049579137062382254
100,3162.2776601683827,0.0000031838684103300922
100,3981.071705534978,0.0000020660337021740075
100,5011.872336272724,0.0000014447599343810666
100,6309.573444801936,0.0000011756562501778828
100,7943.282347242823,0.0000011395290360819483
100,10000,0.0000012434023184423074
100,12589.254117941662,0.0000014153777987407286
100,15848.931924611112,0.0000015974507749216944
100,19952.62314968879,0.000001740685415369899
100,25118.86431509577,0.0000018060258026055823
100,31622.776601683792,0.000001770912268891364
100,39810.71705534969,0.0000016371645913517816
100,50118.72336272726,0.0000014321537532098843
100,63095.7344480193,0.0000011979470202763613
100,79432.82347242822,9.729527922353586e-7
100,100000,7.787674056929987e-7
100,125892.54117941689,6.201746270873062e-7
100,158489.31924611138,4.932507569666165e-7
100,199526.23149688792,3.921659879285987e-7
100,251188.6431509577,3.11736322017905e-7
100,316227.7660168379,2.477648247769651e-7
100,398107.1705534969,1.9689744419974272e-7
100,501187.23362727254,1.564585593981044e-7
100,630957.344480193,1.2431566248898818e-7
100,794328.2347242822,9.87702981658719e-8
100,1000000,7.847046349891555e-8
150,10,1.0367550820266314e-7
150,12.589254117941675,1.4968675520063224e-7
150,15.848931924611133,2.1733008070215794e-7
150,19.952623149688797,3.177487762564731e-7
150,25.118864315095795,4.6859444419145e-7
150,31.622776601683793,6.983965948394959e-7
150,39.810717055349734,0.0000010541939663607297
150,50.11872336272722,0.0000016147966045717478
150,63.09573444801932,0.00000251279947750398
150,79.43282347242814,0.000003965691054190551
150,100,0.000006296744980326674
150,125.89254117941675,0.000009857953252954471
150,158.48931924611145,0.00001467095860864791
150,199.52623149688787,0.00001988445000080219
150,251.18864315095794,0.00002410525806272236
150,316.22776601683796,0.000026764754310781846
150,398.1071705534974,0.000028139070015465305
150,501.18723362727246,0.000028000022182771993
150,630.9573444801931,0.000025512593739462675
150,794.3282347242821,0.000020809297907742945
150,1000.0000000000011,0.000015315184211650835
150,1258.9254117941687,0.000010381542590650892
150,1584.8931924611143,0.0000066329535139338285
150,1995.2623149688811,0.000004109724147521565
150,2511.886431509582,0.00000253315395292173
150,3162.2776601683827,0.0000015600346432456333
150,3981.071705534978,9.457096769447657e-7
150,5011.872336272725,5.595577137105223e-7
150,6309.573444801936,3.301476316766957e-7
150,7943.282347242824,2.080318848357967e-7
150,9999.999999999998,1.5596147739499075e-7
150,12589.254117941662,1.473464193902967e-7
150,15848.931924611108,1.645463068876566e-7
150,19952.62314968879,1.9628226440183242e-7
150,25118.864315095772,2.3486381479134065e-7
150,31622.776601683796,2.7390334588818413e-7
150,39810.71705534969,3.0702260839725537e-7
150,50118.72336272726,3.278595149541469e-7
150,63095.734448019306,3.313583451488006e-7
150,79432.82347242821,3.1573575267975145e-7
150,100000,2.8382420688108327e-7
150,125892.54117941689,2.423983657783191e-7
150,158489.31924611138,1.9932735962871066e-7
150,199526.2314968879,1.6036043267887437e-7
150,251188.6431509577,1.2783872564805564e-7
150,316227.7660168379,1.0165161695286332e-7
150,398107.1705534969,8.078761698866016e-8
150,501187.2336272725,6.419735026094576e-8
150,630957.344480193,5.1009796146843544e-8
150,794328.2347242823,4.0528638767475936e-8
150,1000000,3.219942817739168e-8
200,10,4.606025830043681e-8
200,12.589254117941673,6.637662869379791e-8
200,15.848931924611131,9.614479364345899e-8
200,19.952623149688794,1.4015481063603635e-7
200,25.118864315095795,2.0593443048076115e-7
200,31.622776601683793,3.0554595480981566e-7
200,39.810717055349734,4.587063174031118e-7
200,50.11872336272722,6.982160962223196e-7
200,63.09573444801933,0.000001079147326304475
200,79.43282347242815,0.0000016928413914147527
200,100,0.0000026813779802955014
200,125.89254117941675,0.0000042256031244102915
200,158.48931924611142,0.000006431259971701625
200,199.52623149688787,0.000009072234541372639
200,251.18864315095797,0.000011545544361385828
200,316.227766016838,0.000013496971119156147
200,398.1071705534973,0.000015302319793145944
200,501.18723362727246,0.00001760697423552178
200,630.9573444801931,0.000020418972629918744
200,794.3282347242822,0.000022250851149296506
200,1000.000000000001,0.000021086509460020504
200,1258.9254117941687,0.000017069114242493306
200,1584.893192461114,0.000012034718860210553
200,1995.262314968881,0.000007463016933440359
200,2511.886431509582,0.000004061851525112199
200,3162.2776601683827,0.000001960455217831726
200,3981.071705534978,8.843199484453476e-7
200,5011.872336272724,4.100055069470229e-7
200,6309.573444801936,2.0700472142456048e-7
200,7943.282347242823,1.1085946908169689e-7
200,10000,6.240092954505453e-8
200,12589.254117941662,4.02364835825126e-8
200,15848.931924611112,3.344147229142813e-8
200,19952.62314968879,3.549564225052783e-8
200,25118.86431509577,4.2667119673941456e-8
200,31622.776601683792,5.288054357668799e-8
200,39810.71705534969,6.479620815519135e-8
200,50118.72336272726,7.715914752435977e-8
200,63095.7344480193,8.845183272356746e-8
200,79432.82347242822,9.687883767887963e-8
200,100000,1.0069798155944666e-7
200,125892.54117941689,9.881761929648537e-8
200,158489.31924611138,9.138534302068844e-8
200,199526.23149688792,7.99375436994787e-8
200,251188.6431509577,6.683282628260776e-8
200,316227.7660168379,5.4234734339014584e-8
200,398107.1705534969,4.3366700122169254e-8
200,501187.23362727254,3.450220219182704e-8
200,630957.344480193,2.7418957770885855e-8
200,794328.2347242822,2.178573487332578e-8
200,1000000,1.7308769377736962e-8
250,10,2.474198021766404e-8
250,12.589254117941673,3.56076059043686e-8
250,15.848931924611135,5.149023120395548e-8
250,19.952623149688794,7.490232214050859e-8
250,25.118864315095795,1.0976920459637785e-7
250,31.622776601683793,1.6234001491649635e-7
250,39.810717055349734,2.427608830039572e-7
250,50.11872336272723,3.678079874498775e-7
250,63.09573444801933,5.655511607416269e-7
250,79.43282347242815,8.827193939572253e-7
250,100,0.0000013936110874115402
250,125.89254117941672,0.000002200040660984067
250,158.48931924611142,0.0000033870671620932022
250,199.5262314968879,0.000004892328891821319
250,251.18864315095794,0.000006412887093665626
250,316.22776601683796,0.000007676137024383306
250,398.1071705534974,0.000008846409484921392
250,501.18723362727246,0.000010481978865368887
250,630.957344480193,0.000013228700209463485
250,794.3282347242822,0.000017244704516946937
250,1000.0000000000011,0.000021066155407410608
250,1258.9254117941687,0.0000220786124485609
250,1584.893192461114,0.000019718360599386556
250,1995.2623149688807,0.000015513050184694537
250,2511.8864315095825,0.000010893097778972643
250,3162.2776601683827,0.000006742659970733058
250,3981.0717055349774,0.000003589234676316449
250,5011.872336272726,0.0000015995867373299568
250,6309.573444801936,5.879245882800725e-7
250,7943.282347242822,1.8470012308187632e-7
250,10000,5.830831581293078e-8
250,12589.254117941664,2.3618525849570584e-8
250,15848.93192461111,1.3327317743210954e-8
250,19952.623149688785,1.047535060693038e-8
250,25118.86431509577,1.0981875912753519e-8
250,31622.77660168379,1.3351120746143687e-8
250,39810.71705534969,1.688789909126585e-8
250,50118.72336272726,2.1227781998372486e-8
250,63095.7344480193,2.606671376133495e-8
250,79432.82347242821,3.09981680716129e-8
250,100000,3.544617431067085e-8
250,125892.54117941688,3.870361389225602e-8
250,158489.31924611138,4.008859986028492e-8
250,199526.23149688792,3.919223379346682e-8
250,251188.64315095768,3.610909600692877e-8
250,316227.7660168379,3.1481038419272595e-8
250,398107.17055349686,2.6254671508617077e-8
250,501187.2336272725,2.1273961788314592e-8
250,630957.344480193,1.6999251470635844e-8
250,794328.2347242822,1.3520805563883367e-8
250,1000000,1.0743588475386602e-8
300,10,1.4972157075329483e-8
300,12.589254117941675,2.152586889425247e-8
300,15.848931924611133,3.108855230207958e-8
300,19.952623149688797,4.5153555236832936e-8
300,25.118864315095795,6.604358789730882e-8
300,31.622776601683793,9.743800009425076e-8
300,39.810717055349734,1.4527917311332388e-7
300,50.11872336272722,2.1934377920522073e-7
300,63.09573444801932,3.359348333499781e-7
300,79.43282347242814,5.222227671024632e-7
300,100,8.219503990622081e-7
300,125.89254117941675,0.0000012976961502614214
300,158.48931924611145,0.0000020112538489928446
300,199.52623149688787,0.00000295157210673162
300,251.18864315095794,0.000003953550245769074
300,316.22776601683796,0.000004813590594086074
300,398.1071705534974,0.000005574636661386456
300,501.18723362727246,0.000006583438957885878
300,630.9573444801931,0.00000836040761017859
300,794.3282347242821,0.000011412727098481716
300,1000.0000000000011,0.00001555182437744744
300,1258.9254117941687,0.00001899732380867399
300,1584.8931924611143,0.000019857700230002718
300,1995.2623149688811,0.000018323288082004812
300,2511.886431509582,0.000015498429542389796
300,3162.2776601683827,0.000012143005542206883
300,3981.071705534978,0.00000873985166959252
300,5011.872336272725,0.000005683028324945412
300,6309.573444801936,0.0000032659643298079384
300,7943.282347242824,0.000001613342707556737
300,9999.999999999998,6.618668058057706e-7
300,12589.254117941662,2.1692479253101814e-7
300,15848.931924611108,5.551078891436587e-8
300,19952.62314968879,1.2520149697750076e-8
300,25118.864315095772,4.703029590801861e-9
300,31622.776601683796,4.331474055679648e-9
300,39810.71705534969,5.341769057275827e-9
300,50118.72336272726,6.864914166423911e-9
300,63095.734448019306,8.758370898413405e-9
300,79432.82347242821,1.0936691709952252e-8
300,100000,1.3267907093542999e-8
300,125892.54117941689,1.5536448717187877e-8
300,158489.31924611138,1.7441879536130827e-8
300,199526.2314968879,1.864413465140093e-8
300,251188.6431509577,1.8860034220544165e-8
300,316227.7660168379,1.798573559808137e-8
300,398107.1705534969,1.6178558854165335e-8
300,501187.2336272725,1.3822196651644614e-8
300,630957.344480193,1.1366157899349756e-8
300,794328.2347242823,9.141443760077795e-9
300,1000000,7.284417177288306e-9
400,10,6.813868979963947e-9
400,12.589254117941673,9.782488202275779e-9
400,15.848931924611131,1.4102949184108882e-8
400,19.952623149688794,2.0437394113324306e-8
400,25.118864315095795,2.980895950638368e-8
400,31.622776601683793,4.382643619916505e-8
400,39.810717055349734,6.506761720195879e-8
400,50.11872336272722,9.774097238007354e-8
400,63.09573444801933,1.4882314054074857e-7
400,79.43282347242815,2.2993654876721108e-7
400,100,3.6004587447408017e-7
400,125.89254117941675,5.67651337997096e-7
400,158.48931924611142,8.86124054254578e-7
400,199.52623149688787,0.0000013274547443350354
400,251.18864315095797,0.0000018353459951598456
400,316.227766016838,0.000002298519503121914
400,398.1071705534973,0.0000026837059854026645
400,501.18723362727246,0.0000031174324992026385
400,630.9573444801931,0.000003836258315210907
400,794.3282347242822,0.00000511514757329933
400,1000.000000000001,0.000007057111382868678
400,1258.9254117941687,0.000009110907253738948
400,1584.893192461114,0.000010218988950014109
400,1995.262314968881,0.000010048875208577785
400,2511.886431509582,0.00000906015355994888
400,3162.2776601683827,0.000007690286547564359
400,3981.071705534978,0.000006177334432504172
400,5011.872336272724,0.0000046807340769562895
400,6309.573444801936,0.00000333008696379156
400,7943.282347242823,0.0000022148131859146264
400,10000,0.000001371878254269456
400,12589.254117941662,7.894039761445673e-7
400,15848.931924611112,4.227254147460009e-7
400,19952.62314968879,2.1415132699572727e-7
400,25118.86431509577,1.0912012890985139e-7
400,31622.776601683792,6.526521360654895e-8
400,39810.71705534969,5.462461607801543e-8
400,50118.72336272726,6.140720946573886e-8
400,63095.7344480193,7.80807753908045e-8
400,79432.82347242822,1.0170324121752929e-7
400,100000,1.3127362303338196e-7
400,125892.54117941689,1.660670344631064e-7
400,158489.31924611138,2.046208103356907e-7
400,199526.23149688792,2.4412193201539304e-7
400,251188.6431509577,2.801894322443769e-7
400,316227.7660168379,3.072615857194126e-7
400,398107.1705534969,3.1981701395547315e-7
400,501187.23362727254,3.143253036727724e-7
400,630957.344480193,2.9114876162970967e-7
400,794328.2347242822,2.5506704157654783e-7
400,1000000,2.1353174810670542e-7
500,10,3.725400827364424e-9
500,12.589254117941673,5.34312556646465e-9
500,15.848931924611135,7.693293067020664e-9
500,19.952623149688794,1.113132346866309e-8
500,25.118864315095795,1.6203841708705032e-8
500,31.622776601683793,2.3765807763880372e-8
500,39.810717055349734,3.517923734193939e-8
500,50.11872336272723,5.265484752088508e-8
500,63.09573444801933,7.983973359513651e-8
500,79.43282347242815,1.227992142916907e-7
500,100,1.91493394192016e-7
500,125.89254117941672,3.0129542234560336e-7
500,158.48931924611142,4.7184853126175335e-7
500,199.5262314968879,7.157095250443246e-7
500,251.18864315095794,0.0000010118926154039005
500,316.22776601683796,0.0000012980790581846364
500,398.1071705534974,0.0000015350685905717412
500,501.18723362727246,0.0000017748383524142518
500,630.957344480193,0.0000021470984018502286
500,794.3282347242822,0.0000028224861456255352
500,1000.0000000000011,0.000003928459749490806
500,1258.9254117941687,0.000005279623345186964
500,1584.893192461114,0.000006244393306446901
500,1995.2623149688807,0.0000063865937034997915
500,2511.8864315095825,0.000005868621859666723
500,3162.2776601683827,0.000005014128551057439
500,3981.0717055349774,0.000004033559453739754
500,5011.872336272726,0.0000030562834189684437
500,6309.573444801936,0.000002177076657193743
500,7943.282347242822,0.0000014562622122338333
500,10000,9.133636355711263e-7
500,12589.254117941664,5.351617411723182e-7
500,15848.93192461111,2.9145789679116793e-7
500,19952.623149688785,1.4730772306944038e-7
500,25118.86431509577,7.00145879220239e-8
500,31622.77660168379,3.324308302250973e-8
500,39810.71705534969,1.866153928366451e-8
500,50118.72336272726,1.5232717117778658e-8
500,63095.7344480193,1.7258975154789972e-8
500,79432.82347242821,2.225487898392064e-8
500,100000,2.943218249603968e-8
500,125892.54117941688,3.86404107701875e-8
500,158489.31924611138,4.989514795159213e-8
500,199526.23149688792,6.30225241183859e-8
500,251188.64315095768,7.751040278617808e-8
500,316227.7660168379,9.22635264534937e-8
500,398107.17055349686,1.0562767753096856e-7
500,501187.2336272725,1.1544539905348826e-7
500,630957.344480193,1.197328208063956e-7
500,794328.2347242822,1.1722276220068253e-7
500,1000000,1.081590230255354e-7
600,10,2.283233882741369e-9
600,12.589254117941675,3.2722701236117415e-9
600,15.848931924611133,4.707169746370273e-9
600,19.952623149688797,6.802766505130101e-9
600,25.118864315095795,9.888295091790436e-9
600,31.622776601683793,1.4476616462880698e-8
600,39.810717055349734,2.138112570247341e-8
600,50.11872336272722,3.19160546821955e-8
600,63.09573444801932,4.824087874045584e-8
600,79.43282347242814,7.393981622077558e-8
600,100,1.149181079167198e-7
600,125.89254117941675,1.8044137084055512e-7
600,158.48931924611145,2.829939880232575e-7
600,199.52623149688787,4.3274407564669463e-7
600,251.18864315095794,6.218861981714199e-7
600,316.22776601683796,8.13737833921551e-7
600,398.1071705534974,9.75128517097592e-7
600,501.18723362727246,0.0000011274617018235122
600,630.9573444801931,0.0000013487878190901763
600,794.3282347242821,0.0000017530679791585906
600,1000.0000000000011,0.0000024580520819944043
600,1258.9254117941687,0.000003453909265611032
600,1584.8931924611143,0.000004450224012242182
600,1995.2623149688811,0.00000509342255329571
600,2511.886431509582,0.000005232010874984022
600,3162.2776601683827,0.0000048500629517294295
600,3981.071705534978,0.000004077249003940526
600,5011.872336272725,0.0000031287207242529473
600,6309.573444801936,0.0000021920055223836092
600,7943.282347242824,0.0000013988940560099316
600,9999.999999999998,8.171602658278172e-7
600,12589.254117941662,4.443841739398086e-7
600,15848.931924611108,2.2972152402473325e-7
600,19952.62314968879,1.1367339075725876e-7
600,25118.864315095772,5.334303936423265e-8
600,31622.776601683796,2.3804393876967977e-8
600,39810.71705534969,1.0831761954871017e-8
600,50118.72336272726,6.1762236175074955e-9
600,63095.734448019306,5.39807845155981e-9
600,79432.82347242821,6.4224393758191e-9
600,100000,8.456145690805439e-9
600,125892.54117941689,1.1299047934121162e-8
600,158489.31924611138,1.4974732765769732e-8
600,199526.2314968879,1.9549471440168013e-8
600,251188.6431509577,2.503182412497453e-8
600,316227.7660168379,3.1293368964958356e-8
600,398107.1705534969,3.79939537495669e-8
600,501187.2336272725,4.4528706142618584e-8
600,630957.344480193,5.004061348370769e-8
600,794328.2347242823,5.3552751624019436e-8
600,1000000,5.42440532534335e-8
700,10,1.5117050869285704e-9
700,12.589254117941673,2.1652453652413474e-9
700,15.848931924611133,3.1123837413637893e-9
700,19.952623149688797,4.493782770477817e-9
700,25.118864315095795,6.524389635465295e-9
700,31.622776601683796,9.537933119562085e-9
700,39.810717055349734,1.4061779676315031e-8
700,50.11872336272722,2.0944796266158876e-8
700,63.09573444801933,3.157700776927841e-8
700,79.43282347242814,4.826084280430819e-8
700,100,7.479622474996429e-8
700,125.89254117941672,1.1721126081754767e-7
700,158.48931924611142,1.8392383862670342e-7
700,199.5262314968879,2.828138930162236e-7
700,251.18864315095794,4.1147016792268526e-7
700,316.227766016838,5.472678356073276e-7
700,398.1071705534973,6.638315913269848e-7
700,501.1872336272725,7.683292927118656e-7
700,630.957344480193,9.094776278748603e-7
700,794.3282347242822,0.000001163755357309213
700,1000.0000000000009,0.0000016198763121724233
700,1258.925411794169,0.0000023130054859865406
700,1584.8931924611143,0.0000031272163083721335
700,1995.262314968881,0.0000039163988715004
700,2511.8864315095825,0.000004661437043509454
700,3162.2776601683827,0.000005189617859468031
700,3981.0717055349774,0.00000513742319578619
700,5011.872336272725,0.00000447749712667603
700,6309.573444801937,0.000003493006908984106
700,7943.282347242823,0.0000024430816935320535
700,10000,0.0000015094837209420132
700,12589.254117941662,8.086386839539709e-7
700,15848.931924611108,3.71862056255967e-7
700,19952.62314968879,1.4921793391901098e-7
700,25118.86431509577,5.55264005559298e-8
700,31622.776601683792,2.083536002543593e-8
700,39810.71705534969,8.255232262664218e-9
700,50118.72336272724,3.699208300853029e-9
700,63095.73444801929,2.3412748966731615e-9
700,79432.82347242821,2.333341654450505e-9
700,100000,2.947287590766232e-9
700,125892.54117941689,3.950013025314018e-9
700,158489.31924611138,5.312871296447505e-9
700,199526.23149688792,7.076959483103983e-9
700,251188.64315095768,9.292407943813415e-9
700,316227.7660168379,1.198257211054816e-8
700,398107.17055349686,1.5110124115570215e-8
700,501187.2336272725,1.8539763176565033e-8
700,630957.344480193,2.2005487399965785e-8
700,794328.2347242822,2.5102535807592106e-8
700,1000000.0000000001,2.7332262435637396e-8
800,10,1.0603963512655159e-9
800,12.589254117941673,1.5180841749591866e-9
800,15.848931924611131,2.1807970189125107e-9
800,19.952623149688794,3.1462996045406385e-9
800,25.118864315095795,4.563629884825244e-9
800,31.622776601683793,6.663549507372092e-9
800,39.810717055349734,9.809598349625744e-9
800,50.11872336272722,1.4585059949235614e-8
800,63.09573444801933,2.1942183604674395e-8
800,79.43282347242815,3.3455073929740054e-8
800,100,5.172346265153758e-8
800,125.89254117941675,8.090244060336219e-8
800,158.48931924611142,1.2694200617515103e-7
800,199.52623149688787,1.9593758556154528e-7
800,251.18864315095797,2.877684410335398e-7
800,316.227766016838,3.879270881829279e-7
800,398.1071705534973,4.7580069899119785e-7
800,501.18723362727246,5.518864148059229e-7
800,630.9573444801931,6.477815701834748e-7
800,794.3282347242822,8.166019140248549e-7
800,1000.000000000001,0.000001123289529078178
800,1258.9254117941687,0.0000016074212059972212
800,1584.893192461114,0.000002215702910879589
800,1995.262314968881,0.000002875620943128774
800,2511.886431509582,0.000003665277905577084
800,3162.2776601683827,0.000004610071909485956
800,3981.071705534978,0.000005302946578616152
800,5011.872336272724,0.000005301724501646434
800,6309.573444801936,0.000004708026690917341
800,7943.282347242823,0.0000038115433028257504
800,10000,0.0000028125902162349484
800,12589.254117941662,0.000001860761764637486
800,15848.931924611112,0.00000107792626859011
800,19952.62314968879,5.31596516476708e-7
800,25118.86431509577,2.163454322384043e-7
800,31622.776601683792,7.067828051754559e-8
800,39810.71705534969,1.8584109227446234e-8
800,50118.72336272726,4.464077305446348e-9
800,63095.7344480193,1.4972014700473026e-9
800,79432.82347242822,1.0509867406978404e-9
800,100000,1.1996465906063341e-9
800,125892.54117941689,1.5851963776446078e-9
800,158489.31924611138,2.146900142463691e-9
800,199526.23149688792,2.896597920322447e-9
800,251188.6431509577,3.866693942452215e-9
800,316227.7660168379,5.089520259540604e-9
800,398107.1705534969,6.582513563068228e-9
800,501187.23362727254,8.331028595053969e-9
800,630957.344480193,1.02676990970347e-8
800,794328.2347242822,1.2252902495846927e-8
800,1000000,1.4067090561658938e-8
900,10,7.767668578640203e-10
900,12.589254117941673,1.1115779296608041e-9
900,15.848931924611135,1.5960091280263415e-9
900,19.952623149688794,2.3011215997542873e-9
900,25.118864315095795,3.33502561518779e-9
900,31.622776601683796,4.864721781941031e-9
900,39.810717055349734,7.152614114833415e-9
900,50.11872336272722,1.0618551170594482e-8
900,63.09573444801932,1.5946146623308626e-8
900,79.43282347242814,2.426327900556915e-8
900,100,3.7433046790844636e-8
900,125.89254117941675,5.844926342325294e-8
900,158.48931924611142,9.167997234732434e-8
900,199.5262314968879,1.418954693917553e-7
900,251.18864315095794,2.0995411587341945e-7
900,316.22776601683796,2.8625942403373044e-7
900,398.1071705534973,3.5469071533838655e-7
900,501.1872336272724,4.1263437027281897e-7
900,630.957344480193,4.812378194902583e-7
900,794.3282347242821,5.987513189587203e-7
900,1000.000000000001,8.134452116179293e-7
900,1258.9254117941687,0.000001160638370073664
900,1584.893192461114,0.0000016127250708217115
900,1995.262314968881,0.000002116412876031528
900,2511.8864315095825,0.000002735684757787803
900,3162.2776601683827,0.0000035538979084422753
900,3981.0717055349783,0.000004322889912901199
900,5011.872336272725,0.000004594122390697867
900,6309.573444801936,0.000004328454513490584
900,7943.282347242822,0.0000037547839293266575
900,9999.999999999998,0.000003039990694698871
900,12589.254117941664,0.000002287368365043828
900,15848.931924611108,0.0000015829660965937275
900,19952.62314968879,9.951016778313673e-7
900,25118.86431509577,5.599816570164963e-7
900,31622.776601683792,2.7696305407805925e-7
900,39810.71705534969,1.1751274110678767e-7
900,50118.72336272725,4.144700757027798e-8
900,63095.73444801929,1.17632507351919e-8
900,79432.82347242821,2.7686263909697473e-9
900,99999.99999999999,8.57780440417116e-10
900,125892.5411794169,7.276418484352648e-10
900,158489.3192461114,9.509800627182797e-10
900,199526.23149688792,1.2920791041373784e-9
900,251188.64315095768,1.7448454651719568e-9
900,316227.7660168379,2.3303125173566232e-9
900,398107.1705534969,3.0688205936537206e-9
900,501187.23362727254,3.971507969102047e-9
900,630957.3444801931,5.030288832325684e-9
900,794328.2347242822,6.205416770153013e-9
900,1000000,7.413513114314959e-9
1000,10,5.876498040980494e-10
1000,12.589254117941673,8.406494432790833e-10
1000,15.848931924611135,1.2064755285131024e-9
1000,19.952623149688794,1.738530611612027e-9
1000,25.118864315095795,2.5179182318199348e-9
1000,31.622776601683793,3.6696690921076517e-9
1000,39.810717055349734,5.389798595516542e-9
1000,50.11872336272723,7.991182096018098e-9
1000,63.09573444801933,1.1982082372710039e-8
1000,79.43282347242815,1.8199647973468785e-8
1000,100,2.8026771434289485e-8
1000,125.89254117941672,4.3695176068270126e-8
1000,158.48931924611142,6.851027146042368e-8
1000,199.5262314968879,1.0626412054899444e-7
1000,251.18864315095794,1.582183144093273e-7
1000,316.22776601683796,2.1788387537033418e-7
1000,398.1071705534974,2.725542418639023e-7
1000,501.18723362727246,3.1820807855458233e-7
1000,630.957344480193,3.6931087782069167e-7
1000,794.3282347242822,4.542782051632098e-7
1000,1000.0000000000011,6.098607078232443e-7
1000,1258.9254117941687,8.661270752174451e-7
1000,1584.893192461114,0.0000012086038290099094
1000,1995.2623149688807,0.0000015931069178205359
1000,2511.8864315095825,0.0000020553803478989986
1000,3162.2776601683827,0.000002667801135645379
1000,3981.0717055349774,0.0000032766880027166528
1000,5011.872336272726,0.0000035348090844539355
1000,6309.573444801936,0.00000337145775303345
1000,7943.282347242822,0.0000029559324295895414
1000,10000,0.0000024241762728895514
1000,12589.254117941664,0.000001856982276762689
1000,15848.93192461111,0.0000013186210512757327
1000,19952.623149688785,8.60695290273217e-7
1000,25118.86431509577,5.123157901690777e-7
1000,31622.77660168379,2.760218866384133e-7
1000,39810.71705534969,1.33632657817801e-7
1000,50118.72336272726,5.7716393901389945e-8
1000,63095.7344480193,2.209863866174844e-8
1000,79432.82347242821,7.506676369122549e-9
1000,100000,2.35652055345454e-9
1000,125892.54117941688,8.496638508877491e-10
1000,158489.31924611138,5.571631209865645e-10
1000,199526.23149688792,6.328435886974594e-10
1000,251188.64315095768,8.387221464387261e-10
1000,316227.7660168379,1.1286550300116532e-9
1000,398107.17055349686,1.5055393102320328e-9
1000,501187.2336272725,1.9802381056690348e-9
1000,630957.344480193,2.5589093804422632e-9
1000,794328.2347242822,3.235216780204035e-9
1000,1000000,3.982242894221602e-9
1100,10,4.578763948933714e-10
1100,12.589254117941673,6.547996156338642e-10
1100,15.848931924611133,9.39379402604714e-10
1100,19.952623149688797,1.3529773142219264e-9
1100,25.118864315095795,1.9583112583047813e-9
1100,31.622776601683796,2.8518918982844886e-9
1100,39.81071705534974,4.1847110550069495e-9
1100,50.11872336272723,6.197243018057057e-9
1100,63.09573444801932,9.279276207001755e-9
1100,79.43282347242814,1.4071686228171976e-8
1100,100,2.1632669482043353e-8
1100,125.89254117941674,3.367491898846776e-8
1100,158.48931924611142,5.276404278420707e-8
1100,199.5262314968879,8.195509698402184e-8
1100,251.18864315095797,1.226224435155211e-7
1100,316.22776601683796,1.7029128939034475e-7
1100,398.1071705534973,2.1487439948058348e-7
1100,501.18723362727246,2.5186716854633995e-7
1100,630.957344480193,2.9134792779474727e-7
1100,794.3282347242821,3.549983048271243e-7
1100,1000.0000000000011,4.714657501807256e-7
1100,1258.9254117941687,6.660924794433736e-7
1100,1584.893192461114,9.320733013122935e-7
1100,1995.2623149688807,0.0000012334345561575127
1100,2511.8864315095825,0.0000015885155578163874
1100,3162.277660168382,0.0000020567946839787294
1100,3981.0717055349783,0.000002542032075359612
1100,5011.872336272725,0.000002775328235194286
1100,6309.573444801936,0.0000026731959503706506
1100,7943.282347242823,0.0000023605906327373064
1100,10000,0.0000019493115650861793
1100,12589.25411794166,0.0000015050075728756988
1100,15848.93192461111,0.00000107859069967491
1100,19952.623149688792,7.11658466468645e-7
1100,25118.864315095765,4.28968966400564e-7
1100,31622.776601683792,2.3456563692134917e-7
1100,39810.71705534969,1.1566361513600963e-7
1100,50118.72336272726,5.130165487335067e-8
1100,63095.734448019306,2.0719407338826413e-8
1100,79432.82347242821,8.201143613541785e-9
1100,100000,4.076210401362105e-9
1100,125892.54117941688,3.412927233933599e-9
1100,158489.3192461114,4.138538549161146e-9
1100,199526.2314968879,5.576794004696347e-9
1100,251188.64315095768,7.619829623757206e-9
1100,316227.7660168379,1.03606182294216e-8
1100,398107.1705534969,1.395721921377332e-8
1100,501187.2336272725,1.857944545432928e-8
1100,630957.344480193,2.4367610414919422e-8
1100,794328.2347242823,3.13761254380888e-8
1100,1000000.0000000001,3.9494444006169654e-8
1200,10,3.6439509889493353e-10
1200,12.589254117941675,5.209727666498374e-10
1200,15.848931924611133,7.471365190534908e-10
1200,19.952623149688797,1.0756337004673536e-9
1200,25.118864315095795,1.5560527454451162e-9
1200,31.622776601683793,2.2645803733087835e-9
1200,39.810717055349734,3.3201996564226766e-9
1200,50.11872336272722,4.912044339424628e-9
1200,63.09573444801932,7.346105410962918e-9
1200,79.43282347242814,1.1124723200819451e-8
1200,100,1.707705130278024e-8
1200,125.89254117941675,2.6548454867546857e-8
1200,158.48931924611145,4.157380492668408e-8
1200,199.52623149688787,6.465169222284011e-8
1200,251.18864315095794,9.714719247068665e-8
1200,316.22776601683796,1.3593429201061502e-7
1200,398.1071705534974,1.7292103487172378e-7
1200,501.18723362727246,2.03553722053003e-7
1200,630.9573444801931,2.3494450593155772e-7
1200,794.3282347242821,2.8403238731822743e-7
1200,1000.0000000000011,3.73673970889122e-7
1200,1258.9254117941687,5.253594274474609e-7
1200,1584.8931924611143,7.370933703687367e-7
1200,1995.2623149688811,9.806659883628592e-7
1200,2511.886431509582,0.0000012665818008385395
1200,3162.2776601683827,0.0000016483789005389453
1200,3981.071705534978,0.000002067992027949248
1200,5011.872336272725,0.000002302377534760739
1200,6309.573444801936,0.0000022490664139408895
1200,7943.282347242824,0.0000020013454189573277
1200,9999.999999999998,0.0000016597137615729452
1200,12589.254117941662,0.000001284498060342309
1200,15848.931924611108,9.216573289454484e-7
1200,19952.62314968879,6.087843966396103e-7
1200,25118.864315095772,3.6799781528243697e-7
1200,31622.776601683796,2.024681598558094e-7
1200,39810.71705534969,1.007892533794838e-7
1200,50118.72336272726,4.515359488781442e-8
1200,63095.734448019306,1.8255420193975837e-8
1200,79432.82347242821,6.938904934674976e-9
1200,100000,2.9627376808193543e-9
1200,125892.54117941689,2.020678301496732e-9
1200,158489.31924611138,2.2422807499707472e-9
1200,199526.2314968879,2.975432981349153e-9
1200,251188.6431509577,4.073361832091568e-9
1200,316227.7660168379,5.5697401967756825e-9
1200,398107.1705534969,7.558999286973816e-9
1200,501187.2336272725,1.0156002770649396e-8
1200,630957.344480193,1.3474287871610967e-8
1200,794328.2347242823,1.7598881302999633e-8
1200,1000000,2.254483738651295e-8
1300,10,2.954874054267886e-10
1300,12.589254117941673,4.223550057033635e-10
1300,15.848931924611135,6.055252754298192e-10
1300,19.952623149688794,8.714317861479689e-10
1300,25.118864315095795,1.2600539247862572e-9
1300,31.622776601683796,1.832729173643699e-9
1300,39.810717055349734,2.685098332243673e-9
1300,50.11872336272722,3.968930086570767e-9
1300,63.09573444801933,5.929344987084539e-9
1300,79.43282347242815,8.96819027885369e-9
1300,100,1.3748456676380543e-8
1300,125.89254117941675,2.1348025352277342e-8
1300,158.48931924611142,3.341018427401863e-8
1300,199.5262314968879,5.200392841091719e-8
1300,251.18864315095794,7.842406660171573e-8
1300,316.2277660168379,1.1046367692131795e-7
1300,398.10717055349744,1.4156696864588727e-7
1300,501.1872336272724,1.6734839019116283e-7
1300,630.957344480193,1.9285232689386776e-7
1300,794.3282347242821,2.3154577848823214e-7
1300,1000.0000000000009,3.019933859638664e-7
1300,1258.9254117941687,4.225675690664243e-7
1300,1584.8931924611143,5.943985343181578e-7
1300,1995.2623149688807,7.959302991903738e-7
1300,2511.886431509582,0.000001034381133888552
1300,3162.2776601683827,0.0000013625040896779357
1300,3981.071705534978,0.000001759330147272914
1300,5011.872336272724,0.0000020435622378180394
1300,6309.573444801937,0.0000020746117850388025
1300,7943.282347242822,0.0000018927010768569201
1300,10000,0.00000159128619057382
1300,12589.254117941664,0.0000012383742571018008
1300,15848.931924611106,8.859909575797748e-7
1300,19952.62314968879,5.781035622972025e-7
1300,25118.864315095772,3.4263189389714593e-7
1300,31622.776601683792,1.846369144030864e-7
1300,39810.71705534969,9.068236293674845e-8
1300,50118.72336272725,4.051989422825391e-8
1300,63095.7344480193,1.640623247790837e-8
1300,79432.82347242821,6.122254298901331e-9
1300,100000,2.3656407401763174e-9
1300,125892.54117941689,1.3225544596302771e-9
1300,158489.3192461114,1.2988283426009212e-9
1300,199526.23149688792,1.6767857901746375e-9
1300,251188.64315095765,2.2932095627086607e-9
1300,316227.7660168379,3.148459649157509e-9
1300,398107.1705534969,4.297654033157752e-9
1300,501187.2336272725,5.816272402776337e-9
1300,630957.344480193,7.786805141725218e-9
1300,794328.2347242822,1.0285369579938102e-8
1300,1000000.0000000001,1.3360313339725078e-8
1400,10,2.4359624429497157e-10
1400,12.589254117941673,3.48105829455904e-10
1400,15.848931924611133,4.989338208292803e-10
1400,19.952623149688797,7.177775848318108e-10
1400,25.118864315095795,1.037415628585562e-9
1400,31.622776601683796,1.5080704532792747e-9
1400,39.810717055349734,2.2079329299420567e-9
1400,50.11872336272722,3.26087586652721e-9
1400,63.09573444801933,4.8666303711372716e-9
1400,79.43282347242814,7.352163850505969e-9
1400,100,1.125659128858628e-8
1400,125.89254117941672,1.7457678322598612e-8
1400,158.48931924611142,2.7302491151046892e-8
1400,199.5262314968879,4.252328139482604e-8
1400,251.18864315095794,6.432226344975497e-8
1400,316.227766016838,9.113996242509865e-8
1400,398.1071705534973,1.1762748867524738e-7
1400,501.1872336272725,1.3967274198303962e-7
1400,630.957344480193,1.6085148098449028e-7
1400,794.3282347242822,1.9203771008400274e-7
1400,1000.0000000000009,2.485454731994368e-7
1400,1258.925411794169,3.4613936020205146e-7
1400,1584.8931924611143,4.877145602766744e-7
1400,1995.262314968881,6.567032648454155e-7
1400,2511.8864315095825,8.580153497120596e-7
1400,3162.2776601683827,0.0000011419499809121802
1400,3981.0717055349774,0.0000015182235428181654
1400,5011.872336272725,0.0000018658692010124296
1400,6309.573444801937,0.000002037881523855691
1400,7943.282347242823,0.0000019830950894545
1400,10000,0.0000017445239076081718
1400,12589.254117941662,0.0000014019396521805437
1400,15848.931924611108,0.0000010255263332304055
1400,19952.62314968879,6.74324079143189e-7
1400,25118.86431509577,3.9360574003507033e-7
1400,31622.776601683792,2.0303004536544537e-7
1400,39810.71705534969,9.34391507046431e-8
1400,50118.72336272724,3.920235390182183e-8
1400,63095.73444801929,1.52591779403969e-8
1400,79432.82347242821,5.5566136953551565e-9
1400,100000,2.011505736516064e-9
1400,125892.54117941689,9.472513607989254e-10
1400,158489.31924611138,8.003106661926862e-10
1400,199526.23149688792,9.896671259045882e-10
1400,251188.64315095768,1.3473200327516639e-9
1400,316227.7660168379,1.8549192028042792e-9
1400,398107.17055349686,2.5435012024443838e-9
1400,501187.2336272725,3.4622692116323726e-9
1400,630957.344480193,4.668935101791096e-9
1400,794328.2347242822,6.2228437659125135e-9
1400,1000000.0000000001,8.17399877466317e-9
1500,10,2.0356239342122717e-10
1500,12.589254117941673,2.9084080296215683e-10
1500,15.848931924611133,4.167569988827234e-10
1500,19.952623149688797,5.993760688117498e-10
1500,25.11886431509579,8.659626670035807e-10
1500,31.622776601683796,1.2582437900111993e-9
1500,39.810717055349734,1.8411002477720025e-9
1500,50.11872336272722,2.717174709495673e-9
1500,63.09573444801933,4.051733148463191e-9
1500,79.43282347242814,6.114997022498678e-9
1500,100,9.352291793175567e-9
1500,125.89254117941674,1.4489597088344837e-8
1500,158.48931924611142,2.2647296039055418e-8
1500,199.5262314968879,3.529166268728818e-8
1500,251.18864315095794,5.352349004391298e-8
1500,316.22776601683796,7.623218001414535e-8
1500,398.1071705534973,9.900472299039839e-8
1500,501.18723362727246,1.1804091537998655e-7
1500,630.957344480193,1.3586616730600818e-7
1500,794.3282347242821,1.613710712749284e-7
1500,1000.0000000000011,2.073397149344534e-7
1500,1258.9254117941687,2.8735708460365525e-7
1500,1584.8931924611143,4.0525554558015336e-7
1500,1995.2623149688807,5.480341437596341e-7
1500,2511.886431509582,7.182434089284873e-7
1500,3162.277660168382,9.607373691360757e-7
1500,3981.0717055349774,0.000001302134633138172
1500,5011.872336272725,0.0000016754990820421053
1500,6309.573444801936,0.000001976933633316844
1500,7943.282347242821,0.000002103329545224141
1500,10000,0.0000019910930309117486
1500,12589.254117941664,0.0000016968788502263212
1500,15848.931924611106,0.0000013128045079925713
1500,19952.623149688792,9.131247238626648e-7
1500,25118.86431509577,5.59834959448278e-7
1500,31622.776601683792,2.9614079848106335e-7
1500,39810.71705534969,1.331169249611388e-7
1500,50118.72336272725,5.1016028347318085e-8
1500,63095.7344480193,1.729439112429813e-8
1500,79432.82347242821,5.5437650230830915e-9
1500,99999.99999999999,1.8165464680507266e-9
1500,125892.54117941688,7.35275800062203e-10
1500,158489.3192461114,5.242990612566483e-10
1500,199526.2314968879,6.092962715623828e-10
1500,251188.6431509577,8.219326218199586e-10
1500,316227.7660168379,1.1332955389766676e-9
1500,398107.1705534969,1.559601553647087e-9
1500,501187.23362727254,2.1329348249934184e-9
1500,630957.344480193,2.8932334307549484e-9
1500,794328.2347242822,3.884472996209079e-9
1500,1000000,5.149048934867837e-9
1600,10,1.7186101037701503e-10
1600,12.589254117941673,2.455013791869988e-10
1600,15.848931924611131,3.5170585665953665e-10
1600,19.952623149688794,5.056714364510332e-10
1600,25.118864315095795,7.303122860011768e-10
1600,31.622776601683793,1.0606583475929712e-9
1600,39.810717055349734,1.5511087242022249e-9
1600,50.11872336272722,2.287605890143739e-9
1600,63.09573444801933,3.4083349702318405e-9
1600,79.43282347242815,5.138970758061242e-9
1600,100,7.851232768172257e-9
1600,125.89254117941675,1.2151812861407905e-8
1600,158.48931924611142,1.8981934866941745e-8
1600,199.52623149688787,2.9593702942039446e-8
1600,251.18864315095797,4.499368424593724e-8
1600,316.227766016838,6.440721337467824e-8
1600,398.1071705534973,8.41763967922953e-8
1600,501.18723362727246,1.0080713904531659e-7
1600,630.9573444801931,1.1603618307631817e-7
1600,794.3282347242822,1.3720279457849082e-7
1600,1000.000000000001,1.7509851240821774e-7
1600,1258.9254117941687,2.414936163390414e-7
1600,1584.893192461114,3.4066762086453417e-7
1600,1995.262314968881,4.622679610722083e-7
1600,2511.886431509582,6.068208149222269e-7
1600,3162.2776601683827,8.126487074193761e-7
1600,3981.071705534978,0.000001112705483341733
1600,5011.872336272724,0.0000014739816592181498
1600,6309.573444801936,0.0000018398284749032119
1600,7943.282347242823,0.000002118719638473757
1600,10000,0.000002162199068963549
1600,12589.254117941662,0.0000019621859933184903
1600,15848.931924611112,0.000001618372652769606
1600,19952.62314968879,0.0000012142298521475631
1600,25118.86431509577,8.152446097869734e-7
1600,31622.776601683792,4.781441289455882e-7
1600,39810.71705534969,2.3823551290207473e-7
1600,50118.72336272726,9.800559117595309e-8
1600,63095.7344480193,3.2605351344533857e-8
1600,79432.82347242822,8.871803967327387e-9
1600,100000,2.1844215209985e-9
1600,125892.54117941689,6.497332335254871e-10
1600,158489.31924611138,3.664916829621989e-10
1600,199526.23149688792,3.900829607148082e-10
1600,251188.6431509577,5.18309119535616e-10
1600,316227.7660168379,7.14778354685215e-10
1600,398107.1705534969,9.869590416162238e-10
1600,501187.23362727254,1.35496760249041e-9
1600,630957.344480193,1.846837450950521e-9
1600,794328.2347242822,2.4945463581797805e-9
1600,1000000,3.3315132318483007e-9
1800,10,1.2681905779309992e-10
1800,12.589254117941673,1.811018057818535e-10
1800,15.848931924611135,2.5934315282911985e-10
1800,19.952623149688794,3.726883900798596e-10
1800,25.118864315095795,5.379149236686989e-10
1800,31.622776601683796,7.806219092316019e-10
1800,39.810717055349734,1.1404758766366555e-9
1800,50.11872336272722,1.6799926609229185e-9
1800,63.09573444801932,2.499439621025419e-9
1800,79.43282347242814,3.762200069490677e-9
1800,100,5.737049087624342e-9
1800,125.89254117941675,8.863224518684776e-9
1800,158.48931924611142,1.3827329014473647e-8
1800,199.5262314968879,2.156526759747697e-8
1800,251.18864315095794,3.290562911276098e-8
1800,316.22776601683796,4.747871607649833e-8
1800,398.1071705534973,6.270667477788178e-8
1800,501.1872336272724,7.569123833461979e-8
1800,630.957344480193,8.71859024444484e-8
1800,794.3282347242821,1.0233960375059501e-7
1800,1000.000000000001,1.2906092517775946e-7
1800,1258.9254117941687,1.7631589010064432e-7
1800,1584.893192461114,2.4848331166841017e-7
1800,1995.262314968881,3.3882340666093937e-7
1800,2511.8864315095825,4.452894313461491e-7
1800,3162.2776601683827,5.943107456721136e-7
1800,3981.0717055349783,8.17221401928346e-7
1800,5011.872336272725,0.0000011062054867636047
1800,6309.573444801936,0.0000014414920533248957
1800,7943.282347242822,0.0000017758124108024442
1800,9999.999999999998,0.0000019502843530943833
1800,12589.254117941664,0.000001887116006174197
1800,15848.931924611108,0.0000016641689719651814
1800,19952.62314968879,0.0000013618113153048477
1800,25118.86431509577,0.0000010305223173060214
1800,31622.776601683792,7.123763018649656e-7
1800,39810.71705534969,4.430707137978029e-7
1800,50118.72336272725,2.436874087980791e-7
1800,63095.73444801929,1.1613689589573609e-7
1800,79432.82347242821,4.676648822502645e-8
1800,99999.99999999999,1.541286541942634e-8
1800,125892.5411794169,4.021312758413838e-9
1800,158489.3192461114,8.570866860155335e-10
1800,199526.23149688792,2.4980631972828387e-10
1800,251188.64315095768,2.1841928747265309e-10
1800,316227.7660168379,2.919037787891231e-10
1800,398107.1705534969,4.041343106606152e-10
1800,501187.23362727254,5.58208021553732e-10
1800,630957.3444801931,7.667488138499763e-10
1800,794328.2347242822,1.0457259502956096e-9
1800,1000000,1.4135557960544626e-9
2000,10,9.646365314790861e-11
2000,12.589254117941673,1.3771592925664342e-10
2000,15.848931924611135,1.9714618121825328e-10
2000,19.952623149688794,2.8318758807317716e-10
2000,25.118864315095795,4.0851718780319234e-10
2000,31.622776601683793,5.924461671657158e-10
2000,39.810717055349734,8.648419514171281e-10
2000,50.11872336272723,1.2726803289826725e-9
2000,63.09573444801933,1.8911459895452498e-9
2000,79.43282347242815,2.8425210580773572e-9
2000,100,4.327759450864186e-9
2000,125.89254117941672,6.6756416322019125e-9
2000,158.48931924611142,1.0403415315994985e-8
2000,199.5262314968879,1.6230490320900494e-8
2000,251.18864315095794,2.484242058302887e-8
2000,316.22776601683796,3.60948216850683e-8
2000,398.1071705534974,4.812753440864315e-8
2000,501.18723362727246,5.8537318752375406e-8
2000,630.957344480193,6.751808435460972e-8
2000,794.3282347242822,7.878369903463848e-8
2000,1000.0000000000011,9.831534821703009e-8
2000,1258.9254117941687,1.3310344038701468e-7
2000,1584.893192461114,1.8725225210952629e-7
2000,1995.2623149688807,2.5632255862542093e-7
2000,2511.8864315095825,3.370947781847286e-7
2000,3162.2776601683827,4.4748740286023146e-7
2000,3981.0717055349774,6.13313365048002e-7
2000,5011.872336272726,8.330973894091835e-7
2000,6309.573444801936,0.0000010919977615995408
2000,7943.282347242822,0.0000013587728430533278
2000,10000,0.0000015134114134250208
2000,12589.254117941664,0.0000014806389449447658
2000,15848.93192461111,0.0000013162708296420547
2000,19952.623149688785,0.0000010873173893039224
2000,25118.86431509577,8.344670305084468e-7
2000,31622.77660168379,5.892927152573413e-7
2000,39810.71705534969,3.784454877072721e-7
2000,50118.72336272726,2.184165433732104e-7
2000,63095.7344480193,1.1202405611496362e-7
2000,79432.82347242821,5.0532539854145736e-8
2000,100000,1.9856381094122187e-8
2000,125892.54117941688,6.74399631860181e-9
2000,158489.31924611138,1.984846137954067e-9
2000,199526.23149688792,5.413121086709348e-10
2000,251188.64315095768,1.9530634077770503e-10
2000,316227.7660168379,1.5607886862183756e-10
2000,398107.17055349686,1.9758474645285408e-10
2000,501187.2336272725,2.7140836792790354e-10
2000,630957.344480193,3.744590208521272e-10
2000,794328.2347242822,5.140048653120094e-10
2000,1000000,7.004589353328172e-10
2250,10,7.14326132053569e-11
2250,12.589254117941675,1.019521573721263e-10
2250,15.848931924611133,1.4589794879453015e-10
2250,19.952623149688794,2.0948122914403253e-10
2250,25.118864315095795,3.0202541704776e-10
2250,31.622776601683796,4.377088870476039e-10
2250,39.810717055349734,6.384175639824903e-10
2250,50.11872336272722,9.384990463885722e-10
2250,63.09573444801932,1.3928013221132213e-9
2250,79.43282347242814,2.09034074679323e-9
2250,100,3.1771974532600075e-9
2250,125.89254117941674,4.892503018315258e-9
2250,158.48931924611142,7.61448146127645e-9
2250,199.5262314968879,1.1878606196913017e-8
2250,251.18864315095794,1.8228204023973797e-8
2250,316.22776601683796,2.665619675071743e-8
2250,398.1071705534973,3.58788101483475e-8
2250,501.18723362727246,4.399363318970922e-8
2250,630.957344480193,5.0844385334009035e-8
2250,794.3282347242821,5.899066805240111e-8
2250,1000.0000000000009,7.280538642451566e-8
2250,1258.925411794169,9.755023630337114e-8
2250,1584.8931924611143,1.3681983453838106e-7
2250,1995.2623149688807,1.8800512296298709e-7
2250,2511.8864315095825,2.476138692596761e-7
2250,3162.2776601683827,3.2686019889980705e-7
2250,3981.0717055349774,4.457194260660227e-7
2250,5011.872336272725,6.064791153961225e-7
2250,6309.573444801936,7.98643043242019e-7
2250,7943.282347242823,0.000001004186434756785
2250,10000,0.0000011394852237986692
2250,12589.254117941662,0.0000011338364722054066
2250,15848.93192461111,0.0000010196401993757266
2250,19952.62314968879,8.499464048558093e-7
2250,25118.864315095772,6.579591096464473e-7
2250,31622.776601683792,4.687562381509079e-7
2250,39810.71705534969,3.0389529586068007e-7
2250,50118.72336272726,1.7734923967038756e-7
2250,63095.7344480193,9.226477293773445e-8
2250,79432.82347242821,4.241190301288041e-8
2250,99999.99999999999,1.709542917679907e-8
2250,125892.54117941689,6.042309008723854e-9
2250,158489.3192461114,1.953957757406959e-9
2250,199526.23149688792,7.25577778797869e-10
2250,251188.6431509577,4.942261067976037e-10
2250,316227.7660168379,5.792168193506084e-10
2250,398107.1705534969,7.890082618416209e-10
2250,501187.2336272725,1.0957082287607713e-9
2250,630957.344480193,1.5195596180659267e-9
2250,794328.2347242822,2.0979818489086874e-9
2250,1000000,2.8797514232542235e-9
2500,10,5.445213189707887e-11
2500,12.589254117941673,7.769769232804086e-11
2500,15.848931924611133,1.1115449718374371e-10
2500,19.952623149688797,1.5953471792221758e-10
2500,25.118864315095795,2.2990253821212073e-10
2500,31.6227766016838,3.329845330111625e-10
2500,39.810717055349734,4.853098943852943e-10
2500,50.11872336272722,7.127699811272815e-10
2500,63.09573444801933,1.056627249920127e-9
2500,79.43282347242815,1.5837263169615388e-9
2500,100,2.403633271995067e-9
2500,125.89254117941672,3.695809118236866e-9
2500,158.48931924611142,5.745464026635977e-9
2500,199.52623149688787,8.962683941133089e-9
2500,251.18864315095794,1.3785653633666553e-8
2500,316.22776601683796,2.027858545408068e-8
2500,398.1071705534973,2.753671629061306e-8
2500,501.1872336272724,3.403657601721106e-8
2500,630.957344480193,3.9443046001529006e-8
2500,794.3282347242821,4.5563246778578935e-8
2500,1000.000000000001,5.5697436649237115e-8
2500,1258.9254117941687,7.391865148328743e-8
2500,1584.8931924611143,1.033341923999803e-7
2500,1995.2623149688807,1.4248593077634358e-7
2500,2511.8864315095825,1.8812979659207024e-7
2500,3162.2776601683827,2.4745951815628443e-7
2500,3981.0717055349774,3.3641244705199444e-7
2500,5011.872336272725,4.602941950077675e-7
2500,6309.573444801937,6.157783370398367e-7
2500,7943.282347242822,8.02824556950379e-7
2500,10000,9.731613452934024e-7
2500,12589.254117941664,0.0000010441240886683793
2500,15848.93192461111,9.954478877220426e-7
2500,19952.62314968879,8.63816344227235e-7
2500,25118.86431509577,6.885977192648144e-7
2500,31622.776601683792,5.001051855115671e-7
2500,39810.71705534969,3.257317722400486e-7
2500,50118.72336272726,1.8724642563677106e-7
2500,63095.734448019306,9.396760355489139e-8
2500,79432.82347242822,4.1124414583103256e-8
2500,100000,1.584381057012497e-8
2500,125892.54117941688,5.4410076717853355e-9
2500,158489.3192461114,1.6986481697190626e-9
2500,199526.2314968879,5.433827793485843e-10
2500,251188.6431509577,2.7379526875113227e-10
2500,316227.7660168379,2.753716688462798e-10
2500,398107.1705534969,3.655859943646878e-10
2500,501187.2336272724,5.07470287679762e-10
2500,630957.344480193,7.059907568511166e-10
2500,794328.2347242823,9.78900455830967e-10
2500,1000000,1.3509126875190606e-9
2750,10,4.280110165605468e-11
2750,12.589254117941675,6.106056153705526e-11
2750,15.848931924611135,8.733130901698757e-11
2750,19.952623149688797,1.2530271398029514e-10
2750,25.1188643150958,1.8049977121811566e-10
2750,31.622776601683796,2.613013865406162e-10
2750,39.810717055349734,3.80600447917102e-10
2750,50.118723362727216,5.585597664688615e-10
2750,63.09573444801933,8.272571918887937e-10
2750,79.43282347242814,1.2385728337641772e-9
2750,100,1.8774418529011113e-9
2750,125.89254117941672,2.882988613966846e-9
2750,158.48931924611142,4.4770141563842905e-9
2750,199.5262314968879,6.981949459881798e-9
2750,251.18864315095794,1.0755104596074599e-8
2750,316.22776601683796,1.5889186744408974e-8
2750,398.1071705534974,2.172563339495436e-8
2750,501.1872336272725,2.7032899309839572e-8
2750,630.957344480193,3.140796895062179e-8
2750,794.3282347242822,3.6163037394022945e-8
2750,1000.0000000000011,4.3856429397985246e-8
2750,1258.9254117941687,5.771093287000477e-8
2750,1584.8931924611143,8.038557390230005e-8
2750,1995.2623149688807,1.1112868753619556e-7
2750,2511.886431509582,1.4712264096712992e-7
2750,3162.277660168382,1.9305059387360583e-7
2750,3981.0717055349783,2.6162925716711626e-7
2750,5011.872336272724,3.5919184312239175e-7
2750,6309.573444801937,4.859299940198005e-7
2750,7943.282347242823,6.514260680325668e-7
2750,10000,8.432664949778679e-7
2750,12589.254117941664,0.0000010113133978992326
2750,15848.93192461111,0.0000010888784668591609
2750,19952.62314968879,0.0000010405918003288243
2750,25118.864315095772,9.000793917779798e-7
2750,31622.77660168379,7.111856164324729e-7
2750,39810.71705534969,5.075897414477029e-7
2750,50118.72336272725,3.201756078659576e-7
2750,63095.7344480193,1.7377163674076626e-7
2750,79432.82347242821,7.882918040108187e-8
2750,99999.99999999999,2.9111689927845624e-8
2750,125892.54117941689,8.656028943122028e-9
2750,158489.3192461114,2.1431833778982207e-9
2750,199526.23149688792,5.094299043722286e-10
2750,251188.64315095768,1.73979436522677e-10
2750,316227.7660168379,1.3532863444761164e-10
2750,398107.1705534969,1.6997460668026557e-10
2750,501187.2336272725,2.3481869942833855e-10
2750,630957.3444801931,3.273621923136044e-10
2750,794328.2347242822,4.5543956417789523e-10
2750,1000000.0000000001,6.312164056361396e-10
3000,10,3.4322961512555165e-11
3000,12.589254117941673,4.89568630905886e-11
3000,15.848931924611133,7.000451829063426e-11
3000,19.952623149688797,1.0041424936894846e-10
3000,25.11886431509579,1.4459717204806368e-10
3000,31.622776601683796,2.092355796922034e-10
3000,39.810717055349734,3.0459867914365706e-10
3000,50.11872336272722,4.4672342331016916e-10
3000,63.09573444801933,6.610853845307212e-10
3000,79.43282347242814,9.888277565638065e-10
3000,100,1.4972386233085656e-9
3000,125.89254117941674,2.2965464439761718e-9
3000,158.48931924611142,3.562980863477469e-9
3000,199.5262314968879,5.5552007073535035e-9
3000,251.18864315095794,8.568835336743794e-9
3000,316.22776601683796,1.2708677251437865e-8
3000,398.1071705534973,1.7487200633692804e-8
3000,501.18723362727246,2.1896879707032114e-8
3000,630.957344480193,2.5511433108846955e-8
3000,794.3282347242821,2.9298637431020772e-8
3000,1000.0000000000011,3.528361303399512e-8
3000,1258.9254117941687,4.606529617712834e-8
3000,1584.8931924611143,6.392140404486158e-8
3000,1995.2623149688807,8.853990494010299e-8
3000,2511.886431509582,1.1751518777958384e-7
3000,3162.277660168382,1.5386477528835594e-7
3000,3981.0717055349774,2.0772585270866075e-7
3000,5011.872336272725,2.85349361636657e-7
3000,6309.573444801936,3.877496075251072e-7
3000,7943.282347242821,5.255876302375302e-7
3000,10000,7.005096404508342e-7
3000,12589.254117941664,8.869466972344272e-7
3000,15848.931924611106,0.0000010244725257759686
3000,19952.623149688792,0.0000010419980738042254
3000,25118.86431509577,9.512979167174112e-7
3000,31622.776601683792,7.996132162243885e-7
3000,39810.71705534969,6.195515517358946e-7
3000,50118.72336272725,4.3680120832880674e-7
3000,63095.7344480193,2.7507161457136784e-7
3000,79432.82347242821,1.513339699198977e-7
3000,99999.99999999999,7.085948240953784e-8
3000,125892.54117941688,2.736926485326115e-8
3000,158489.3192461114,8.403056594202361e-9
3000,199526.2314968879,1.9786990457469002e-9
3000,251188.6431509577,3.729481594239673e-10
3000,316227.7660168379,1.0361333293313972e-10
3000,398107.1705534969,9.419694206952882e-11
3000,501187.23362727254,1.2721903736364153e-10
3000,630957.344480193,1.7746647290148678e-10
3000,794328.2347242822,2.4747235040436357e-10
3000,1000000,3.4401737943886485e-10
3500,10,2.3260705279925954e-11
3500,12.589254117941675,3.3168096507037204e-11
3500,15.848931924611135,4.7409825720193424e-11
3500,19.952623149688797,6.79721658023132e-11
3500,25.1188643150958,9.782210779127726e-11
3500,31.622776601683796,1.4144578015942612e-10
3500,39.810717055349734,2.0572230222705913e-10
3500,50.118723362727216,3.013681387616997e-10
3500,63.09573444801933,4.4536241216282985e-10
3500,79.43282347242814,6.650568321503285e-10
3500,100,1.0050975821841706e-9
3500,125.89254117941672,1.5386088390554016e-9
3500,158.48931924611142,2.3829823496960855e-9
3500,199.52623149688787,3.713083585031215e-9
3500,251.18864315095794,5.738362866791878e-9
3500,316.22776601683796,8.563470028137006e-9
3500,398.1071705534974,1.1908659414084202e-8
3500,501.1872336272724,1.507909119156299e-8
3500,630.957344480193,1.7667492237245078e-8
3500,794.3282347242822,2.0219542314366635e-8
3500,1000.0000000000011,2.4068557149778285e-8
3500,1258.9254117941687,3.0983560593229563e-8
3500,1584.893192461114,4.265499012563898e-8
3500,1995.262314968881,5.9221729601960185e-8
3500,2511.8864315095825,7.898087333245662e-8
3500,3162.2776601683827,1.0308971534006393e-7
3500,3981.071705534978,1.3807395252519156e-7
3500,5011.872336272725,1.8915173722378597e-7
3500,6309.573444801936,2.571432569471984e-7
3500,7943.282347242824,3.488708368678153e-7
3500,9999.999999999998,4.6962700800595464e-7
3500,12589.254117941664,6.065154338645716e-7
3500,15848.931924611108,7.183859138476841e-7
3500,19952.623149688792,7.458944296901499e-7
3500,25118.86431509577,6.895139545682426e-7
3500,31622.776601683796,5.864985902086798e-7
3500,39810.71705534969,4.628635346681266e-7
3500,50118.72336272725,3.3616478627746413e-7
3500,63095.7344480193,2.2166236648831653e-7
3500,79432.82347242821,1.3072956744498616e-7
3500,100000,6.792398995899023e-8
3500,125892.54117941688,3.064351533688665e-8
3500,158489.3192461114,1.1844614159212084e-8
3500,199526.2314968879,3.877681549787234e-9
3500,251188.64315095768,1.0701485814713793e-9
3500,316227.7660168379,2.590880614682443e-10
3500,398107.17055349686,7.444626623693082e-11
3500,501187.2336272725,5.0137024907601757e-11
3500,630957.344480193,6.216382714974001e-11
3500,794328.2347242823,8.602946361124452e-11
3500,1000000,1.1999284357478168e-10
4000,10,1.6578426718550358e-11
4000,12.589254117941673,2.3633493029381068e-11
4000,15.848931924611135,3.377021328292311e-11
4000,19.952623149688794,4.839702082518668e-11
4000,25.118864315095795,6.96148491263011e-11
4000,31.622776601683793,1.0059514904183715e-10
4000,39.810717055349734,1.4619190063112038e-10
4000,50.11872336272723,2.1395072038497614e-10
4000,63.09573444801933,3.1579974680830904e-10
4000,79.43282347242815,4.709115961079857e-10
4000,100,7.105283015430094e-10
4000,125.89254117941672,1.0858068886275674e-9
4000,158.48931924611142,1.6791446269150028e-9
4000,199.5262314968879,2.6147544252965104e-9
4000,251.18864315095794,4.047001990206989e-9
4000,316.22776601683796,6.07071896814124e-9
4000,398.1071705534974,8.520570087105792e-9
4000,501.18723362727246,1.0901546411323522e-8
4000,630.957344480193,1.285126516148599e-8
4000,794.3282347242822,1.4682644898294553e-8
4000,1000.0000000000011,1.7319109642084315e-8
4000,1258.9254117941687,2.2026255489648736e-8
4000,1584.893192461114,3.008746309487912e-8
4000,1995.2623149688807,4.181463527666694e-8
4000,2511.8864315095825,5.601570410691847e-8
4000,3162.2776601683827,7.300342158481979e-8
4000,3981.0717055349774,9.711902567195274e-8
4000,5011.872336272726,1.3260328819170725e-7
4000,6309.573444801936,1.8024173045917207e-7
4000,7943.282347242822,2.44437524811643e-7
4000,10000,3.3148995058516476e-7
4000,12589.254117941664,4.38956685682698e-7
4000,15848.93192461111,5.488451689336369e-7
4000,19952.623149688785,6.131900644524296e-7
4000,25118.86431509577,6.031217987072312e-7
4000,31622.77660168379,5.362207175605321e-7
4000,39810.71705534969,4.382769125891574e-7
4000,50118.72336272726,3.2766139846784594e-7
4000,63095.7344480193,2.2042521063339876e-7
4000,79432.82347242821,1.3081278260369467e-7
4000,100000,6.720172476227138e-8
4000,125892.54117941688,2.9486262949493984e-8
4000,158489.31924611138,1.1014477219697364e-8
4000,199526.23149688792,3.530808807380463e-9
4000,251188.64315095768,9.916636723441472e-10
4000,316227.7660168379,2.700437376087603e-10
4000,398107.17055349686,1.1198885438175209e-10
4000,501187.2336272725,1.0513497210778552e-10
4000,630957.344480193,1.3946299441530848e-10
4000,794328.2347242822,1.945613747350651e-10
4000,1000000,2.722272063482448e-10
4500,10,1.2361496266985016e-11
4500,12.589254117941675,1.7618352244882214e-11
4500,15.848931924611133,2.5168521645168386e-11
4500,19.952623149688794,3.60578791824407e-11
4500,25.118864315095795,5.184479194260108e-11
4500,31.622776601683796,7.487856631072855e-11
4500,39.810717055349734,1.0874932939359746e-10
4500,50.11872336272722,1.5902827350117164e-10
4500,63.09573444801932,2.3450570098801376e-10
4500,79.43282347242814,3.49283884120432e-10
4500,100,5.263064240563121e-10
4500,125.89254117941674,8.03120700162818e-10
4500,158.48931924611142,1.2403218043324233e-9
4500,199.5262314968879,1.9300036110984523e-9
4500,251.18864315095794,2.98957865611042e-9
4500,316.22776601683796,4.500725169844492e-9
4500,398.1071705534973,6.3610872019440245e-9
4500,501.18723362727246,8.206623433812977e-9
4500,630.957344480193,9.727190421704828e-9
4500,794.3282347242821,1.1106422593508648e-8
4500,1000.0000000000009,1.3011790541123597e-8
4500,1258.925411794169,1.638515973221684e-8
4500,1584.8931924611143,2.2219565525966336e-8
4500,1995.2623149688807,3.086864385870011e-8
4500,2511.8864315095825,4.14888687308549e-8
4500,3162.2776601683827,5.402295949893285e-8
4500,3981.0717055349774,7.145802860663425e-8
4500,5011.872336272725,9.723218036660941e-8
4500,6309.573444801936,1.321600971103955e-7
4500,7943.282347242823,1.7920421422948555e-7
4500,10000,2.443774885840436e-7
4500,12589.254117941662,3.30416905953144e-7
4500,15848.93192461111,4.3688948628209234e-7
4500,19952.62314968879,5.461456336389396e-7
4500,25118.864315095772,6.19191679790919e-7
4500,31622.776601683792,6.20002018832379e-7
4500,39810.71705534969,5.589365364495304e-7
4500,50118.72336272726,4.628717294895898e-7
4500,63095.7344480193,3.507964063786217e-7
4500,79432.82347242821,2.391508020312491e-7
4500,99999.99999999999,1.4326330964475178e-7
4500,125892.54117941689,7.330921738264036e-8
4500,158489.3192461114,3.0995640321053855e-8
4500,199526.23149688792,1.0427177094856166e-8
4500,251188.6431509577,2.6878118171527776e-9
4500,316227.7660168379,5.2705670148004e-10
4500,398107.1705534969,9.985684605185339e-11
4500,501187.2336272725,4.8317563146233573e-11
4500,630957.344480193,5.7341283592968283e-11
4500,794328.2347242822,7.941941996327044e-11
4500,1000000,1.1127651944516534e-10
5000,10,9.474854251380296e-12
5000,12.589254117941673,1.3501560519338285e-11
5000,15.848931924611133,1.9282903980914807e-11
5000,19.952623149688797,2.7617514908377944e-11
5000,25.118864315095795,3.969414682338821e-11
5000,31.6227766016838,5.7302731041594523e-11
5000,39.810717055349734,8.317473978379023e-11
5000,50.11872336272722,1.2154218658132765e-10
5000,63.09573444801933,1.790709988598201e-10
5000,79.43282347242815,2.6643719841140806e-10
5000,100,4.0098608208932985e-10
5000,125.89254117941672,6.110911716554218e-10
5000,158.48931924611142,9.426301396278635e-10
5000,199.52623149688787,1.4658572420058907e-9
5000,251.18864315095794,2.2724163874592797e-9
5000,316.22776601683796,3.43272737323717e-9
5000,398.1071705534973,4.883923306790319e-9
5000,501.1872336272724,6.352625246563253e-9
5000,630.957344480193,7.573163419600343e-9
5000,794.3282347242821,8.648328712876512e-9
5000,1000.000000000001,1.0073968150363288e-8
5000,1258.9254117941687,1.2572511487528862e-8
5000,1584.8931924611143,1.6930493498994883e-8
5000,1995.2623149688807,2.3503885415382373e-8
5000,2511.8864315095825,3.169439248941396e-8
5000,3162.2776601683827,4.1271634632714067e-8
5000,3981.0717055349774,5.4332014000486856e-8
5000,5011.872336272725,7.367328174455938e-8
5000,6309.573444801937,1.0009517860347853e-7
5000,7943.282347242822,1.3554927735557825e-7
5000,10000,1.8496234430903824e-7
5000,12589.254117941664,2.516200970422995e-7
5000,15848.93192461111,3.3807629179782765e-7
5000,19952.62314968879,4.353014333936029e-7
5000,25118.86431509577,5.111122961304187e-7
5000,31622.776601683792,5.258767980067823e-7
5000,39810.71705534969,4.828049500049234e-7
5000,50118.72336272726,4.0761685721893025e-7
5000,63095.734448019306,3.179567378645383e-7
5000,79432.82347242822,2.2675661517497446e-7
5000,100000,1.4558140267807885e-7
5000,125892.54117941688,8.269224393429594e-8
5000,158489.3192461114,4.0804925664270627e-8
5000,199526.2314968879,1.7176697661684726e-8
5000,251188.6431509577,6.062484574331121e-9
5000,316227.7660168379,1.767968548564469e-9
5000,398107.1705534969,4.259979622489983e-10
5000,501187.2336272724,9.53247548582448e-11
5000,630957.344480193,3.7506327106297556e-11
5000,794328.2347242823,3.8718995588875576e-11
5000,1000000,5.291710920933511e-11
6000,10,6.012967253816551e-12
6000,12.589254117941673,8.565701529747584e-12
6000,15.848931924611133,1.2228663118094737e-11
6000,19.952623149688797,1.7505514188250815e-11
6000,25.11886431509579,2.514466891918411e-11
6000,31.622776601683796,3.627074307462434e-11
6000,39.810717055349734,5.25958620407074e-11
6000,50.11872336272722,7.67655770618603e-11
6000,63.09573444801933,1.1293471344444965e-10
6000,79.43282347242814,1.6773771228761567e-10
6000,100,2.5192566568478194e-10
6000,125.89254117941674,3.83063543879084e-10
6000,158.48931924611142,5.896148692547285e-10
6000,199.5262314968879,9.156263154052019e-10
6000,251.18864315095794,1.4204612897665184e-9
6000,316.22776601683796,2.156064839268538e-9
6000,398.1071705534973,3.098960662397444e-9
6000,501.18723362727246,4.085567899031234e-9
6000,630.957344480193,4.9222718495103496e-9
6000,794.3282347242821,5.632330593000218e-9
6000,1000.0000000000011,6.510194298916307e-9
6000,1258.9254117941687,8.012983866393315e-9
6000,1584.8931924611143,1.0659903642112675e-8
6000,1995.2623149688807,1.4754574061315708e-8
6000,2511.886431509582,1.998251267768721e-8
6000,3162.277660168382,2.6033310476934254e-8
6000,3981.0717055349774,3.4007773081889616e-8
6000,5011.872336272725,4.579693052319147e-8
6000,6309.573444801936,6.212578867604003e-8
6000,7943.282347242821,8.385790200118272e-8
6000,10000,1.1404094821906553e-7
6000,12589.254117941664,1.552681617290105e-7
6000,15848.931924611106,2.106020803673085e-7
6000,19952.623149688792,2.800576332544626e-7
6000,25118.86431509577,3.517474582015199e-7
6000,31622.776601683792,3.9538794285721677e-7
6000,39810.71705534969,3.905922820797433e-7
6000,50118.72336272725,3.479076185140701e-7
6000,63095.7344480193,2.845706470344357e-7
6000,79432.82347242821,2.125988571434116e-7
6000,99999.99999999999,1.424311429648133e-7
6000,125892.54117941688,8.356560377900187e-8
6000,158489.3192461114,4.18457288342587e-8
6000,199526.2314968879,1.7460901537494314e-8
6000,251188.6431509577,5.977375964954451e-9
6000,316227.7660168379,1.6822022574387113e-9
6000,398107.1705534969,4.028850624579998e-10
6000,501187.23362727254,9.665147683462377e-11
6000,630957.344480193,4.281824120810682e-11
6000,794328.2347242822,4.527804661547248e-11
6000,1000000,6.180546679606821e-11
7000,10,4.103641587822115e-12
7000,12.589254117941675,5.844370195988008e-12
7000,15.848931924611135,8.341053705511312e-12
7000,19.952623149688797,1.1935762977760916e-11
7000,25.1188643150958,1.7136122839927096e-11
7000,31.622776601683796,2.4703721841730876e-11
7000,39.810717055349734,3.579587556367156e-11
7000,50.118723362727216,5.219709981990194e-11
7000,63.09573444801933,7.670351764013521e-11
7000,79.43282347242814,1.137694554886088e-10
7000,100,1.705980305437517e-10
7000,125.89254117941672,2.589442944130829e-10
7000,158.48931924611142,3.9788254396201374e-10
7000,199.52623149688787,6.171458257327122e-10
7000,251.18864315095794,9.577294637253872e-10
7000,316.22776601683796,1.4586124777716888e-9
7000,398.1071705534974,2.1125738085228065e-9
7000,501.1872336272724,2.815042605360854e-9
7000,630.957344480193,3.4223255616932588e-9
7000,794.3282347242822,3.925937620063034e-9
7000,1000.0000000000011,4.5131960666038675e-9
7000,1258.9254117941687,5.494276699218848e-9
7000,1584.893192461114,7.2326613683994546e-9
7000,1995.262314968881,9.976405486210523e-9
7000,2511.8864315095825,1.3559165379706656e-8
7000,3162.2776601683827,1.769814153566909e-8
7000,3981.071705534978,2.3002420642593086e-8
7000,5011.872336272725,3.078802375542571e-8
7000,6309.573444801936,4.16806062192219e-8
7000,7943.282347242824,5.6099236151993565e-8
7000,9999.999999999998,7.600193731798062e-8
7000,12589.254117941664,1.0337757463622257e-7
7000,15848.931924611108,1.407324674645124e-7
7000,19952.623149688792,1.9074760721522947e-7
7000,25118.86431509577,2.530600827101684e-7
7000,31622.776601683796,3.167894899398461e-7
7000,39810.71705534969,3.5512784835381906e-7
7000,50118.72336272725,3.4919109062534066e-7
7000,63095.7344480193,3.1024599800947163e-7
7000,79432.82347242821,2.5417226424396403e-7
7000,100000,1.91262575439495e-7
7000,125892.54117941688,1.3029765726800204e-7
7000,158489.3192461114,7.89104128048894e-8
7000,199526.2314968879,4.16209101857317e-8
7000,251188.64315095768,1.8697210074645493e-8
7000,316227.7660168379,6.9867294832807705e-9
7000,398107.17055349686,2.1191346390128157e-9
7000,501187.2336272725,5.105379576911563e-10
7000,630957.344480193,1.007424818260569e-10
7000,794328.2347242823,2.590739409458239e-11
7000,1000000,2.1025120303558393e-11
8000,10,2.943462096853653e-12
8000,12.589254117941673,4.1911899457250595e-12
8000,15.848931924611135,5.980098300235629e-12
8000,19.952623149688794,8.554544175277594e-12
8000,25.118864315095795,1.2276740657844778e-11
8000,31.622776601683793,1.7689390671131516e-11
8000,39.810717055349734,2.5615904366144718e-11
8000,50.11872336272723,3.732367777559802e-11
8000,63.09573444801933,5.4794696410105506e-11
8000,79.43282347242815,8.118001091697066e-11
8000,100,1.215661088380661e-10
8000,125.89254117941672,1.8424559499163504e-10
8000,158.48931924611142,2.826883824346107e-10
8000,199.5262314968879,4.380150578409202e-10
8000,251.18864315095794,6.798803723770993e-10
8000,316.22776601683796,1.038292265482922e-9
8000,398.1071705534974,1.5135123813967624e-9
8000,501.18723362727246,2.035713890523998e-9
8000,630.957344480193,2.495677485630102e-9
8000,794.3282347242822,2.871400651356737e-9
8000,1000.0000000000011,3.2873703008679235e-9
8000,1258.9254117941687,3.964627673697867e-9
8000,1584.893192461114,5.169085263538392e-9
8000,1995.2623149688807,7.1030252206686095e-9
8000,2511.8864315095825,9.682135758788651e-9
8000,3162.2776601683827,1.2669806328504367e-8
8000,3981.0717055349774,1.6409722623200544e-8
8000,5011.872336272726,2.1847861095750785e-8
8000,6309.573444801936,2.952588012313816e-8
8000,7943.282347242822,3.9665832450249315e-8
8000,10000,5.355321043904494e-8
8000,12589.254117941664,7.269319813770129e-8
8000,15848.93192461111,9.886068048365894e-8
8000,19952.623149688785,1.344589591092993e-7
8000,25118.86431509577,1.8077424431730364e-7
8000,31622.77660168379,2.330120084763471e-7
8000,39810.71705534969,2.714581119783596e-7
8000,50118.72336272726,2.74817533073625e-7
8000,63095.7344480193,2.48170439872652e-7
8000,79432.82347242821,2.0587363752674908e-7
8000,100000,1.5705080613285077e-7
8000,125892.54117941688,1.0861962120594496e-7
8000,158489.31924611138,6.679017459041911e-8
8000,199526.23149688792,3.573057774212755e-8
8000,251188.64315095768,1.6273695319452824e-8
8000,316227.7660168379,6.191520057566346e-9
8000,398107.17055349686,1.9409529581152817e-9
8000,501187.2336272725,5.00254472303767e-10
8000,630957.344480193,1.1318970951777531e-10
8000,794328.2347242822,3.5347063989501706e-11
8000,1000000,2.956070133942525e-11
10000,10,1.6956043628780485e-12
10000,12.589254117941673,2.4135630119791656e-12
10000,15.848931924611133,3.442293200792279e-12
10000,19.952623149688797,4.921624185422591e-12
10000,25.118864315095795,7.058447303511114e-12
10000,31.6227766016838,1.0162071800140041e-11
10000,39.810717055349734,1.4700594873885894e-11
10000,50.11872336272722,2.1392404539841405e-11
10000,63.09573444801933,3.135729563346584e-11
10000,79.43282347242815,4.636955864436697e-11
10000,100,6.928435922168339e-11
10000,125.89254117941672,1.0474716518656332e-10
10000,158.48931924611142,1.6031060142273207e-10
10000,199.52623149688787,2.479112007039434e-10
10000,251.18864315095794,3.8474127364562596e-10
10000,316.22776601683796,5.897180091851612e-10
10000,398.1071705534973,8.678870226091631e-10
10000,501.1872336272724,1.1848398834807567e-9
10000,630.957344480193,1.4738721425787885e-9
10000,794.3282347242821,1.7073353980055877e-9
10000,1000.000000000001,1.946005081629585e-9
10000,1258.9254117941687,2.315150729395092e-9
10000,1584.8931924611143,2.9718279204058796e-9
10000,1995.2623149688807,4.052224763064377e-9
10000,2511.8864315095825,5.542775444580242e-9
10000,3162.2776601683827,7.290323066015621e-9
10000,3981.0717055349774,9.407184070732772e-9
10000,5011.872336272725,1.2419085412934988e-8
10000,6309.573444801937,1.6719713112230282e-8
10000,7943.282347242822,2.2396455238104376e-8
10000,10000,3.005096476737946e-8
10000,12589.254117941664,4.0586941776403895e-8
10000,15848.93192461111,5.494781396155259e-8
10000,19952.62314968879,7.467464596922214e-8
10000,25118.86431509577,1.014548125669658e-7
10000,31622.776601683792,1.3662953813244603e-7
10000,39810.71705534969,1.7777168663586812e-7
10000,50118.72336272726,2.1214550419960975e-7
10000,63095.734448019306,2.21325107421019e-7
10000,79432.82347242822,2.0442633118521203e-7
10000,100000,1.7280361031383206e-7
10000,125892.54117941688,1.3455168100994259e-7
10000,158489.3192461114,9.542020846534789e-8
10000,199526.2314968879,6.055860607321096e-8
10000,251188.6431509577,3.36920733124127e-8
10000,316227.7660168379,1.6059270346022225e-8
10000,398107.1705534969,6.400379668135529e-9
10000,501187.2336272724,2.082045126324969e-9
10000,630957.344480193,5.414691419405066e-10
10000,794328.2347242823,1.1252917240697662e-10
10000,1000000,2.2022902711795438e-11
100000,10,6.409741206398358e-15
100000,12.589254117941675,9.100764176753724e-15
100000,15.848931924611135,1.2938683692138949e-14
100000,19.952623149688797,1.8425674696224868e-14
100000,25.118864315095795,2.6294211742124708e-14
100000,31.622776601683793,3.7620725137531793e-14
100000,39.810717055349734,5.4001412557617294e-14
100000,50.11872336272722,7.782855935333601e-14
100000,63.09573444801933,1.127322161907767e-13
100000,79.43282347242814,1.642981904251873e-13
100000,100,2.412528866710958e-13
100000,125.89254117941672,3.574377590582602e-13
100000,158.48931924611142,5.350920798063055e-13
100000,199.5262314968879,8.101532491173448e-13
100000,251.18864315095794,1.2400331937331318e-12
100000,316.22776601683796,1.911925444458294e-12
100000,398.1071705534973,2.940345140059847e-12
100000,501.18723362727246,4.420836195857375e-12
100000,630.9573444801929,6.300783183000459e-12
100000,794.3282347242821,8.261642890235993e-12
100000,1000.000000000001,9.921813228949287e-12
100000,1258.9254117941687,1.1293264969060988e-11
100000,1584.893192461114,1.2890073942029074e-11
100000,1995.262314968881,1.5510003643952347e-11
100000,2511.886431509582,2.0030882351571716e-11
100000,3162.2776601683827,2.6990436101515322e-11
100000,3981.0717055349783,3.596620353198316e-11
100000,5011.872336272725,4.630313183055924e-11
100000,6309.573444801936,5.921499368449977e-11
100000,7943.282347242822,7.739470130747947e-11
100000,10000,1.0223010088703685e-10
100000,12589.254117941662,1.3438475478537157e-10
100000,15848.93192461111,1.7697410680900465e-10
100000,19952.62314968879,2.335693541052197e-10
100000,25118.86431509577,3.0836963314054e-10
100000,31622.776601683796,4.0750842223923304e-10
100000,39810.71705534968,5.387604806064888e-10
100000,50118.72336272726,7.127413957600763e-10
100000,63095.734448019306,9.434612555107715e-10
100000,79432.82347242821,1.2497723450539627e-9
100000,100000,1.6574423140051349e-9
100000,125892.54117941689,2.201956733207863e-9
100000,158489.3192461114,2.9331001072200677e-9
100000,199526.2314968879,3.920541944828275e-9
100000,251188.6431509577,5.2605771009080466e-9
100000,316227.7660168379,7.079386893717986e-9
100000,398107.1705534969,9.493637711654248e-9
100000,501187.23362727254,1.2330825971937961e-8
100000,630957.3444801931,1.4418478354539339e-8
100000,794328.2347242822,1.4321316965229593e-8
100000,1000000,1.2521984847868351e-8
1000000,10,2.839450487761942e-17
1000000,12.589254117941675,4.0256322020459544e-17
1000000,15.848931924611135,5.71275403549712e-17
1000000,19.952623149688797,8.116591242421364e-17
1000000,25.118864315095795,1.1549147254123522e-16
1000000,31.622776601683796,1.646410623127171e-16
1000000,39.810717055349734,2.352568388964807e-16
1000000,50.118723362727216,3.371433951476522e-16
1000000,63.095734448019336,4.849153521732612e-16
1000000,79.43282347242814,7.006068703294098e-16
1000000,100,1.017872892200072e-15
1000000,125.89254117941674,1.4888563533137e-15
1000000,158.48931924611142,2.195539041217957e-15
1000000,199.52623149688787,3.2685361275912783e-15
1000000,251.18864315095794,4.917626779919864e-15
1000000,316.22776601683796,7.478093909396615e-15
1000000,398.1071705534973,1.1467789639125916e-14
1000000,501.1872336272724,1.760881395964725e-14
1000000,630.957344480193,2.6653716773403777e-14
1000000,794.3282347242822,3.872818651091216e-14
1000000,1000.0000000000011,5.233751360051421e-14
1000000,1258.9254117941687,6.470696441345659e-14
1000000,1584.893192461114,7.456818438475228e-14
1000000,1995.2623149688807,8.409842366632993e-14
1000000,2511.886431509582,9.793193228476361e-14
1000000,3162.277660168382,1.2167593693852101e-13
1000000,3981.071705534978,1.6011034657517289e-13
1000000,5011.872336272725,2.1336925599452615e-13
1000000,6309.573444801937,2.7646882391865806e-13
1000000,7943.282347242823,3.502004524059339e-13
1000000,10000,4.4800557739555776e-13
1000000,12589.254117941662,5.832815138131227e-13
1000000,15848.93192461111,7.597714345160807e-13
1000000,19952.62314968879,9.872842991083232e-13
1000000,25118.86431509577,1.2860640755454042e-12
1000000,31622.776601683792,1.6757428062984213e-12
1000000,39810.71705534969,2.184956570066399e-12
1000000,50118.72336272726,2.8492120507559483e-12
1000000,63095.734448019306,3.715473870043864e-12
1000000,79432.82347242821,4.844088988909772e-12
1000000,100000,6.3140186875574945e-12
1000000,125892.54117941686,8.22855961419753e-12
1000000,158489.3192461114,1.0722550061698382e-11
1000000,199526.23149688792,1.3973302915208399e-11
1000000,251188.64315095768,1.821386389994823e-11
1000000,316227.76601683797,2.375399735998684e-11
1000000,398107.17055349686,3.100191985674631e-11
1000000,501187.2336272726,4.0501976416794176e-11
1000000,630957.344480193,5.2980148782641786e-11
1000000,794328.2347242822,6.94129033091669e-11
1000000,1000000,9.111679142604962e-11
10000000,10,1.406873634168782e-19
10000000,12.589254117941675,1.992743407490675e-19
10000000,15.848931924611133,2.824592558185213e-19
10000000,19.952623149688794,4.007257399558695e-19
10000000,25.1188643150958,5.691469376125522e-19
10000000,31.622776601683796,8.094885771195753e-19
10000000,39.810717055349734,1.1533474223086526e-18
10000000,50.11872336272722,1.6468881786697637e-18
10000000,63.09573444801932,2.3580859690491908e-18
10000000,79.43282347242815,3.3879602715035303e-18
10000000,100.00000000000001,4.8882725158228364e-18
10000000,125.89254117941675,7.08985303453586e-18
10000000,158.48931924611145,1.0348622155979736e-17
10000000,199.5262314968879,1.5221211878486052e-17
10000000,251.18864315095794,2.2589590407020766e-17
10000000,316.22776601683796,3.3863254033361496e-17
10000000,398.1071705534973,5.128869809946187e-17
10000000,501.18723362727246,7.834684416325142e-17
10000000,630.9573444801931,1.19984730617355e-16
10000000,794.3282347242821,1.8173550949247622e-16
10000000,1000.0000000000011,2.657867164856475e-16
10000000,1258.925411794169,3.639085329565365e-16
10000000,1584.8931924611138,4.568556144537335e-16
10000000,1995.262314968881,5.314907607079981e-16
10000000,2511.886431509582,5.980243430385227e-16
10000000,3162.277660168382,6.862574929020152e-16
10000000,3981.0717055349774,8.344539668104698e-16
10000000,5011.872336272724,1.07861992420405e-15
10000000,6309.573444801936,1.4296918290158416e-15
10000000,7943.282347242822,1.858596818759667e-15
10000000,10000,2.351520616669164e-15
10000000,12589.254117941662,2.978205435899952e-15
10000000,15848.93192461111,3.838716693445027e-15
10000000,19952.62314968879,4.972916126509089e-15
10000000,25118.86431509577,6.421391309775177e-15
10000000,31622.77660168379,8.303472429790092e-15
10000000,39810.71705534969,1.0743798995708729e-14
10000000,50118.72336272724,1.3900644196533845e-14
10000000,63095.73444801929,1.798009705596846e-14
10000000,79432.82347242821,2.324024696817672e-14
10000000,99999.99999999999,3.0015431912802865e-14
10000000,125892.54117941688,3.873325984101562e-14
10000000,158489.31924611138,4.9941150648917543e-14
10000000,199526.23149688792,6.434219678335472e-14
10000000,251188.6431509577,8.284497435415302e-14
10000000,316227.7660168379,1.0662983628429801e-13
10000000,398107.1705534969,1.3723352691814685e-13
10000000,501187.23362727254,1.7666412041864471e-13
10000000,630957.344480193,2.2752203907805037e-13
10000000,794328.2347242822,2.931930505746614e-13
10000000,1000000,3.780738222686872e-13
